{
    "overall": {
        "accuracy": 0.458780423972782,
        "macro avg": {
            "precision": 0.47926132397844057,
            "recall": 0.4223114987322404,
            "f1-score": 0.4016665283093255,
            "support": 3821
        },
        "weighted avg": {
            "precision": 0.6316521630401151,
            "recall": 0.458780423972782,
            "f1-score": 0.4804764644930466,
            "support": 3821
        }
    },
    "per_class": {},
    "Angry": {
        "precision": 0.5247524752475248,
        "recall": 0.12211981566820276,
        "f1-score": 0.19813084112149534,
        "accuracy": 0.12211981566820276,
        "support": 434,
        "tp": 53,
        "fp": 48,
        "fn": 381,
        "tn": 3339
    },
    "Contempt": {
        "precision": 0.0,
        "recall": 0.0,
        "f1-score": 0.0,
        "accuracy": 0.0,
        "support": 0,
        "tp": 0,
        "fp": 314,
        "fn": 0,
        "tn": 3507
    },
    "Disgust": {
        "precision": 0.27013752455795675,
        "recall": 0.6740196078431373,
        "f1-score": 0.3856942496493688,
        "accuracy": 0.6740196078431373,
        "support": 408,
        "tp": 275,
        "fp": 743,
        "fn": 133,
        "tn": 2670
    },
    "Fear": {
        "precision": 0.5765765765765766,
        "recall": 0.4169381107491857,
        "f1-score": 0.4839319470699433,
        "accuracy": 0.4169381107491857,
        "support": 307,
        "tp": 128,
        "fp": 94,
        "fn": 179,
        "tn": 3420
    },
    "Happiness": {
        "precision": 0.9578313253012049,
        "recall": 0.40253164556962023,
        "f1-score": 0.5668449197860962,
        "accuracy": 0.40253164556962023,
        "support": 1185,
        "tp": 477,
        "fp": 21,
        "fn": 708,
        "tn": 2615
    },
    "Neutral": {
        "precision": 0.49911504424778763,
        "recall": 0.4147058823529412,
        "f1-score": 0.4530120481927711,
        "accuracy": 0.4147058823529412,
        "support": 680,
        "tp": 282,
        "fp": 283,
        "fn": 398,
        "tn": 2858
    },
    "Sadness": {
        "precision": 0.6260330578512396,
        "recall": 0.6338912133891214,
        "f1-score": 0.6299376299376299,
        "accuracy": 0.6338912133891214,
        "support": 478,
        "tp": 303,
        "fp": 181,
        "fn": 175,
        "tn": 3162
    },
    "Surprise": {
        "precision": 0.37964458804523427,
        "recall": 0.7142857142857143,
        "f1-score": 0.4957805907172996,
        "accuracy": 0.7142857142857143,
        "support": 329,
        "tp": 235,
        "fp": 384,
        "fn": 94,
        "tn": 3108
    }
}