model_folder,overall_accuracy,top2_overall_accuracy,accuracy_Angry,top2_accuracy_Angry,nll_Angry,accuracy_Contempt,top2_accuracy_Contempt,nll_Contempt,accuracy_Disgust,top2_accuracy_Disgust,nll_Disgust,accuracy_Fear,top2_accuracy_Fear,nll_Fear,accuracy_Happiness,top2_accuracy_Happiness,nll_Happiness,accuracy_Neutral,top2_accuracy_Neutral,nll_Neutral,accuracy_Sadness,top2_accuracy_Sadness,nll_Sadness,accuracy_Surprise,top2_accuracy_Surprise,nll_Surprise
20 Epoch,52.89191311175085,75.29442554305156,33.17972350230415,62.672811059907836,3.1688640533620163,,,,49.01960784313726,63.970588235294116,2.961254848349033,53.74592833876221,73.9413680781759,2.116131629400517,65.9915611814346,88.35443037974683,1.1597025176195672,42.5,68.23529411764706,2.2365348483549337,50.41841004184101,68.41004184100419,2.259456202548414,60.790273556231,84.80243161094225,1.510299975335214
