{
    "Angry": {
        "precision": 0.5925925925925926,
        "recall": 0.3317972350230415,
        "f1-score": 0.4254062038404727,
        "support": 434.0
    },
    "Contempt": {
        "precision": 0.0,
        "recall": 0.0,
        "f1-score": 0.0,
        "support": 0.0
    },
    "Disgust": {
        "precision": 0.34071550255536626,
        "recall": 0.49019607843137253,
        "f1-score": 0.4020100502512563,
        "support": 408.0
    },
    "Fear": {
        "precision": 0.4114713216957606,
        "recall": 0.5374592833876222,
        "f1-score": 0.4661016949152542,
        "support": 307.0
    },
    "Happiness": {
        "precision": 0.8527808069792803,
        "recall": 0.659915611814346,
        "f1-score": 0.7440532825880114,
        "support": 1185.0
    },
    "Neutral": {
        "precision": 0.5216606498194946,
        "recall": 0.425,
        "f1-score": 0.4683954619124797,
        "support": 680.0
    },
    "Sadness": {
        "precision": 0.7215568862275449,
        "recall": 0.50418410041841,
        "f1-score": 0.5935960591133005,
        "support": 478.0
    },
    "Surprise": {
        "precision": 0.4819277108433735,
        "recall": 0.60790273556231,
        "f1-score": 0.5376344086021505,
        "support": 329.0
    },
    "accuracy": 0.5289191311175085,
    "macro avg": {
        "precision": 0.4903381838391766,
        "recall": 0.44455688057963777,
        "f1-score": 0.4546496451528657,
        "support": 3821.0
    },
    "weighted avg": {
        "precision": 0.6258182969432905,
        "recall": 0.5289191311175085,
        "f1-score": 0.5633531284903966,
        "support": 3821.0
    }
}