model_folder,overall_accuracy,top2_overall_accuracy,accuracy_Angry,top2_accuracy_Angry,nll_Angry,accuracy_Contempt,top2_accuracy_Contempt,nll_Contempt,accuracy_Disgust,top2_accuracy_Disgust,nll_Disgust,accuracy_Fear,top2_accuracy_Fear,nll_Fear,accuracy_Happiness,top2_accuracy_Happiness,nll_Happiness,accuracy_Neutral,top2_accuracy_Neutral,nll_Neutral,accuracy_Sadness,top2_accuracy_Sadness,nll_Sadness,accuracy_Surprise,top2_accuracy_Surprise,nll_Surprise
15 Epoch,52.68254383669196,74.1428945302277,30.64516129032258,58.525345622119815,3.3367130499787563,,,,49.26470588235294,62.254901960784316,2.915478306191674,57.65472312703583,75.57003257328991,1.786619381708577,68.52320675105486,89.19831223628692,1.0559940884429746,40.0,63.38235294117647,2.4005402402445135,47.69874476987448,66.10878661087867,2.330298227992841,57.75075987841945,87.8419452887538,1.4266540493175421
