{
    "Angry": {
        "precision": 0.6186046511627907,
        "recall": 0.3064516129032258,
        "f1-score": 0.4098613251155624,
        "support": 434.0
    },
    "Contempt": {
        "precision": 0.0,
        "recall": 0.0,
        "f1-score": 0.0,
        "support": 0.0
    },
    "Disgust": {
        "precision": 0.34956521739130436,
        "recall": 0.49264705882352944,
        "f1-score": 0.40895218718209564,
        "support": 408.0
    },
    "Fear": {
        "precision": 0.37579617834394907,
        "recall": 0.5765472312703583,
        "f1-score": 0.455012853470437,
        "support": 307.0
    },
    "Happiness": {
        "precision": 0.8328205128205128,
        "recall": 0.6852320675105485,
        "f1-score": 0.7518518518518519,
        "support": 1185.0
    },
    "Neutral": {
        "precision": 0.5483870967741935,
        "recall": 0.4,
        "f1-score": 0.46258503401360546,
        "support": 680.0
    },
    "Sadness": {
        "precision": 0.7524752475247525,
        "recall": 0.4769874476987448,
        "f1-score": 0.5838668373879642,
        "support": 478.0
    },
    "Surprise": {
        "precision": 0.4367816091954023,
        "recall": 0.5775075987841946,
        "f1-score": 0.4973821989528796,
        "support": 329.0
    },
    "accuracy": 0.5268254383669196,
    "macro avg": {
        "precision": 0.4893038141516131,
        "recall": 0.4394216271238252,
        "f1-score": 0.44618903599679954,
        "support": 3821.0
    },
    "weighted avg": {
        "precision": 0.6253981432328641,
        "recall": 0.5268254383669196,
        "f1-score": 0.5581393909412493,
        "support": 3821.0
    }
}