model_folder,overall_accuracy,top2_overall_accuracy,accuracy_Angry,top2_accuracy_Angry,nll_Angry,accuracy_Contempt,top2_accuracy_Contempt,nll_Contempt,accuracy_Disgust,top2_accuracy_Disgust,nll_Disgust,accuracy_Fear,top2_accuracy_Fear,nll_Fear,accuracy_Happiness,top2_accuracy_Happiness,nll_Happiness,accuracy_Neutral,top2_accuracy_Neutral,nll_Neutral,accuracy_Sadness,top2_accuracy_Sadness,nll_Sadness,accuracy_Surprise,top2_accuracy_Surprise,nll_Surprise
enet_b0_100M_75W_fine_best_val,62.853470437018,80.33419023136247,69.14893617021276,87.23404255319149,0.8750804837079759,13.793103448275861,47.12643678160919,2.1375386235357703,37.234042553191486,58.51063829787234,1.6754335793567465,66.10169491525424,85.59322033898304,0.9543545998443487,100.0,100.0,0.018789641135428036,46.42857142857143,70.23809523809524,1.2928078781281198,75.43859649122807,91.2280701754386,0.5925249639692258,85.22727272727273,95.45454545454545,0.5397948359393261
