{
    "Angry": {
        "precision": 0.6701030927835051,
        "recall": 0.6914893617021277,
        "f1-score": 0.680628272251309,
        "support": 94.0
    },
    "Disgust": {
        "precision": 0.7142857142857143,
        "recall": 0.3723404255319149,
        "f1-score": 0.48951048951048953,
        "support": 94.0
    },
    "Fear": {
        "precision": 0.7647058823529411,
        "recall": 0.6610169491525424,
        "f1-score": 0.7090909090909091,
        "support": 118.0
    },
    "Happiness": {
        "precision": 0.8761061946902655,
        "recall": 1.0,
        "f1-score": 0.9339622641509434,
        "support": 99.0
    },
    "Neutral": {
        "precision": 0.39,
        "recall": 0.4642857142857143,
        "f1-score": 0.42391304347826086,
        "support": 84.0
    },
    "Sadness": {
        "precision": 0.8514851485148515,
        "recall": 0.7543859649122807,
        "f1-score": 0.8,
        "support": 114.0
    },
    "Surprise": {
        "precision": 0.8152173913043478,
        "recall": 0.8522727272727273,
        "f1-score": 0.8333333333333334,
        "support": 88.0
    },
    "micro avg": {
        "precision": 0.7293577981651376,
        "recall": 0.6903039073806078,
        "f1-score": 0.7092936802973978,
        "support": 691.0
    },
    "macro avg": {
        "precision": 0.7259862034188036,
        "recall": 0.6851130204081868,
        "f1-score": 0.6957769016878921,
        "support": 691.0
    },
    "weighted avg": {
        "precision": 0.7361371817973453,
        "recall": 0.6903039073806078,
        "f1-score": 0.70371934010823,
        "support": 691.0
    },
    "overall_accuracy": 69.03039073806079,
    "per_emotion_accuracy": {
        "Angry": 69.14893617021276,
        "Disgust": 37.234042553191486,
        "Fear": 66.10169491525424,
        "Happiness": 100.0,
        "Neutral": 46.42857142857143,
        "Sadness": 75.43859649122807,
        "Surprise": 85.22727272727273
    }
}