{
    "Angry": {
        "precision": 0.5,
        "recall": 0.6914893617021277,
        "f1-score": 0.5803571428571429,
        "support": 94.0
    },
    "Contempt": {
        "precision": 0.24489795918367346,
        "recall": 0.13793103448275862,
        "f1-score": 0.17647058823529413,
        "support": 87.0
    },
    "Disgust": {
        "precision": 0.6862745098039216,
        "recall": 0.3723404255319149,
        "f1-score": 0.4827586206896552,
        "support": 94.0
    },
    "Fear": {
        "precision": 0.7572815533980582,
        "recall": 0.6610169491525424,
        "f1-score": 0.7058823529411765,
        "support": 118.0
    },
    "Happiness": {
        "precision": 0.8389830508474576,
        "recall": 1.0,
        "f1-score": 0.9124423963133641,
        "support": 99.0
    },
    "Neutral": {
        "precision": 0.3046875,
        "recall": 0.4642857142857143,
        "f1-score": 0.36792452830188677,
        "support": 84.0
    },
    "Sadness": {
        "precision": 0.8037383177570093,
        "recall": 0.7543859649122807,
        "f1-score": 0.7782805429864253,
        "support": 114.0
    },
    "Surprise": {
        "precision": 0.8152173913043478,
        "recall": 0.8522727272727273,
        "f1-score": 0.8333333333333334,
        "support": 88.0
    },
    "accuracy": 0.62853470437018,
    "macro avg": {
        "precision": 0.6188850352868085,
        "recall": 0.6167152721675082,
        "f1-score": 0.6046811882072848,
        "support": 778.0
    },
    "weighted avg": {
        "precision": 0.6352101804170939,
        "recall": 0.62853470437018,
        "f1-score": 0.6193762383587349,
        "support": 778.0
    },
    "overall_accuracy": 62.853470437018,
    "per_emotion_accuracy": {
        "Angry": 69.14893617021276,
        "Contempt": 13.793103448275861,
        "Disgust": 37.234042553191486,
        "Fear": 66.10169491525424,
        "Happiness": 100.0,
        "Neutral": 46.42857142857143,
        "Sadness": 75.43859649122807,
        "Surprise": 85.22727272727273
    }
}