{
    "overall": {
        "accuracy": 0.6903039073806078,
        "macro avg": {
            "precision": 0.7259862034188036,
            "recall": 0.6851130204081868,
            "f1-score": 0.6957769016878921,
            "support": 691
        },
        "weighted avg": {
            "precision": 0.7361371817973453,
            "recall": 0.6903039073806078,
            "f1-score": 0.70371934010823,
            "support": 691
        }
    },
    "Angry": {
        "precision": 0.6701030927835051,
        "recall": 0.6914893617021277,
        "f1-score": 0.6806282722513088,
        "accuracy": 0.6914893617021277,
        "support": 94,
        "True Positives": 65,
        "False Positives": 32,
        "False Negatives": 29,
        "True Negatives": 565
    },
    "Disgust": {
        "precision": 0.7142857142857143,
        "recall": 0.3723404255319149,
        "f1-score": 0.48951048951048953,
        "accuracy": 0.3723404255319149,
        "support": 94,
        "True Positives": 35,
        "False Positives": 14,
        "False Negatives": 59,
        "True Negatives": 583
    },
    "Fear": {
        "precision": 0.7647058823529411,
        "recall": 0.6610169491525424,
        "f1-score": 0.7090909090909091,
        "accuracy": 0.6610169491525424,
        "support": 118,
        "True Positives": 78,
        "False Positives": 24,
        "False Negatives": 40,
        "True Negatives": 549
    },
    "Happiness": {
        "precision": 0.8761061946902655,
        "recall": 1.0,
        "f1-score": 0.9339622641509434,
        "accuracy": 1.0,
        "support": 99,
        "True Positives": 99,
        "False Positives": 14,
        "False Negatives": 0,
        "True Negatives": 578
    },
    "Neutral": {
        "precision": 0.39,
        "recall": 0.4642857142857143,
        "f1-score": 0.42391304347826086,
        "accuracy": 0.4642857142857143,
        "support": 84,
        "True Positives": 39,
        "False Positives": 61,
        "False Negatives": 45,
        "True Negatives": 546
    },
    "Sadness": {
        "precision": 0.8514851485148515,
        "recall": 0.7543859649122807,
        "f1-score": 0.8,
        "accuracy": 0.7543859649122807,
        "support": 114,
        "True Positives": 86,
        "False Positives": 15,
        "False Negatives": 28,
        "True Negatives": 562
    },
    "Surprise": {
        "precision": 0.8152173913043478,
        "recall": 0.8522727272727273,
        "f1-score": 0.8333333333333333,
        "accuracy": 0.8522727272727273,
        "support": 88,
        "True Positives": 75,
        "False Positives": 17,
        "False Negatives": 13,
        "True Negatives": 586
    }
}