model_folder,overall_accuracy,top2_overall_accuracy,accuracy_Angry,top2_accuracy_Angry,nll_Angry,accuracy_Contempt,top2_accuracy_Contempt,nll_Contempt,accuracy_Disgust,top2_accuracy_Disgust,nll_Disgust,accuracy_Fear,top2_accuracy_Fear,nll_Fear,accuracy_Happiness,top2_accuracy_Happiness,nll_Happiness,accuracy_Neutral,top2_accuracy_Neutral,nll_Neutral,accuracy_Sadness,top2_accuracy_Sadness,nll_Sadness,accuracy_Surprise,top2_accuracy_Surprise,nll_Surprise
Epoch 10,95.88688946015424,99.3573264781491,93.61702127659575,100.0,0.1905338067840208,90.80459770114942,98.85057471264368,0.41455646037825394,96.80851063829788,98.93617021276596,0.12005198575927882,95.76271186440678,100.0,0.16469622362539088,100.0,100.0,0.0025252178825068746,96.42857142857143,98.80952380952381,0.08099021392360496,95.6140350877193,98.24561403508773,0.191682163432626,97.72727272727273,100.0,0.07436876984838971
