{
    "Angry": {
        "precision": 0.9166666666666666,
        "recall": 0.9361702127659575,
        "f1-score": 0.9263157894736842,
        "support": 94.0
    },
    "Contempt": {
        "precision": 0.9080459770114943,
        "recall": 0.9080459770114943,
        "f1-score": 0.9080459770114943,
        "support": 87.0
    },
    "Disgust": {
        "precision": 0.9578947368421052,
        "recall": 0.9680851063829787,
        "f1-score": 0.9629629629629629,
        "support": 94.0
    },
    "Fear": {
        "precision": 0.9826086956521739,
        "recall": 0.9576271186440678,
        "f1-score": 0.9699570815450643,
        "support": 118.0
    },
    "Happiness": {
        "precision": 0.99,
        "recall": 1.0,
        "f1-score": 0.9949748743718593,
        "support": 99.0
    },
    "Neutral": {
        "precision": 0.9878048780487805,
        "recall": 0.9642857142857143,
        "f1-score": 0.9759036144578314,
        "support": 84.0
    },
    "Sadness": {
        "precision": 0.9732142857142857,
        "recall": 0.956140350877193,
        "f1-score": 0.9646017699115044,
        "support": 114.0
    },
    "Surprise": {
        "precision": 0.945054945054945,
        "recall": 0.9772727272727273,
        "f1-score": 0.9608938547486033,
        "support": 88.0
    },
    "accuracy": 0.9588688946015425,
    "macro avg": {
        "precision": 0.9576612731238063,
        "recall": 0.9584534009050166,
        "f1-score": 0.9579569905603755,
        "support": 778.0
    },
    "weighted avg": {
        "precision": 0.9591946934564812,
        "recall": 0.9588688946015425,
        "f1-score": 0.9589316394812635,
        "support": 778.0
    }
}