model_folder,overall_accuracy,top2_overall_accuracy,accuracy_Angry,top2_accuracy_Angry,nll_Angry,accuracy_Contempt,top2_accuracy_Contempt,nll_Contempt,accuracy_Disgust,top2_accuracy_Disgust,nll_Disgust,accuracy_Fear,top2_accuracy_Fear,nll_Fear,accuracy_Happiness,top2_accuracy_Happiness,nll_Happiness,accuracy_Neutral,top2_accuracy_Neutral,nll_Neutral,accuracy_Sadness,top2_accuracy_Sadness,nll_Sadness,accuracy_Surprise,top2_accuracy_Surprise,nll_Surprise
50,66.47474483119602,85.13478147081916,54.3778801843318,85.71428571428571,1.1152758820010307,,,,58.8235294117647,72.30392156862744,1.3018693851361818,51.465798045602604,70.68403908794788,1.3478771960575147,79.15611814345992,92.40506329113924,0.5879694222716306,62.5,86.17647058823529,1.0710401394897524,69.24686192468619,85.35564853556485,0.8729376024863718,64.43768996960486,85.1063829787234,1.0204924833267293
