{
    "Angry": {
        "precision": 0.5247524752475248,
        "recall": 0.12211981566820276,
        "f1-score": 0.19813084112149532,
        "support": 434.0
    },
    "Contempt": {
        "precision": 0.0,
        "recall": 0.0,
        "f1-score": 0.0,
        "support": 0.0
    },
    "Disgust": {
        "precision": 0.27013752455795675,
        "recall": 0.6740196078431373,
        "f1-score": 0.3856942496493689,
        "support": 408.0
    },
    "Fear": {
        "precision": 0.5765765765765766,
        "recall": 0.4169381107491857,
        "f1-score": 0.4839319470699433,
        "support": 307.0
    },
    "Happiness": {
        "precision": 0.9578313253012049,
        "recall": 0.40253164556962023,
        "f1-score": 0.5668449197860963,
        "support": 1185.0
    },
    "Neutral": {
        "precision": 0.49911504424778763,
        "recall": 0.4147058823529412,
        "f1-score": 0.4530120481927711,
        "support": 680.0
    },
    "Sadness": {
        "precision": 0.6260330578512396,
        "recall": 0.6338912133891214,
        "f1-score": 0.6299376299376299,
        "support": 478.0
    },
    "Surprise": {
        "precision": 0.37964458804523427,
        "recall": 0.7142857142857143,
        "f1-score": 0.4957805907172996,
        "support": 329.0
    },
    "accuracy": 0.458780423972782,
    "macro avg": {
        "precision": 0.47926132397844057,
        "recall": 0.4223114987322404,
        "f1-score": 0.4016665283093255,
        "support": 3821.0
    },
    "weighted avg": {
        "precision": 0.6316521630401151,
        "recall": 0.458780423972782,
        "f1-score": 0.48047646449304665,
        "support": 3821.0
    }
}