{
    "Angry": {
        "precision": 0.6465863453815262,
        "recall": 0.3709677419354839,
        "f1-score": 0.47144948755490484,
        "support": 434.0
    },
    "Contempt": {
        "precision": 0.0,
        "recall": 0.0,
        "f1-score": 0.0,
        "support": 0.0
    },
    "Disgust": {
        "precision": 0.35665294924554186,
        "recall": 0.6372549019607843,
        "f1-score": 0.4573438874230431,
        "support": 408.0
    },
    "Fear": {
        "precision": 0.476038338658147,
        "recall": 0.48534201954397393,
        "f1-score": 0.4806451612903226,
        "support": 307.0
    },
    "Happiness": {
        "precision": 0.9011494252873563,
        "recall": 0.6616033755274262,
        "f1-score": 0.7630170316301703,
        "support": 1185.0
    },
    "Neutral": {
        "precision": 0.596551724137931,
        "recall": 0.5088235294117647,
        "f1-score": 0.5492063492063493,
        "support": 680.0
    },
    "Sadness": {
        "precision": 0.7071240105540897,
        "recall": 0.5606694560669456,
        "f1-score": 0.6254375729288215,
        "support": 478.0
    },
    "Surprise": {
        "precision": 0.4579831932773109,
        "recall": 0.662613981762918,
        "f1-score": 0.5416149068322982,
        "support": 329.0
    },
    "accuracy": 0.5721015440984035,
    "macro avg": {
        "precision": 0.5177607483177379,
        "recall": 0.48590937577616206,
        "f1-score": 0.48608929960823877,
        "support": 3821.0
    },
    "weighted avg": {
        "precision": 0.6633016582486823,
        "recall": 0.5721015440984035,
        "f1-score": 0.600248472214978,
        "support": 3821.0
    },
    "overall_accuracy": 57.21015440984036,
    "per_emotion_accuracy": {
        "Angry": 37.096774193548384,
        "Contempt": NaN,
        "Disgust": 63.72549019607843,
        "Fear": 48.534201954397396,
        "Happiness": 66.16033755274262,
        "Neutral": 50.88235294117647,
        "Sadness": 56.06694560669456,
        "Surprise": 66.26139817629179
    }
}