{
    "Angry": {
        "precision": 0.7268518518518519,
        "recall": 0.3617511520737327,
        "f1-score": 0.48307692307692307,
        "support": 434.0
    },
    "Contempt": {
        "precision": 0.0,
        "recall": 0.0,
        "f1-score": 0.0,
        "support": 0.0
    },
    "Disgust": {
        "precision": 0.3825301204819277,
        "recall": 0.6225490196078431,
        "f1-score": 0.47388059701492535,
        "support": 408.0
    },
    "Fear": {
        "precision": 0.5962264150943396,
        "recall": 0.5146579804560261,
        "f1-score": 0.5524475524475524,
        "support": 307.0
    },
    "Happiness": {
        "precision": 0.8986693961105425,
        "recall": 0.7409282700421941,
        "f1-score": 0.8122109158186864,
        "support": 1185.0
    },
    "Neutral": {
        "precision": 0.7047308319738989,
        "recall": 0.6352941176470588,
        "f1-score": 0.6682134570765661,
        "support": 680.0
    },
    "Sadness": {
        "precision": 0.6983805668016194,
        "recall": 0.7217573221757322,
        "f1-score": 0.7098765432098766,
        "support": 478.0
    },
    "Surprise": {
        "precision": 0.5819209039548022,
        "recall": 0.6261398176291794,
        "f1-score": 0.6032210834553441,
        "support": 329.0
    },
    "accuracy": 0.6359591729913635,
    "macro avg": {
        "precision": 0.5736637607836228,
        "recall": 0.5278847099539709,
        "f1-score": 0.5378658840124843,
        "support": 3821.0
    },
    "weighted avg": {
        "precision": 0.7128986105102958,
        "recall": 0.6359591729913635,
        "f1-score": 0.6614069293292882,
        "support": 3821.0
    }
}