{
    "Angry": {
        "precision": 0.9529411764705882,
        "recall": 0.8617021276595744,
        "f1-score": 0.9050279329608939,
        "support": 94.0
    },
    "Disgust": {
        "precision": 0.9069767441860465,
        "recall": 0.8297872340425532,
        "f1-score": 0.8666666666666667,
        "support": 94.0
    },
    "Fear": {
        "precision": 0.9217391304347826,
        "recall": 0.8983050847457628,
        "f1-score": 0.9098712446351931,
        "support": 118.0
    },
    "Happiness": {
        "precision": 1.0,
        "recall": 0.9797979797979798,
        "f1-score": 0.9897959183673469,
        "support": 99.0
    },
    "Neutral": {
        "precision": 0.9540229885057471,
        "recall": 0.9880952380952381,
        "f1-score": 0.9707602339181286,
        "support": 84.0
    },
    "Sadness": {
        "precision": 0.8916666666666667,
        "recall": 0.9385964912280702,
        "f1-score": 0.9145299145299145,
        "support": 114.0
    },
    "Surprise": {
        "precision": 0.9021739130434783,
        "recall": 0.9431818181818182,
        "f1-score": 0.9222222222222223,
        "support": 88.0
    },
    "micro avg": {
        "precision": 0.9310850439882697,
        "recall": 0.918958031837916,
        "f1-score": 0.9249817916970139,
        "support": 691.0
    },
    "macro avg": {
        "precision": 0.9327886599010442,
        "recall": 0.9199237105358566,
        "f1-score": 0.9255534476143381,
        "support": 691.0
    },
    "weighted avg": {
        "precision": 0.9316595330178536,
        "recall": 0.918958031837916,
        "f1-score": 0.9245292628240224,
        "support": 691.0
    },
    "overall_accuracy": 91.8958031837916,
    "per_emotion_accuracy": {
        "Angry": 86.17021276595744,
        "Disgust": 82.97872340425532,
        "Fear": 89.83050847457628,
        "Happiness": 97.97979797979798,
        "Neutral": 98.80952380952381,
        "Sadness": 93.85964912280701,
        "Surprise": 94.31818181818181
    }
}