{
    "overall": {
        "accuracy": 0.918958031837916,
        "macro avg": {
            "precision": 0.9327886599010442,
            "recall": 0.9199237105358566,
            "f1-score": 0.9255534476143381,
            "support": 691
        },
        "weighted avg": {
            "precision": 0.9316595330178536,
            "recall": 0.918958031837916,
            "f1-score": 0.9245292628240224,
            "support": 691
        }
    },
    "per_class": {},
    "Angry": {
        "precision": 0.9529411764705882,
        "recall": 0.8617021276595744,
        "f1-score": 0.9050279329608938,
        "accuracy": 0.8617021276595744,
        "support": 94,
        "tp": 81,
        "fp": 4,
        "fn": 13,
        "tn": 593
    },
    "Disgust": {
        "precision": 0.9069767441860465,
        "recall": 0.8297872340425532,
        "f1-score": 0.8666666666666666,
        "accuracy": 0.8297872340425532,
        "support": 94,
        "tp": 78,
        "fp": 8,
        "fn": 16,
        "tn": 589
    },
    "Fear": {
        "precision": 0.9217391304347826,
        "recall": 0.8983050847457628,
        "f1-score": 0.9098712446351932,
        "accuracy": 0.8983050847457628,
        "support": 118,
        "tp": 106,
        "fp": 9,
        "fn": 12,
        "tn": 564
    },
    "Happiness": {
        "precision": 1.0,
        "recall": 0.9797979797979798,
        "f1-score": 0.989795918367347,
        "accuracy": 0.9797979797979798,
        "support": 99,
        "tp": 97,
        "fp": 0,
        "fn": 2,
        "tn": 592
    },
    "Neutral": {
        "precision": 0.9540229885057471,
        "recall": 0.9880952380952381,
        "f1-score": 0.9707602339181286,
        "accuracy": 0.9880952380952381,
        "support": 84,
        "tp": 83,
        "fp": 4,
        "fn": 1,
        "tn": 603
    },
    "Sadness": {
        "precision": 0.8916666666666667,
        "recall": 0.9385964912280702,
        "f1-score": 0.9145299145299146,
        "accuracy": 0.9385964912280702,
        "support": 114,
        "tp": 107,
        "fp": 13,
        "fn": 7,
        "tn": 564
    },
    "Surprise": {
        "precision": 0.9021739130434783,
        "recall": 0.9431818181818182,
        "f1-score": 0.9222222222222224,
        "accuracy": 0.9431818181818182,
        "support": 88,
        "tp": 83,
        "fp": 9,
        "fn": 5,
        "tn": 594
    }
}