model_folder,overall_accuracy,top2_overall_accuracy,accuracy_Angry,top2_accuracy_Angry,nll_Angry,accuracy_Contempt,top2_accuracy_Contempt,nll_Contempt,accuracy_Disgust,top2_accuracy_Disgust,nll_Disgust,accuracy_Fear,top2_accuracy_Fear,nll_Fear,accuracy_Happiness,top2_accuracy_Happiness,nll_Happiness,accuracy_Neutral,top2_accuracy_Neutral,nll_Neutral,accuracy_Sadness,top2_accuracy_Sadness,nll_Sadness,accuracy_Surprise,top2_accuracy_Surprise,nll_Surprise
enet_b0_100M_100W_fine_epoch25,83.16195372750643,94.98714652956298,76.59574468085107,97.87234042553192,0.7198948206261118,68.96551724137932,91.95402298850574,0.8633625068883787,71.27659574468085,85.1063829787234,0.7758878129930731,79.66101694915254,94.91525423728814,0.5212782705991955,98.98989898989899,100.0,0.05822265667842598,92.85714285714286,100.0,0.35221596425842666,90.35087719298245,92.98245614035088,0.36572765541088875,85.22727272727273,97.72727272727273,0.3785391619365493
