{
    "Angry": {
        "precision": 0.8470588235294118,
        "recall": 0.7659574468085106,
        "f1-score": 0.8044692737430168,
        "support": 94.0
    },
    "Disgust": {
        "precision": 0.7976190476190477,
        "recall": 0.7127659574468085,
        "f1-score": 0.7528089887640449,
        "support": 94.0
    },
    "Fear": {
        "precision": 0.8245614035087719,
        "recall": 0.7966101694915254,
        "f1-score": 0.8103448275862069,
        "support": 118.0
    },
    "Happiness": {
        "precision": 0.98,
        "recall": 0.98989898989899,
        "f1-score": 0.9849246231155779,
        "support": 99.0
    },
    "Neutral": {
        "precision": 0.8764044943820225,
        "recall": 0.9285714285714286,
        "f1-score": 0.9017341040462428,
        "support": 84.0
    },
    "Sadness": {
        "precision": 0.8879310344827587,
        "recall": 0.9035087719298246,
        "f1-score": 0.8956521739130435,
        "support": 114.0
    },
    "Surprise": {
        "precision": 0.8522727272727273,
        "recall": 0.8522727272727273,
        "f1-score": 0.8522727272727273,
        "support": 88.0
    },
    "micro avg": {
        "precision": 0.8683431952662722,
        "recall": 0.849493487698987,
        "f1-score": 0.858814923189466,
        "support": 691.0
    },
    "macro avg": {
        "precision": 0.8665496472563915,
        "recall": 0.849940784488545,
        "f1-score": 0.8574581026344086,
        "support": 691.0
    },
    "weighted avg": {
        "precision": 0.8665124181781688,
        "recall": 0.849493487698987,
        "f1-score": 0.8572538300799564,
        "support": 691.0
    },
    "overall_accuracy": 84.94934876989869,
    "per_emotion_accuracy": {
        "Angry": 76.59574468085107,
        "Disgust": 71.27659574468085,
        "Fear": 79.66101694915254,
        "Happiness": 98.98989898989899,
        "Neutral": 92.85714285714286,
        "Sadness": 90.35087719298245,
        "Surprise": 85.22727272727273
    }
}