{
    "overall": {
        "accuracy": 0.8316195372750642,
        "macro avg": {
            "precision": 0.8295375112536476,
            "recall": 0.829905082979201,
            "f1-score": 0.8285860647574115,
            "support": 778
        },
        "weighted avg": {
            "precision": 0.8305628573292589,
            "recall": 0.8316195372750642,
            "f1-score": 0.8300427104313712,
            "support": 778
        }
    },
    "Angry": {
        "precision": 0.7272727272727273,
        "recall": 0.7659574468085106,
        "f1-score": 0.7461139896373057,
        "accuracy": 0.7659574468085106,
        "support": 94,
        "True Positives": 72,
        "False Positives": 27,
        "False Negatives": 22,
        "True Negatives": 657
    },
    "Contempt": {
        "precision": 0.8,
        "recall": 0.6896551724137931,
        "f1-score": 0.7407407407407408,
        "accuracy": 0.6896551724137931,
        "support": 87,
        "True Positives": 60,
        "False Positives": 15,
        "False Negatives": 27,
        "True Negatives": 676
    },
    "Disgust": {
        "precision": 0.7790697674418605,
        "recall": 0.7127659574468085,
        "f1-score": 0.7444444444444445,
        "accuracy": 0.7127659574468085,
        "support": 94,
        "True Positives": 67,
        "False Positives": 19,
        "False Negatives": 27,
        "True Negatives": 665
    },
    "Fear": {
        "precision": 0.8103448275862069,
        "recall": 0.7966101694915254,
        "f1-score": 0.8034188034188032,
        "accuracy": 0.7966101694915254,
        "support": 118,
        "True Positives": 94,
        "False Positives": 22,
        "False Negatives": 24,
        "True Negatives": 638
    },
    "Happiness": {
        "precision": 0.9702970297029703,
        "recall": 0.98989898989899,
        "f1-score": 0.98,
        "accuracy": 0.98989898989899,
        "support": 99,
        "True Positives": 98,
        "False Positives": 3,
        "False Negatives": 1,
        "True Negatives": 676
    },
    "Neutral": {
        "precision": 0.8387096774193549,
        "recall": 0.9285714285714286,
        "f1-score": 0.8813559322033899,
        "accuracy": 0.9285714285714286,
        "support": 84,
        "True Positives": 78,
        "False Positives": 15,
        "False Negatives": 6,
        "True Negatives": 679
    },
    "Sadness": {
        "precision": 0.8583333333333333,
        "recall": 0.9035087719298246,
        "f1-score": 0.8803418803418803,
        "accuracy": 0.9035087719298246,
        "support": 114,
        "True Positives": 103,
        "False Positives": 17,
        "False Negatives": 11,
        "True Negatives": 647
    },
    "Surprise": {
        "precision": 0.8522727272727273,
        "recall": 0.8522727272727273,
        "f1-score": 0.8522727272727273,
        "accuracy": 0.8522727272727273,
        "support": 88,
        "True Positives": 75,
        "False Positives": 13,
        "False Negatives": 13,
        "True Negatives": 677
    }
}