{
    "overall": {
        "accuracy": 0.849493487698987,
        "macro avg": {
            "precision": 0.8665496472563915,
            "recall": 0.849940784488545,
            "f1-score": 0.8574581026344086,
            "support": 691
        },
        "weighted avg": {
            "precision": 0.8665124181781688,
            "recall": 0.849493487698987,
            "f1-score": 0.8572538300799564,
            "support": 691
        }
    },
    "Angry": {
        "precision": 0.8470588235294118,
        "recall": 0.7659574468085106,
        "f1-score": 0.8044692737430168,
        "accuracy": 0.7659574468085106,
        "support": 94,
        "True Positives": 72,
        "False Positives": 13,
        "False Negatives": 22,
        "True Negatives": 584
    },
    "Disgust": {
        "precision": 0.7976190476190477,
        "recall": 0.7127659574468085,
        "f1-score": 0.7528089887640449,
        "accuracy": 0.7127659574468085,
        "support": 94,
        "True Positives": 67,
        "False Positives": 17,
        "False Negatives": 27,
        "True Negatives": 580
    },
    "Fear": {
        "precision": 0.8245614035087719,
        "recall": 0.7966101694915254,
        "f1-score": 0.8103448275862069,
        "accuracy": 0.7966101694915254,
        "support": 118,
        "True Positives": 94,
        "False Positives": 20,
        "False Negatives": 24,
        "True Negatives": 553
    },
    "Happiness": {
        "precision": 0.98,
        "recall": 0.98989898989899,
        "f1-score": 0.9849246231155778,
        "accuracy": 0.98989898989899,
        "support": 99,
        "True Positives": 98,
        "False Positives": 2,
        "False Negatives": 1,
        "True Negatives": 590
    },
    "Neutral": {
        "precision": 0.8764044943820225,
        "recall": 0.9285714285714286,
        "f1-score": 0.9017341040462428,
        "accuracy": 0.9285714285714286,
        "support": 84,
        "True Positives": 78,
        "False Positives": 11,
        "False Negatives": 6,
        "True Negatives": 596
    },
    "Sadness": {
        "precision": 0.8879310344827587,
        "recall": 0.9035087719298246,
        "f1-score": 0.8956521739130435,
        "accuracy": 0.9035087719298246,
        "support": 114,
        "True Positives": 103,
        "False Positives": 13,
        "False Negatives": 11,
        "True Negatives": 564
    },
    "Surprise": {
        "precision": 0.8522727272727273,
        "recall": 0.8522727272727273,
        "f1-score": 0.8522727272727273,
        "accuracy": 0.8522727272727273,
        "support": 88,
        "True Positives": 75,
        "False Positives": 13,
        "False Negatives": 13,
        "True Negatives": 590
    }
}