{
    "Angry": {
        "precision": 0.7272727272727273,
        "recall": 0.7659574468085106,
        "f1-score": 0.7461139896373057,
        "support": 94.0
    },
    "Contempt": {
        "precision": 0.8,
        "recall": 0.6896551724137931,
        "f1-score": 0.7407407407407407,
        "support": 87.0
    },
    "Disgust": {
        "precision": 0.7790697674418605,
        "recall": 0.7127659574468085,
        "f1-score": 0.7444444444444445,
        "support": 94.0
    },
    "Fear": {
        "precision": 0.8103448275862069,
        "recall": 0.7966101694915254,
        "f1-score": 0.8034188034188035,
        "support": 118.0
    },
    "Happiness": {
        "precision": 0.9702970297029703,
        "recall": 0.98989898989899,
        "f1-score": 0.98,
        "support": 99.0
    },
    "Neutral": {
        "precision": 0.8387096774193549,
        "recall": 0.9285714285714286,
        "f1-score": 0.8813559322033898,
        "support": 84.0
    },
    "Sadness": {
        "precision": 0.8583333333333333,
        "recall": 0.9035087719298246,
        "f1-score": 0.8803418803418803,
        "support": 114.0
    },
    "Surprise": {
        "precision": 0.8522727272727273,
        "recall": 0.8522727272727273,
        "f1-score": 0.8522727272727273,
        "support": 88.0
    },
    "accuracy": 0.8316195372750642,
    "macro avg": {
        "precision": 0.8295375112536476,
        "recall": 0.829905082979201,
        "f1-score": 0.8285860647574115,
        "support": 778.0
    },
    "weighted avg": {
        "precision": 0.8305628573292589,
        "recall": 0.8316195372750642,
        "f1-score": 0.8300427104313712,
        "support": 778.0
    },
    "overall_accuracy": 83.16195372750643,
    "per_emotion_accuracy": {
        "Angry": 76.59574468085107,
        "Contempt": 68.96551724137932,
        "Disgust": 71.27659574468085,
        "Fear": 79.66101694915254,
        "Happiness": 98.98989898989899,
        "Neutral": 92.85714285714286,
        "Sadness": 90.35087719298245,
        "Surprise": 85.22727272727273
    }
}