model_folder,overall_accuracy,top2_overall_accuracy,accuracy_Angry,top2_accuracy_Angry,nll_Angry,accuracy_Contempt,top2_accuracy_Contempt,nll_Contempt,accuracy_Disgust,top2_accuracy_Disgust,nll_Disgust,accuracy_Fear,top2_accuracy_Fear,nll_Fear,accuracy_Happiness,top2_accuracy_Happiness,nll_Happiness,accuracy_Neutral,top2_accuracy_Neutral,nll_Neutral,accuracy_Sadness,top2_accuracy_Sadness,nll_Sadness,accuracy_Surprise,top2_accuracy_Surprise,nll_Surprise
enet_b0_100M_25W_finetuned_best,88.30334190231362,97.04370179948586,84.04255319148936,100.0,0.3831109066637471,73.5632183908046,90.80459770114942,0.7369800146037563,91.48936170212765,96.80851063829788,0.31712879021800655,90.67796610169492,99.15254237288136,0.22449780400828614,98.98989898989899,100.0,0.016383690479594346,97.61904761904762,100.0,0.125509368096876,84.21052631578948,92.10526315789474,0.4159302577468646,85.22727272727273,97.72727272727273,0.2647595408383164
