{
    "overall": {
        "accuracy": 0.8830334190231363,
        "macro avg": {
            "precision": 0.8895017952760428,
            "recall": 0.8822748062976566,
            "f1-score": 0.8826805700762771,
            "support": 778
        },
        "weighted avg": {
            "precision": 0.890251546188396,
            "recall": 0.8830334190231363,
            "f1-score": 0.8835504290978872,
            "support": 778
        }
    },
    "per_class": {},
    "Angry": {
        "precision": 0.79,
        "recall": 0.8404255319148937,
        "f1-score": 0.8144329896907218,
        "accuracy": 0.8404255319148937,
        "support": 94,
        "tp": 79,
        "fp": 21,
        "fn": 15,
        "tn": 663
    },
    "Contempt": {
        "precision": 0.9142857142857143,
        "recall": 0.735632183908046,
        "f1-score": 0.8152866242038218,
        "accuracy": 0.735632183908046,
        "support": 87,
        "tp": 64,
        "fp": 6,
        "fn": 23,
        "tn": 685
    },
    "Disgust": {
        "precision": 0.7288135593220338,
        "recall": 0.9148936170212766,
        "f1-score": 0.8113207547169811,
        "accuracy": 0.9148936170212766,
        "support": 94,
        "tp": 86,
        "fp": 32,
        "fn": 8,
        "tn": 652
    },
    "Fear": {
        "precision": 0.8842975206611571,
        "recall": 0.9067796610169492,
        "f1-score": 0.895397489539749,
        "accuracy": 0.9067796610169492,
        "support": 118,
        "tp": 107,
        "fp": 14,
        "fn": 11,
        "tn": 646
    },
    "Happiness": {
        "precision": 0.98,
        "recall": 0.98989898989899,
        "f1-score": 0.9849246231155778,
        "accuracy": 0.98989898989899,
        "support": 99,
        "tp": 98,
        "fp": 2,
        "fn": 1,
        "tn": 677
    },
    "Neutral": {
        "precision": 0.9534883720930233,
        "recall": 0.9761904761904762,
        "f1-score": 0.9647058823529412,
        "accuracy": 0.9761904761904762,
        "support": 84,
        "tp": 82,
        "fp": 4,
        "fn": 2,
        "tn": 690
    },
    "Sadness": {
        "precision": 0.9504950495049505,
        "recall": 0.8421052631578947,
        "f1-score": 0.8930232558139534,
        "accuracy": 0.8421052631578947,
        "support": 114,
        "tp": 96,
        "fp": 5,
        "fn": 18,
        "tn": 659
    },
    "Surprise": {
        "precision": 0.9146341463414634,
        "recall": 0.8522727272727273,
        "f1-score": 0.8823529411764706,
        "accuracy": 0.8522727272727273,
        "support": 88,
        "tp": 75,
        "fp": 7,
        "fn": 13,
        "tn": 683
    }
}