{
    "Angry": {
        "precision": 0.84375,
        "recall": 0.8617021276595744,
        "f1-score": 0.8526315789473684,
        "support": 94.0
    },
    "Contempt": {
        "precision": 0.935064935064935,
        "recall": 0.8275862068965517,
        "f1-score": 0.8780487804878049,
        "support": 87.0
    },
    "Disgust": {
        "precision": 0.88,
        "recall": 0.9361702127659575,
        "f1-score": 0.9072164948453608,
        "support": 94.0
    },
    "Fear": {
        "precision": 0.9649122807017544,
        "recall": 0.9322033898305084,
        "f1-score": 0.9482758620689655,
        "support": 118.0
    },
    "Happiness": {
        "precision": 0.98989898989899,
        "recall": 0.98989898989899,
        "f1-score": 0.98989898989899,
        "support": 99.0
    },
    "Neutral": {
        "precision": 0.9529411764705882,
        "recall": 0.9642857142857143,
        "f1-score": 0.9585798816568047,
        "support": 84.0
    },
    "Sadness": {
        "precision": 0.9391304347826087,
        "recall": 0.9473684210526315,
        "f1-score": 0.9432314410480349,
        "support": 114.0
    },
    "Surprise": {
        "precision": 0.9347826086956522,
        "recall": 0.9772727272727273,
        "f1-score": 0.9555555555555556,
        "support": 88.0
    },
    "accuracy": 0.9305912596401028,
    "macro avg": {
        "precision": 0.9300600532018161,
        "recall": 0.929560973707832,
        "f1-score": 0.9291798230636106,
        "support": 778.0
    },
    "weighted avg": {
        "precision": 0.9313773733000263,
        "recall": 0.9305912596401028,
        "f1-score": 0.9303990974172622,
        "support": 778.0
    },
    "overall_accuracy": 93.05912596401028,
    "per_emotion_accuracy": {
        "Angry": 86.17021276595744,
        "Contempt": 82.75862068965517,
        "Disgust": 93.61702127659575,
        "Fear": 93.22033898305085,
        "Happiness": 98.98989898989899,
        "Neutral": 96.42857142857143,
        "Sadness": 94.73684210526316,
        "Surprise": 97.72727272727273
    }
}