{
    "overall": {
        "accuracy": 0.9435600578871202,
        "macro avg": {
            "precision": 0.9502855800212536,
            "recall": 0.9441287975380149,
            "f1-score": 0.9467498909184132,
            "support": 691
        },
        "weighted avg": {
            "precision": 0.9510023354433537,
            "recall": 0.9435600578871202,
            "f1-score": 0.9468400126369647,
            "support": 691
        }
    },
    "per_class": {},
    "Angry": {
        "precision": 0.9418604651162791,
        "recall": 0.8617021276595744,
        "f1-score": 0.8999999999999999,
        "accuracy": 0.8617021276595744,
        "support": 94,
        "tp": 81,
        "fp": 5,
        "fn": 13,
        "tn": 592
    },
    "Disgust": {
        "precision": 0.8888888888888888,
        "recall": 0.9361702127659575,
        "f1-score": 0.9119170984455959,
        "accuracy": 0.9361702127659575,
        "support": 94,
        "tp": 88,
        "fp": 11,
        "fn": 6,
        "tn": 586
    },
    "Fear": {
        "precision": 0.9649122807017544,
        "recall": 0.9322033898305084,
        "f1-score": 0.9482758620689654,
        "accuracy": 0.9322033898305084,
        "support": 118,
        "tp": 110,
        "fp": 4,
        "fn": 8,
        "tn": 569
    },
    "Happiness": {
        "precision": 0.98989898989899,
        "recall": 0.98989898989899,
        "f1-score": 0.98989898989899,
        "accuracy": 0.98989898989899,
        "support": 99,
        "tp": 98,
        "fp": 1,
        "fn": 1,
        "tn": 591
    },
    "Neutral": {
        "precision": 0.9759036144578314,
        "recall": 0.9642857142857143,
        "f1-score": 0.970059880239521,
        "accuracy": 0.9642857142857143,
        "support": 84,
        "tp": 81,
        "fp": 2,
        "fn": 3,
        "tn": 605
    },
    "Sadness": {
        "precision": 0.9557522123893806,
        "recall": 0.9473684210526315,
        "f1-score": 0.9515418502202644,
        "accuracy": 0.9473684210526315,
        "support": 114,
        "tp": 108,
        "fp": 5,
        "fn": 6,
        "tn": 572
    },
    "Surprise": {
        "precision": 0.9347826086956522,
        "recall": 0.9772727272727273,
        "f1-score": 0.9555555555555557,
        "accuracy": 0.9772727272727273,
        "support": 88,
        "tp": 86,
        "fp": 6,
        "fn": 2,
        "tn": 597
    }
}