model_folder,overall_accuracy,top2_overall_accuracy,accuracy_Angry,top2_accuracy_Angry,nll_Angry,accuracy_Contempt,top2_accuracy_Contempt,nll_Contempt,accuracy_Disgust,top2_accuracy_Disgust,nll_Disgust,accuracy_Fear,top2_accuracy_Fear,nll_Fear,accuracy_Happiness,top2_accuracy_Happiness,nll_Happiness,accuracy_Neutral,top2_accuracy_Neutral,nll_Neutral,accuracy_Sadness,top2_accuracy_Sadness,nll_Sadness,accuracy_Surprise,top2_accuracy_Surprise,nll_Surprise
Epoch 35,95.75835475578405,99.48586118251929,93.61702127659575,100.0,0.152722766217964,89.65517241379311,98.85057471264368,0.5170256641890452,96.80851063829788,98.93617021276596,0.10944331738872679,94.0677966101695,100.0,0.19614196769694783,100.0,100.0,0.00045947735796402644,98.80952380952381,100.0,0.031574550128203836,95.6140350877193,98.24561403508773,0.23933498316056656,97.72727272727273,100.0,0.07589196377147235
