{
    "Angry": {
        "precision": 0.9072164948453608,
        "recall": 0.9361702127659575,
        "f1-score": 0.9214659685863874,
        "support": 94.0
    },
    "Contempt": {
        "precision": 0.9176470588235294,
        "recall": 0.896551724137931,
        "f1-score": 0.9069767441860465,
        "support": 87.0
    },
    "Disgust": {
        "precision": 0.9479166666666666,
        "recall": 0.9680851063829787,
        "f1-score": 0.9578947368421052,
        "support": 94.0
    },
    "Fear": {
        "precision": 0.9823008849557522,
        "recall": 0.940677966101695,
        "f1-score": 0.961038961038961,
        "support": 118.0
    },
    "Happiness": {
        "precision": 1.0,
        "recall": 1.0,
        "f1-score": 1.0,
        "support": 99.0
    },
    "Neutral": {
        "precision": 0.9540229885057471,
        "recall": 0.9880952380952381,
        "f1-score": 0.9707602339181286,
        "support": 84.0
    },
    "Sadness": {
        "precision": 0.990909090909091,
        "recall": 0.956140350877193,
        "f1-score": 0.9732142857142857,
        "support": 114.0
    },
    "Surprise": {
        "precision": 0.945054945054945,
        "recall": 0.9772727272727273,
        "f1-score": 0.9608938547486033,
        "support": 88.0
    },
    "accuracy": 0.9575835475578406,
    "macro avg": {
        "precision": 0.9556335162201365,
        "recall": 0.9578741657042151,
        "f1-score": 0.9565305981293147,
        "support": 778.0
    },
    "weighted avg": {
        "precision": 0.9580921828888311,
        "recall": 0.9575835475578406,
        "f1-score": 0.9576072337988307,
        "support": 778.0
    }
}