model_folder,overall_accuracy,top2_overall_accuracy,accuracy_Angry,top2_accuracy_Angry,nll_Angry,accuracy_Contempt,top2_accuracy_Contempt,nll_Contempt,accuracy_Disgust,top2_accuracy_Disgust,nll_Disgust,accuracy_Fear,top2_accuracy_Fear,nll_Fear,accuracy_Happiness,top2_accuracy_Happiness,nll_Happiness,accuracy_Neutral,top2_accuracy_Neutral,nll_Neutral,accuracy_Sadness,top2_accuracy_Sadness,nll_Sadness,accuracy_Surprise,top2_accuracy_Surprise,nll_Surprise
enet_b0_100M_0W_fine_best_val,61.696658097686374,78.7917737789203,63.829787234042556,78.72340425531915,0.9973540963961723,8.045977011494253,36.7816091954023,2.661251738153655,28.72340425531915,57.4468085106383,2.021434718663705,59.32203389830509,75.42372881355932,1.1899415982287314,98.98989898989899,100.0,0.07982551155704765,76.19047619047619,90.47619047619048,0.7639794127039966,68.42105263157895,92.98245614035088,0.7346373728416214,86.36363636363636,94.31818181818181,0.563541663725945
