{
    "overall": {
        "accuracy": 0.6845151953690304,
        "macro avg": {
            "precision": 0.7416632677480323,
            "recall": 0.6883432708046532,
            "f1-score": 0.6832798780837663,
            "support": 691
        },
        "weighted avg": {
            "precision": 0.7544053248559247,
            "recall": 0.6845151953690304,
            "f1-score": 0.6892860183839873,
            "support": 691
        }
    },
    "Angry": {
        "precision": 0.631578947368421,
        "recall": 0.6382978723404256,
        "f1-score": 0.6349206349206349,
        "accuracy": 0.6382978723404256,
        "support": 94,
        "True Positives": 60,
        "False Positives": 35,
        "False Negatives": 34,
        "True Negatives": 562
    },
    "Disgust": {
        "precision": 0.7941176470588235,
        "recall": 0.2872340425531915,
        "f1-score": 0.421875,
        "accuracy": 0.2872340425531915,
        "support": 94,
        "True Positives": 27,
        "False Positives": 7,
        "False Negatives": 67,
        "True Negatives": 590
    },
    "Fear": {
        "precision": 0.8045977011494253,
        "recall": 0.5932203389830508,
        "f1-score": 0.6829268292682927,
        "accuracy": 0.5932203389830508,
        "support": 118,
        "True Positives": 70,
        "False Positives": 17,
        "False Negatives": 48,
        "True Negatives": 556
    },
    "Happiness": {
        "precision": 0.8990825688073395,
        "recall": 0.98989898989899,
        "f1-score": 0.9423076923076924,
        "accuracy": 0.98989898989899,
        "support": 99,
        "True Positives": 98,
        "False Positives": 11,
        "False Negatives": 1,
        "True Negatives": 581
    },
    "Neutral": {
        "precision": 0.3657142857142857,
        "recall": 0.7619047619047619,
        "f1-score": 0.4942084942084942,
        "accuracy": 0.7619047619047619,
        "support": 84,
        "True Positives": 64,
        "False Positives": 111,
        "False Negatives": 20,
        "True Negatives": 496
    },
    "Sadness": {
        "precision": 0.896551724137931,
        "recall": 0.6842105263157895,
        "f1-score": 0.7761194029850746,
        "accuracy": 0.6842105263157895,
        "support": 114,
        "True Positives": 78,
        "False Positives": 9,
        "False Negatives": 36,
        "True Negatives": 568
    },
    "Surprise": {
        "precision": 0.8,
        "recall": 0.8636363636363636,
        "f1-score": 0.8306010928961749,
        "accuracy": 0.8636363636363636,
        "support": 88,
        "True Positives": 76,
        "False Positives": 19,
        "False Negatives": 12,
        "True Negatives": 584
    }
}