{
    "Angry": {
        "precision": 0.49586776859504134,
        "recall": 0.6382978723404256,
        "f1-score": 0.5581395348837209,
        "support": 94.0
    },
    "Contempt": {
        "precision": 0.4375,
        "recall": 0.08045977011494253,
        "f1-score": 0.13592233009708737,
        "support": 87.0
    },
    "Disgust": {
        "precision": 0.7714285714285715,
        "recall": 0.2872340425531915,
        "f1-score": 0.4186046511627907,
        "support": 94.0
    },
    "Fear": {
        "precision": 0.8045977011494253,
        "recall": 0.5932203389830508,
        "f1-score": 0.6829268292682927,
        "support": 118.0
    },
    "Happiness": {
        "precision": 0.8596491228070176,
        "recall": 0.98989898989899,
        "f1-score": 0.92018779342723,
        "support": 99.0
    },
    "Neutral": {
        "precision": 0.2909090909090909,
        "recall": 0.7619047619047619,
        "f1-score": 0.42105263157894735,
        "support": 84.0
    },
    "Sadness": {
        "precision": 0.8666666666666667,
        "recall": 0.6842105263157895,
        "f1-score": 0.7647058823529411,
        "support": 114.0
    },
    "Surprise": {
        "precision": 0.8,
        "recall": 0.8636363636363636,
        "f1-score": 0.8306010928961749,
        "support": 88.0
    },
    "accuracy": 0.6169665809768637,
    "macro avg": {
        "precision": 0.6658273651944766,
        "recall": 0.6123578332184394,
        "f1-score": 0.5915175932083981,
        "support": 778.0
    },
    "weighted avg": {
        "precision": 0.6823554132289333,
        "recall": 0.6169665809768637,
        "f1-score": 0.605348253760287,
        "support": 778.0
    },
    "overall_accuracy": 61.696658097686374,
    "per_emotion_accuracy": {
        "Angry": 63.829787234042556,
        "Contempt": 8.045977011494253,
        "Disgust": 28.72340425531915,
        "Fear": 59.32203389830509,
        "Happiness": 98.98989898989899,
        "Neutral": 76.19047619047619,
        "Sadness": 68.42105263157895,
        "Surprise": 86.36363636363636
    }
}