{
    "Angry": {
        "precision": 0.631578947368421,
        "recall": 0.6382978723404256,
        "f1-score": 0.6349206349206349,
        "support": 94.0
    },
    "Disgust": {
        "precision": 0.7941176470588235,
        "recall": 0.2872340425531915,
        "f1-score": 0.421875,
        "support": 94.0
    },
    "Fear": {
        "precision": 0.8045977011494253,
        "recall": 0.5932203389830508,
        "f1-score": 0.6829268292682927,
        "support": 118.0
    },
    "Happiness": {
        "precision": 0.8990825688073395,
        "recall": 0.98989898989899,
        "f1-score": 0.9423076923076923,
        "support": 99.0
    },
    "Neutral": {
        "precision": 0.3657142857142857,
        "recall": 0.7619047619047619,
        "f1-score": 0.4942084942084942,
        "support": 84.0
    },
    "Sadness": {
        "precision": 0.896551724137931,
        "recall": 0.6842105263157895,
        "f1-score": 0.7761194029850746,
        "support": 114.0
    },
    "Surprise": {
        "precision": 0.8,
        "recall": 0.8636363636363636,
        "f1-score": 0.8306010928961749,
        "support": 88.0
    },
    "micro avg": {
        "precision": 0.6935483870967742,
        "recall": 0.6845151953690304,
        "f1-score": 0.6890021849963583,
        "support": 691.0
    },
    "macro avg": {
        "precision": 0.7416632677480323,
        "recall": 0.6883432708046532,
        "f1-score": 0.6832798780837663,
        "support": 691.0
    },
    "weighted avg": {
        "precision": 0.7544053248559247,
        "recall": 0.6845151953690304,
        "f1-score": 0.6892860183839873,
        "support": 691.0
    },
    "overall_accuracy": 68.45151953690304,
    "per_emotion_accuracy": {
        "Angry": 63.829787234042556,
        "Disgust": 28.72340425531915,
        "Fear": 59.32203389830509,
        "Happiness": 98.98989898989899,
        "Neutral": 76.19047619047619,
        "Sadness": 68.42105263157895,
        "Surprise": 86.36363636363636
    }
}