model_folder,overall_accuracy,top2_overall_accuracy,accuracy_Angry,top2_accuracy_Angry,nll_Angry,accuracy_Contempt,top2_accuracy_Contempt,nll_Contempt,accuracy_Disgust,top2_accuracy_Disgust,nll_Disgust,accuracy_Fear,top2_accuracy_Fear,nll_Fear,accuracy_Happiness,top2_accuracy_Happiness,nll_Happiness,accuracy_Neutral,top2_accuracy_Neutral,nll_Neutral,accuracy_Sadness,top2_accuracy_Sadness,nll_Sadness,accuracy_Surprise,top2_accuracy_Surprise,nll_Surprise
enet_b0_100M_100W_fine_epoch20,82.0051413881748,94.98714652956298,78.72340425531915,98.93617021276596,0.684657947180119,68.96551724137932,90.80459770114942,0.8733776555150404,64.8936170212766,87.23404255319149,0.797040443996245,81.35593220338983,94.0677966101695,0.5009507066807,98.98989898989899,100.0,0.058778671674622,90.47619047619048,100.0,0.37646416215492146,85.96491228070175,92.10526315789474,0.43744141679497006,85.22727272727273,97.72727272727273,0.3982776096302338
