{
    "Angry": {
        "precision": 0.6788990825688074,
        "recall": 0.7872340425531915,
        "f1-score": 0.729064039408867,
        "support": 94.0
    },
    "Contempt": {
        "precision": 0.7894736842105263,
        "recall": 0.6896551724137931,
        "f1-score": 0.7361963190184049,
        "support": 87.0
    },
    "Disgust": {
        "precision": 0.7439024390243902,
        "recall": 0.648936170212766,
        "f1-score": 0.6931818181818182,
        "support": 94.0
    },
    "Fear": {
        "precision": 0.8,
        "recall": 0.8135593220338984,
        "f1-score": 0.8067226890756303,
        "support": 118.0
    },
    "Happiness": {
        "precision": 0.9702970297029703,
        "recall": 0.98989898989899,
        "f1-score": 0.98,
        "support": 99.0
    },
    "Neutral": {
        "precision": 0.8260869565217391,
        "recall": 0.9047619047619048,
        "f1-score": 0.8636363636363636,
        "support": 84.0
    },
    "Sadness": {
        "precision": 0.8828828828828829,
        "recall": 0.8596491228070176,
        "f1-score": 0.8711111111111111,
        "support": 114.0
    },
    "Surprise": {
        "precision": 0.8620689655172413,
        "recall": 0.8522727272727273,
        "f1-score": 0.8571428571428571,
        "support": 88.0
    },
    "accuracy": 0.8200514138817481,
    "macro avg": {
        "precision": 0.8192013800535698,
        "recall": 0.818245931494286,
        "f1-score": 0.8171318996968815,
        "support": 778.0
    },
    "weighted avg": {
        "precision": 0.8210655288671753,
        "recall": 0.8200514138817481,
        "f1-score": 0.8190670441127798,
        "support": 778.0
    },
    "overall_accuracy": 82.0051413881748,
    "per_emotion_accuracy": {
        "Angry": 78.72340425531915,
        "Contempt": 68.96551724137932,
        "Disgust": 64.8936170212766,
        "Fear": 81.35593220338983,
        "Happiness": 98.98989898989899,
        "Neutral": 90.47619047619048,
        "Sadness": 85.96491228070175,
        "Surprise": 85.22727272727273
    }
}