{
    "Angry": {
        "precision": 0.7789473684210526,
        "recall": 0.7872340425531915,
        "f1-score": 0.783068783068783,
        "support": 94.0
    },
    "Disgust": {
        "precision": 0.7625,
        "recall": 0.648936170212766,
        "f1-score": 0.7011494252873564,
        "support": 94.0
    },
    "Fear": {
        "precision": 0.8205128205128205,
        "recall": 0.8135593220338984,
        "f1-score": 0.8170212765957446,
        "support": 118.0
    },
    "Happiness": {
        "precision": 0.98,
        "recall": 0.98989898989899,
        "f1-score": 0.9849246231155779,
        "support": 99.0
    },
    "Neutral": {
        "precision": 0.8636363636363636,
        "recall": 0.9047619047619048,
        "f1-score": 0.8837209302325582,
        "support": 84.0
    },
    "Sadness": {
        "precision": 0.9074074074074074,
        "recall": 0.8596491228070176,
        "f1-score": 0.8828828828828829,
        "support": 114.0
    },
    "Surprise": {
        "precision": 0.8620689655172413,
        "recall": 0.8522727272727273,
        "f1-score": 0.8571428571428571,
        "support": 88.0
    },
    "micro avg": {
        "precision": 0.8562962962962963,
        "recall": 0.8364688856729378,
        "f1-score": 0.8462664714494875,
        "support": 691.0
    },
    "macro avg": {
        "precision": 0.8535818464992693,
        "recall": 0.8366160399343565,
        "f1-score": 0.8442729683322513,
        "support": 691.0
    },
    "weighted avg": {
        "precision": 0.854686734308984,
        "recall": 0.8364688856729378,
        "f1-score": 0.8447790710983678,
        "support": 691.0
    },
    "overall_accuracy": 83.64688856729377,
    "per_emotion_accuracy": {
        "Angry": 78.72340425531915,
        "Disgust": 64.8936170212766,
        "Fear": 81.35593220338983,
        "Happiness": 98.98989898989899,
        "Neutral": 90.47619047619048,
        "Sadness": 85.96491228070175,
        "Surprise": 85.22727272727273
    }
}