{
    "overall": {
        "accuracy": 0.8200514138817481,
        "macro avg": {
            "precision": 0.8192013800535698,
            "recall": 0.818245931494286,
            "f1-score": 0.8171318996968815,
            "support": 778
        },
        "weighted avg": {
            "precision": 0.8210655288671753,
            "recall": 0.8200514138817481,
            "f1-score": 0.8190670441127799,
            "support": 778
        }
    },
    "Angry": {
        "precision": 0.6788990825688074,
        "recall": 0.7872340425531915,
        "f1-score": 0.729064039408867,
        "accuracy": 0.7872340425531915,
        "support": 94,
        "True Positives": 74,
        "False Positives": 35,
        "False Negatives": 20,
        "True Negatives": 649
    },
    "Contempt": {
        "precision": 0.7894736842105263,
        "recall": 0.6896551724137931,
        "f1-score": 0.736196319018405,
        "accuracy": 0.6896551724137931,
        "support": 87,
        "True Positives": 60,
        "False Positives": 16,
        "False Negatives": 27,
        "True Negatives": 675
    },
    "Disgust": {
        "precision": 0.7439024390243902,
        "recall": 0.648936170212766,
        "f1-score": 0.6931818181818182,
        "accuracy": 0.648936170212766,
        "support": 94,
        "True Positives": 61,
        "False Positives": 21,
        "False Negatives": 33,
        "True Negatives": 663
    },
    "Fear": {
        "precision": 0.8,
        "recall": 0.8135593220338984,
        "f1-score": 0.8067226890756303,
        "accuracy": 0.8135593220338984,
        "support": 118,
        "True Positives": 96,
        "False Positives": 24,
        "False Negatives": 22,
        "True Negatives": 636
    },
    "Happiness": {
        "precision": 0.9702970297029703,
        "recall": 0.98989898989899,
        "f1-score": 0.98,
        "accuracy": 0.98989898989899,
        "support": 99,
        "True Positives": 98,
        "False Positives": 3,
        "False Negatives": 1,
        "True Negatives": 676
    },
    "Neutral": {
        "precision": 0.8260869565217391,
        "recall": 0.9047619047619048,
        "f1-score": 0.8636363636363636,
        "accuracy": 0.9047619047619048,
        "support": 84,
        "True Positives": 76,
        "False Positives": 16,
        "False Negatives": 8,
        "True Negatives": 678
    },
    "Sadness": {
        "precision": 0.8828828828828829,
        "recall": 0.8596491228070176,
        "f1-score": 0.8711111111111112,
        "accuracy": 0.8596491228070176,
        "support": 114,
        "True Positives": 98,
        "False Positives": 13,
        "False Negatives": 16,
        "True Negatives": 651
    },
    "Surprise": {
        "precision": 0.8620689655172413,
        "recall": 0.8522727272727273,
        "f1-score": 0.8571428571428572,
        "accuracy": 0.8522727272727273,
        "support": 88,
        "True Positives": 75,
        "False Positives": 12,
        "False Negatives": 13,
        "True Negatives": 678
    }
}