model_folder,overall_accuracy,top2_overall_accuracy,accuracy_Angry,top2_accuracy_Angry,nll_Angry,accuracy_Contempt,top2_accuracy_Contempt,nll_Contempt,accuracy_Disgust,top2_accuracy_Disgust,nll_Disgust,accuracy_Fear,top2_accuracy_Fear,nll_Fear,accuracy_Happiness,top2_accuracy_Happiness,nll_Happiness,accuracy_Neutral,top2_accuracy_Neutral,nll_Neutral,accuracy_Sadness,top2_accuracy_Sadness,nll_Sadness,accuracy_Surprise,top2_accuracy_Surprise,nll_Surprise
Epoch 5,35.69746139753991,54.40984035592777,32.71889400921659,51.84331797235023,2.032817324746855,,,,12.5,20.833333333333332,3.422344404583176,35.83061889250814,58.306188925081436,1.937000002778751,59.24050632911393,75.61181434599156,1.286161252566739,22.794117647058822,39.85294117647059,2.6015349116450284,21.548117154811717,42.05020920502092,2.4677662040929165,30.699088145896656,67.47720364741642,1.7970141036702054
