model_folder,overall_accuracy,top2_overall_accuracy,accuracy_Angry,top2_accuracy_Angry,nll_Angry,accuracy_Contempt,top2_accuracy_Contempt,nll_Contempt,accuracy_Disgust,top2_accuracy_Disgust,nll_Disgust,accuracy_Fear,top2_accuracy_Fear,nll_Fear,accuracy_Happiness,top2_accuracy_Happiness,nll_Happiness,accuracy_Neutral,top2_accuracy_Neutral,nll_Neutral,accuracy_Sadness,top2_accuracy_Sadness,nll_Sadness,accuracy_Surprise,top2_accuracy_Surprise,nll_Surprise
enet_b0_100M_100W_fine_epoch15,80.97686375321337,94.60154241645245,79.7872340425532,98.93617021276596,0.6420517910192621,63.2183908045977,90.80459770114942,0.9166033958224045,63.829787234042556,87.23404255319149,0.8278160490828784,79.66101694915254,93.22033898305085,0.535071170367932,98.98989898989899,100.0,0.062086326513375284,91.66666666666667,100.0,0.4556304110834996,86.84210526315789,91.2280701754386,0.4527686865813417,81.81818181818181,96.5909090909091,0.4347250859189609
