{
    "overall": {
        "accuracy": 0.8097686375321337,
        "macro avg": {
            "precision": 0.8135141541437372,
            "recall": 0.8072666022103142,
            "f1-score": 0.8070059397874795,
            "support": 778
        },
        "weighted avg": {
            "precision": 0.8148519827671704,
            "recall": 0.8097686375321337,
            "f1-score": 0.8091410826058669,
            "support": 778
        }
    },
    "Angry": {
        "precision": 0.6198347107438017,
        "recall": 0.7978723404255319,
        "f1-score": 0.6976744186046511,
        "accuracy": 0.7978723404255319,
        "support": 94,
        "True Positives": 75,
        "False Positives": 46,
        "False Negatives": 19,
        "True Negatives": 638
    },
    "Contempt": {
        "precision": 0.7857142857142857,
        "recall": 0.632183908045977,
        "f1-score": 0.7006369426751593,
        "accuracy": 0.632183908045977,
        "support": 87,
        "True Positives": 55,
        "False Positives": 15,
        "False Negatives": 32,
        "True Negatives": 676
    },
    "Disgust": {
        "precision": 0.75,
        "recall": 0.6382978723404256,
        "f1-score": 0.6896551724137931,
        "accuracy": 0.6382978723404256,
        "support": 94,
        "True Positives": 60,
        "False Positives": 20,
        "False Negatives": 34,
        "True Negatives": 664
    },
    "Fear": {
        "precision": 0.7833333333333333,
        "recall": 0.7966101694915254,
        "f1-score": 0.7899159663865546,
        "accuracy": 0.7966101694915254,
        "support": 118,
        "True Positives": 94,
        "False Positives": 26,
        "False Negatives": 24,
        "True Negatives": 634
    },
    "Happiness": {
        "precision": 0.9702970297029703,
        "recall": 0.98989898989899,
        "f1-score": 0.98,
        "accuracy": 0.98989898989899,
        "support": 99,
        "True Positives": 98,
        "False Positives": 3,
        "False Negatives": 1,
        "True Negatives": 676
    },
    "Neutral": {
        "precision": 0.8369565217391305,
        "recall": 0.9166666666666666,
        "f1-score": 0.875,
        "accuracy": 0.9166666666666666,
        "support": 84,
        "True Positives": 77,
        "False Positives": 15,
        "False Negatives": 7,
        "True Negatives": 679
    },
    "Sadness": {
        "precision": 0.8839285714285714,
        "recall": 0.868421052631579,
        "f1-score": 0.8761061946902655,
        "accuracy": 0.868421052631579,
        "support": 114,
        "True Positives": 99,
        "False Positives": 13,
        "False Negatives": 15,
        "True Negatives": 651
    },
    "Surprise": {
        "precision": 0.8780487804878049,
        "recall": 0.8181818181818182,
        "f1-score": 0.8470588235294119,
        "accuracy": 0.8181818181818182,
        "support": 88,
        "True Positives": 72,
        "False Positives": 10,
        "False Negatives": 16,
        "True Negatives": 680
    }
}