{
    "Angry": {
        "precision": 0.7352941176470589,
        "recall": 0.7978723404255319,
        "f1-score": 0.7653061224489796,
        "support": 94.0
    },
    "Disgust": {
        "precision": 0.7792207792207793,
        "recall": 0.6382978723404256,
        "f1-score": 0.7017543859649122,
        "support": 94.0
    },
    "Fear": {
        "precision": 0.8034188034188035,
        "recall": 0.7966101694915254,
        "f1-score": 0.8,
        "support": 118.0
    },
    "Happiness": {
        "precision": 0.98,
        "recall": 0.98989898989899,
        "f1-score": 0.9849246231155779,
        "support": 99.0
    },
    "Neutral": {
        "precision": 0.8651685393258427,
        "recall": 0.9166666666666666,
        "f1-score": 0.8901734104046243,
        "support": 84.0
    },
    "Sadness": {
        "precision": 0.908256880733945,
        "recall": 0.868421052631579,
        "f1-score": 0.8878923766816144,
        "support": 114.0
    },
    "Surprise": {
        "precision": 0.8780487804878049,
        "recall": 0.8181818181818182,
        "f1-score": 0.8470588235294118,
        "support": 88.0
    },
    "micro avg": {
        "precision": 0.8505917159763313,
        "recall": 0.8321273516642547,
        "f1-score": 0.8412582297000731,
        "support": 691.0
    },
    "macro avg": {
        "precision": 0.8499154144048905,
        "recall": 0.8322784156623625,
        "f1-score": 0.8395871060207315,
        "support": 691.0
    },
    "weighted avg": {
        "precision": 0.8504653451504528,
        "recall": 0.8321273516642547,
        "f1-score": 0.8398649773742818,
        "support": 691.0
    },
    "overall_accuracy": 83.21273516642547,
    "per_emotion_accuracy": {
        "Angry": 79.7872340425532,
        "Disgust": 63.829787234042556,
        "Fear": 79.66101694915254,
        "Happiness": 98.98989898989899,
        "Neutral": 91.66666666666667,
        "Sadness": 86.84210526315789,
        "Surprise": 81.81818181818181
    }
}