{
    "Angry": {
        "precision": 0.6198347107438017,
        "recall": 0.7978723404255319,
        "f1-score": 0.6976744186046512,
        "support": 94.0
    },
    "Contempt": {
        "precision": 0.7857142857142857,
        "recall": 0.632183908045977,
        "f1-score": 0.7006369426751592,
        "support": 87.0
    },
    "Disgust": {
        "precision": 0.75,
        "recall": 0.6382978723404256,
        "f1-score": 0.6896551724137931,
        "support": 94.0
    },
    "Fear": {
        "precision": 0.7833333333333333,
        "recall": 0.7966101694915254,
        "f1-score": 0.7899159663865546,
        "support": 118.0
    },
    "Happiness": {
        "precision": 0.9702970297029703,
        "recall": 0.98989898989899,
        "f1-score": 0.98,
        "support": 99.0
    },
    "Neutral": {
        "precision": 0.8369565217391305,
        "recall": 0.9166666666666666,
        "f1-score": 0.875,
        "support": 84.0
    },
    "Sadness": {
        "precision": 0.8839285714285714,
        "recall": 0.868421052631579,
        "f1-score": 0.8761061946902655,
        "support": 114.0
    },
    "Surprise": {
        "precision": 0.8780487804878049,
        "recall": 0.8181818181818182,
        "f1-score": 0.8470588235294118,
        "support": 88.0
    },
    "accuracy": 0.8097686375321337,
    "macro avg": {
        "precision": 0.8135141541437372,
        "recall": 0.8072666022103142,
        "f1-score": 0.8070059397874794,
        "support": 778.0
    },
    "weighted avg": {
        "precision": 0.8148519827671704,
        "recall": 0.8097686375321337,
        "f1-score": 0.8091410826058669,
        "support": 778.0
    },
    "overall_accuracy": 80.97686375321337,
    "per_emotion_accuracy": {
        "Angry": 79.7872340425532,
        "Contempt": 63.2183908045977,
        "Disgust": 63.829787234042556,
        "Fear": 79.66101694915254,
        "Happiness": 98.98989898989899,
        "Neutral": 91.66666666666667,
        "Sadness": 86.84210526315789,
        "Surprise": 81.81818181818181
    }
}