model_folder,overall_accuracy,top2_overall_accuracy,accuracy_Angry,top2_accuracy_Angry,nll_Angry,accuracy_Contempt,top2_accuracy_Contempt,nll_Contempt,accuracy_Disgust,top2_accuracy_Disgust,nll_Disgust,accuracy_Fear,top2_accuracy_Fear,nll_Fear,accuracy_Happiness,top2_accuracy_Happiness,nll_Happiness,accuracy_Neutral,top2_accuracy_Neutral,nll_Neutral,accuracy_Sadness,top2_accuracy_Sadness,nll_Sadness,accuracy_Surprise,top2_accuracy_Surprise,nll_Surprise
Epoch 25,96.1439588688946,99.61439588688945,95.74468085106383,100.0,0.13632654410142148,90.80459770114942,98.85057471264368,0.5072082574809792,94.68085106382979,98.93617021276596,0.18348592447879059,95.76271186440678,100.0,0.18463209396059885,100.0,100.0,0.0001480743618084947,97.61904761904762,100.0,0.06723795626047085,95.6140350877193,99.12280701754386,0.20611784371460015,98.86363636363636,100.0,0.05644065768617066
