{
    "Angry": {
        "precision": 0.9,
        "recall": 0.9574468085106383,
        "f1-score": 0.9278350515463918,
        "support": 94.0
    },
    "Contempt": {
        "precision": 0.9753086419753086,
        "recall": 0.9080459770114943,
        "f1-score": 0.9404761904761905,
        "support": 87.0
    },
    "Disgust": {
        "precision": 0.9468085106382979,
        "recall": 0.9468085106382979,
        "f1-score": 0.9468085106382979,
        "support": 94.0
    },
    "Fear": {
        "precision": 0.9741379310344828,
        "recall": 0.9576271186440678,
        "f1-score": 0.9658119658119658,
        "support": 118.0
    },
    "Happiness": {
        "precision": 0.99,
        "recall": 1.0,
        "f1-score": 0.9949748743718593,
        "support": 99.0
    },
    "Neutral": {
        "precision": 0.9761904761904762,
        "recall": 0.9761904761904762,
        "f1-score": 0.9761904761904762,
        "support": 84.0
    },
    "Sadness": {
        "precision": 0.9819819819819819,
        "recall": 0.956140350877193,
        "f1-score": 0.9688888888888889,
        "support": 114.0
    },
    "Surprise": {
        "precision": 0.9456521739130435,
        "recall": 0.9886363636363636,
        "f1-score": 0.9666666666666667,
        "support": 88.0
    },
    "accuracy": 0.961439588688946,
    "macro avg": {
        "precision": 0.9612599644666988,
        "recall": 0.9613619506885664,
        "f1-score": 0.960956578073842,
        "support": 778.0
    },
    "weighted avg": {
        "precision": 0.9621766901853657,
        "recall": 0.961439588688946,
        "f1-score": 0.961473326407989,
        "support": 778.0
    },
    "overall_accuracy": 96.1439588688946,
    "per_emotion_accuracy": {
        "Angry": 95.74468085106383,
        "Contempt": 90.80459770114942,
        "Disgust": 94.68085106382979,
        "Fear": 95.76271186440678,
        "Happiness": 100.0,
        "Neutral": 97.61904761904762,
        "Sadness": 95.6140350877193,
        "Surprise": 98.86363636363636
    }
}