{
    "Angry": {
        "precision": 0.9473684210526315,
        "recall": 0.9574468085106383,
        "f1-score": 0.9523809523809523,
        "support": 94.0
    },
    "Disgust": {
        "precision": 0.956989247311828,
        "recall": 0.9468085106382979,
        "f1-score": 0.9518716577540107,
        "support": 94.0
    },
    "Fear": {
        "precision": 0.9741379310344828,
        "recall": 0.9576271186440678,
        "f1-score": 0.9658119658119658,
        "support": 118.0
    },
    "Happiness": {
        "precision": 0.99,
        "recall": 1.0,
        "f1-score": 0.9949748743718593,
        "support": 99.0
    },
    "Neutral": {
        "precision": 0.9879518072289156,
        "recall": 0.9761904761904762,
        "f1-score": 0.9820359281437125,
        "support": 84.0
    },
    "Sadness": {
        "precision": 0.990909090909091,
        "recall": 0.956140350877193,
        "f1-score": 0.9732142857142857,
        "support": 114.0
    },
    "Surprise": {
        "precision": 0.9456521739130435,
        "recall": 0.9886363636363636,
        "f1-score": 0.9666666666666667,
        "support": 88.0
    },
    "micro avg": {
        "precision": 0.9709724238026125,
        "recall": 0.9681620839363242,
        "f1-score": 0.9695652173913043,
        "support": 691.0
    },
    "macro avg": {
        "precision": 0.9704298102071418,
        "recall": 0.9689785183567194,
        "f1-score": 0.9695651901204932,
        "support": 691.0
    },
    "weighted avg": {
        "precision": 0.9712545241151104,
        "recall": 0.9681620839363242,
        "f1-score": 0.9695690059095219,
        "support": 691.0
    },
    "overall_accuracy": 96.81620839363242,
    "per_emotion_accuracy": {
        "Angry": 95.74468085106383,
        "Disgust": 94.68085106382979,
        "Fear": 95.76271186440678,
        "Happiness": 100.0,
        "Neutral": 97.61904761904762,
        "Sadness": 95.6140350877193,
        "Surprise": 98.86363636363636
    }
}