model_folder,overall_accuracy,top2_overall_accuracy,accuracy_Angry,top2_accuracy_Angry,nll_Angry,accuracy_Contempt,top2_accuracy_Contempt,nll_Contempt,accuracy_Disgust,top2_accuracy_Disgust,nll_Disgust,accuracy_Fear,top2_accuracy_Fear,nll_Fear,accuracy_Happiness,top2_accuracy_Happiness,nll_Happiness,accuracy_Neutral,top2_accuracy_Neutral,nll_Neutral,accuracy_Sadness,top2_accuracy_Sadness,nll_Sadness,accuracy_Surprise,top2_accuracy_Surprise,nll_Surprise
Epoch 40,95.88688946015424,99.3573264781491,94.68085106382979,100.0,0.14625729299088328,88.50574712643679,98.85057471264368,0.504518819421485,96.80851063829788,98.93617021276596,0.09976857175381808,94.91525423728814,100.0,0.19010967481409324,100.0,100.0,0.00023395990509318673,97.61904761904762,98.80952380952381,0.05696780241550702,96.49122807017544,98.24561403508773,0.17782336685477504,97.72727272727273,100.0,0.07514999775783351
