model_folder,overall_accuracy,top2_overall_accuracy,accuracy_Angry,top2_accuracy_Angry,nll_Angry,accuracy_Contempt,top2_accuracy_Contempt,nll_Contempt,accuracy_Disgust,top2_accuracy_Disgust,nll_Disgust,accuracy_Fear,top2_accuracy_Fear,nll_Fear,accuracy_Happiness,top2_accuracy_Happiness,nll_Happiness,accuracy_Neutral,top2_accuracy_Neutral,nll_Neutral,accuracy_Sadness,top2_accuracy_Sadness,nll_Sadness,accuracy_Surprise,top2_accuracy_Surprise,nll_Surprise
enet_b0_100M_100W_finetuned_epoch25,34.93849777545145,53.31065166186862,34.10138248847926,53.45622119815668,2.315964308754307,,,,13.235294117647058,21.323529411764707,4.49918983678685,26.710097719869708,50.814332247557005,2.7640366465225283,57.89029535864979,75.18987341772151,1.555503509803607,17.205882352941178,30.441176470588236,3.7758266354846617,24.267782426778243,44.56066945606695,2.986018986290683,40.121580547112465,76.2917933130699,1.7265907363167476
