{
    "Angry": {
        "precision": 0.3014256619144603,
        "recall": 0.34101382488479265,
        "f1-score": 0.32,
        "support": 434.0
    },
    "Disgust": {
        "precision": 0.16875,
        "recall": 0.1323529411764706,
        "f1-score": 0.14835164835164835,
        "support": 408.0
    },
    "Fear": {
        "precision": 0.11714285714285715,
        "recall": 0.2671009771986971,
        "f1-score": 0.1628599801390268,
        "support": 307.0
    },
    "Happiness": {
        "precision": 0.744842562432139,
        "recall": 0.5789029535864979,
        "f1-score": 0.6514719848053181,
        "support": 1185.0
    },
    "Neutral": {
        "precision": 0.32409972299168976,
        "recall": 0.17205882352941176,
        "f1-score": 0.22478386167146974,
        "support": 680.0
    },
    "Sadness": {
        "precision": 0.46774193548387094,
        "recall": 0.24267782426778242,
        "f1-score": 0.31955922865013775,
        "support": 478.0
    },
    "Surprise": {
        "precision": 0.25984251968503935,
        "recall": 0.4012158054711246,
        "f1-score": 0.3154121863799283,
        "support": 329.0
    },
    "micro avg": {
        "precision": 0.37616229923922234,
        "recall": 0.34938497775451455,
        "f1-score": 0.3622795115332429,
        "support": 3821.0
    },
    "macro avg": {
        "precision": 0.34054932280715094,
        "recall": 0.305046164302111,
        "f1-score": 0.30606269857107554,
        "support": 3821.0
    },
    "weighted avg": {
        "precision": 0.43122917473641315,
        "recall": 0.34938497775451455,
        "f1-score": 0.3744498128696198,
        "support": 3821.0
    },
    "overall_accuracy": 34.93849777545145,
    "per_emotion_accuracy": {
        "Angry": 34.10138248847926,
        "Disgust": 13.235294117647058,
        "Fear": 26.710097719869708,
        "Happiness": 57.89029535864979,
        "Neutral": 17.205882352941178,
        "Sadness": 24.267782426778243,
        "Surprise": 40.121580547112465
    }
}