{
    "Angry": {
        "precision": 0.31026785714285715,
        "recall": 0.32027649769585254,
        "f1-score": 0.31519274376417233,
        "support": 434.0
    },
    "Contempt": {
        "precision": 0.0,
        "recall": 0.0,
        "f1-score": 0.0,
        "support": 0.0
    },
    "Disgust": {
        "precision": 0.17252396166134185,
        "recall": 0.1323529411764706,
        "f1-score": 0.14979195561719832,
        "support": 408.0
    },
    "Fear": {
        "precision": 0.13239875389408098,
        "recall": 0.2768729641693811,
        "f1-score": 0.1791359325605901,
        "support": 307.0
    },
    "Happiness": {
        "precision": 0.706959706959707,
        "recall": 0.6514767932489451,
        "f1-score": 0.6780851998243302,
        "support": 1185.0
    },
    "Neutral": {
        "precision": 0.32783505154639175,
        "recall": 0.2338235294117647,
        "f1-score": 0.2729613733905579,
        "support": 680.0
    },
    "Sadness": {
        "precision": 0.4592274678111588,
        "recall": 0.22384937238493724,
        "f1-score": 0.3009845288326301,
        "support": 478.0
    },
    "Surprise": {
        "precision": 0.3365695792880259,
        "recall": 0.3161094224924012,
        "f1-score": 0.32601880877742945,
        "support": 329.0
    },
    "accuracy": 0.3716304632295211,
    "macro avg": {
        "precision": 0.30572279728794544,
        "recall": 0.26934519007246904,
        "f1-score": 0.27777131784586356,
        "support": 3821.0
    },
    "weighted avg": {
        "precision": 0.4283197207018069,
        "recall": 0.3716304632295211,
        "f1-score": 0.39078225295701413,
        "support": 3821.0
    },
    "overall_accuracy": 37.163046322952106,
    "per_emotion_accuracy": {
        "Angry": 32.02764976958525,
        "Contempt": NaN,
        "Disgust": 13.235294117647058,
        "Fear": 27.68729641693811,
        "Happiness": 65.14767932489451,
        "Neutral": 23.38235294117647,
        "Sadness": 22.384937238493723,
        "Surprise": 31.61094224924012
    }
}