{
    "overall": {
        "accuracy": 0.9601542416452442,
        "macro avg": {
            "precision": 0.959348829756228,
            "recall": 0.9604096230298209,
            "f1-score": 0.9596395385238247,
            "support": 778
        },
        "weighted avg": {
            "precision": 0.9607145430921799,
            "recall": 0.9601542416452442,
            "f1-score": 0.9601984664767809,
            "support": 778
        }
    },
    "Angry": {
        "precision": 0.898989898989899,
        "recall": 0.9468085106382979,
        "f1-score": 0.9222797927461138,
        "accuracy": 0.9468085106382979,
        "support": 94,
        "True Positives": 89,
        "False Positives": 10,
        "False Negatives": 5,
        "True Negatives": 674
    },
    "Contempt": {
        "precision": 0.9523809523809523,
        "recall": 0.9195402298850575,
        "f1-score": 0.935672514619883,
        "accuracy": 0.9195402298850575,
        "support": 87,
        "True Positives": 80,
        "False Positives": 4,
        "False Negatives": 7,
        "True Negatives": 687
    },
    "Disgust": {
        "precision": 0.967391304347826,
        "recall": 0.9468085106382979,
        "f1-score": 0.956989247311828,
        "accuracy": 0.9468085106382979,
        "support": 94,
        "True Positives": 89,
        "False Positives": 3,
        "False Negatives": 5,
        "True Negatives": 681
    },
    "Fear": {
        "precision": 0.9824561403508771,
        "recall": 0.9491525423728814,
        "f1-score": 0.9655172413793103,
        "accuracy": 0.9491525423728814,
        "support": 118,
        "True Positives": 112,
        "False Positives": 2,
        "False Negatives": 6,
        "True Negatives": 658
    },
    "Happiness": {
        "precision": 0.99,
        "recall": 1.0,
        "f1-score": 0.9949748743718593,
        "accuracy": 1.0,
        "support": 99,
        "True Positives": 99,
        "False Positives": 1,
        "False Negatives": 0,
        "True Negatives": 678
    },
    "Neutral": {
        "precision": 0.9647058823529412,
        "recall": 0.9761904761904762,
        "f1-score": 0.9704142011834319,
        "accuracy": 0.9761904761904762,
        "support": 84,
        "True Positives": 82,
        "False Positives": 3,
        "False Negatives": 2,
        "True Negatives": 691
    },
    "Sadness": {
        "precision": 0.9732142857142857,
        "recall": 0.956140350877193,
        "f1-score": 0.9646017699115044,
        "accuracy": 0.956140350877193,
        "support": 114,
        "True Positives": 109,
        "False Positives": 3,
        "False Negatives": 5,
        "True Negatives": 661
    },
    "Surprise": {
        "precision": 0.9456521739130435,
        "recall": 0.9886363636363636,
        "f1-score": 0.9666666666666666,
        "accuracy": 0.9886363636363636,
        "support": 88,
        "True Positives": 87,
        "False Positives": 5,
        "False Negatives": 1,
        "True Negatives": 685
    }
}