{
    "Angry": {
        "precision": 0.8131868131868132,
        "recall": 0.7872340425531915,
        "f1-score": 0.8,
        "support": 94.0
    },
    "Disgust": {
        "precision": 0.782051282051282,
        "recall": 0.648936170212766,
        "f1-score": 0.7093023255813954,
        "support": 94.0
    },
    "Fear": {
        "precision": 0.8558558558558559,
        "recall": 0.8050847457627118,
        "f1-score": 0.8296943231441049,
        "support": 118.0
    },
    "Happiness": {
        "precision": 0.98,
        "recall": 0.98989898989899,
        "f1-score": 0.9849246231155779,
        "support": 99.0
    },
    "Neutral": {
        "precision": 0.8791208791208791,
        "recall": 0.9523809523809523,
        "f1-score": 0.9142857142857143,
        "support": 84.0
    },
    "Sadness": {
        "precision": 0.8666666666666667,
        "recall": 0.9122807017543859,
        "f1-score": 0.8888888888888888,
        "support": 114.0
    },
    "Surprise": {
        "precision": 0.8823529411764706,
        "recall": 0.8522727272727273,
        "f1-score": 0.8670520231213873,
        "support": 88.0
    },
    "micro avg": {
        "precision": 0.8683431952662722,
        "recall": 0.849493487698987,
        "f1-score": 0.858814923189466,
        "support": 691.0
    },
    "macro avg": {
        "precision": 0.8656049197225669,
        "recall": 0.8497269042622465,
        "f1-score": 0.85630684259101,
        "support": 691.0
    },
    "weighted avg": {
        "precision": 0.8657837693387194,
        "recall": 0.849493487698987,
        "f1-score": 0.8563238752418424,
        "support": 691.0
    },
    "overall_accuracy": 84.94934876989869,
    "per_emotion_accuracy": {
        "Angry": 78.72340425531915,
        "Disgust": 64.8936170212766,
        "Fear": 80.50847457627118,
        "Happiness": 98.98989898989899,
        "Neutral": 95.23809523809524,
        "Sadness": 91.2280701754386,
        "Surprise": 85.22727272727273
    }
}