{
    "Angry": {
        "precision": 0.7047619047619048,
        "recall": 0.7872340425531915,
        "f1-score": 0.7437185929648241,
        "support": 94.0
    },
    "Contempt": {
        "precision": 0.8051948051948052,
        "recall": 0.7126436781609196,
        "f1-score": 0.7560975609756098,
        "support": 87.0
    },
    "Disgust": {
        "precision": 0.7625,
        "recall": 0.648936170212766,
        "f1-score": 0.7011494252873564,
        "support": 94.0
    },
    "Fear": {
        "precision": 0.8558558558558559,
        "recall": 0.8050847457627118,
        "f1-score": 0.8296943231441049,
        "support": 118.0
    },
    "Happiness": {
        "precision": 0.9702970297029703,
        "recall": 0.98989898989899,
        "f1-score": 0.98,
        "support": 99.0
    },
    "Neutral": {
        "precision": 0.8421052631578947,
        "recall": 0.9523809523809523,
        "f1-score": 0.8938547486033519,
        "support": 84.0
    },
    "Sadness": {
        "precision": 0.8387096774193549,
        "recall": 0.9122807017543859,
        "f1-score": 0.8739495798319328,
        "support": 114.0
    },
    "Surprise": {
        "precision": 0.8823529411764706,
        "recall": 0.8522727272727273,
        "f1-score": 0.8670520231213873,
        "support": 88.0
    },
    "accuracy": 0.8341902313624678,
    "macro avg": {
        "precision": 0.832722184658657,
        "recall": 0.8325915009995806,
        "f1-score": 0.8306895317410709,
        "support": 778.0
    },
    "weighted avg": {
        "precision": 0.8342182110356698,
        "recall": 0.8341902313624678,
        "f1-score": 0.8323093067735108,
        "support": 778.0
    },
    "overall_accuracy": 83.41902313624679,
    "per_emotion_accuracy": {
        "Angry": 78.72340425531915,
        "Contempt": 71.26436781609195,
        "Disgust": 64.8936170212766,
        "Fear": 80.50847457627118,
        "Happiness": 98.98989898989899,
        "Neutral": 95.23809523809524,
        "Sadness": 91.2280701754386,
        "Surprise": 85.22727272727273
    }
}