{
    "overall": {
        "accuracy": 0.8341902313624678,
        "macro avg": {
            "precision": 0.832722184658657,
            "recall": 0.8325915009995806,
            "f1-score": 0.830689531741071,
            "support": 778
        },
        "weighted avg": {
            "precision": 0.8342182110356698,
            "recall": 0.8341902313624678,
            "f1-score": 0.8323093067735108,
            "support": 778
        }
    },
    "Angry": {
        "precision": 0.7047619047619048,
        "recall": 0.7872340425531915,
        "f1-score": 0.7437185929648242,
        "accuracy": 0.7872340425531915,
        "support": 94,
        "True Positives": 74,
        "False Positives": 31,
        "False Negatives": 20,
        "True Negatives": 653
    },
    "Contempt": {
        "precision": 0.8051948051948052,
        "recall": 0.7126436781609196,
        "f1-score": 0.7560975609756099,
        "accuracy": 0.7126436781609196,
        "support": 87,
        "True Positives": 62,
        "False Positives": 15,
        "False Negatives": 25,
        "True Negatives": 676
    },
    "Disgust": {
        "precision": 0.7625,
        "recall": 0.648936170212766,
        "f1-score": 0.7011494252873564,
        "accuracy": 0.648936170212766,
        "support": 94,
        "True Positives": 61,
        "False Positives": 19,
        "False Negatives": 33,
        "True Negatives": 665
    },
    "Fear": {
        "precision": 0.8558558558558559,
        "recall": 0.8050847457627118,
        "f1-score": 0.8296943231441049,
        "accuracy": 0.8050847457627118,
        "support": 118,
        "True Positives": 95,
        "False Positives": 16,
        "False Negatives": 23,
        "True Negatives": 644
    },
    "Happiness": {
        "precision": 0.9702970297029703,
        "recall": 0.98989898989899,
        "f1-score": 0.98,
        "accuracy": 0.98989898989899,
        "support": 99,
        "True Positives": 98,
        "False Positives": 3,
        "False Negatives": 1,
        "True Negatives": 676
    },
    "Neutral": {
        "precision": 0.8421052631578947,
        "recall": 0.9523809523809523,
        "f1-score": 0.8938547486033519,
        "accuracy": 0.9523809523809523,
        "support": 84,
        "True Positives": 80,
        "False Positives": 15,
        "False Negatives": 4,
        "True Negatives": 679
    },
    "Sadness": {
        "precision": 0.8387096774193549,
        "recall": 0.9122807017543859,
        "f1-score": 0.8739495798319329,
        "accuracy": 0.9122807017543859,
        "support": 114,
        "True Positives": 104,
        "False Positives": 20,
        "False Negatives": 10,
        "True Negatives": 644
    },
    "Surprise": {
        "precision": 0.8823529411764706,
        "recall": 0.8522727272727273,
        "f1-score": 0.8670520231213872,
        "accuracy": 0.8522727272727273,
        "support": 88,
        "True Positives": 75,
        "False Positives": 10,
        "False Negatives": 13,
        "True Negatives": 680
    }
}