{
    "Angry": {
        "precision": 0.5390625,
        "recall": 0.15898617511520738,
        "f1-score": 0.24555160142348753,
        "support": 434.0
    },
    "Disgust": {
        "precision": 0.27200791295746785,
        "recall": 0.6740196078431373,
        "f1-score": 0.3875968992248062,
        "support": 408.0
    },
    "Fear": {
        "precision": 0.5803571428571429,
        "recall": 0.4234527687296417,
        "f1-score": 0.4896421845574388,
        "support": 307.0
    },
    "Happiness": {
        "precision": 0.9497098646034816,
        "recall": 0.41434599156118146,
        "f1-score": 0.5769682726204466,
        "support": 1185.0
    },
    "Neutral": {
        "precision": 0.49822695035460995,
        "recall": 0.41323529411764703,
        "f1-score": 0.4517684887459807,
        "support": 680.0
    },
    "Sadness": {
        "precision": 0.660377358490566,
        "recall": 0.5857740585774058,
        "f1-score": 0.6208425720620843,
        "support": 478.0
    },
    "Surprise": {
        "precision": 0.38474295190713104,
        "recall": 0.7051671732522796,
        "f1-score": 0.4978540772532189,
        "support": 329.0
    },
    "micro avg": {
        "precision": 0.5064822817631807,
        "recall": 0.4600889819419,
        "f1-score": 0.4821722435545804,
        "support": 3821.0
    },
    "macro avg": {
        "precision": 0.5549263830243427,
        "recall": 0.48214015274235716,
        "f1-score": 0.46717487084106607,
        "support": 3821.0
    },
    "weighted avg": {
        "precision": 0.6358396547176097,
        "recall": 0.4600889819419,
        "f1-score": 0.48848358985216683,
        "support": 3821.0
    },
    "overall_accuracy": 46.00889819419,
    "per_emotion_accuracy": {
        "Angry": 15.898617511520737,
        "Disgust": 67.40196078431373,
        "Fear": 42.34527687296417,
        "Happiness": 41.434599156118146,
        "Neutral": 41.3235294117647,
        "Sadness": 58.57740585774059,
        "Surprise": 70.51671732522796
    }
}