{
    "Angry": {
        "precision": 0.9418604651162791,
        "recall": 0.8617021276595744,
        "f1-score": 0.9,
        "support": 94.0
    },
    "Disgust": {
        "precision": 0.8888888888888888,
        "recall": 0.9361702127659575,
        "f1-score": 0.9119170984455959,
        "support": 94.0
    },
    "Fear": {
        "precision": 0.9649122807017544,
        "recall": 0.9322033898305084,
        "f1-score": 0.9482758620689655,
        "support": 118.0
    },
    "Happiness": {
        "precision": 0.98989898989899,
        "recall": 0.98989898989899,
        "f1-score": 0.98989898989899,
        "support": 99.0
    },
    "Neutral": {
        "precision": 0.9759036144578314,
        "recall": 0.9642857142857143,
        "f1-score": 0.9700598802395209,
        "support": 84.0
    },
    "Sadness": {
        "precision": 0.9557522123893806,
        "recall": 0.9473684210526315,
        "f1-score": 0.9515418502202643,
        "support": 114.0
    },
    "Surprise": {
        "precision": 0.9347826086956522,
        "recall": 0.9772727272727273,
        "f1-score": 0.9555555555555556,
        "support": 88.0
    },
    "micro avg": {
        "precision": 0.9504373177842566,
        "recall": 0.9435600578871202,
        "f1-score": 0.9469862018881626,
        "support": 691.0
    },
    "macro avg": {
        "precision": 0.9502855800212536,
        "recall": 0.9441287975380149,
        "f1-score": 0.9467498909184132,
        "support": 691.0
    },
    "weighted avg": {
        "precision": 0.9510023354433537,
        "recall": 0.9435600578871202,
        "f1-score": 0.9468400126369649,
        "support": 691.0
    },
    "overall_accuracy": 94.35600578871201,
    "per_emotion_accuracy": {
        "Angry": 86.17021276595744,
        "Disgust": 93.61702127659575,
        "Fear": 93.22033898305085,
        "Happiness": 98.98989898989899,
        "Neutral": 96.42857142857143,
        "Sadness": 94.73684210526316,
        "Surprise": 97.72727272727273
    }
}