model_folder,overall_accuracy,top2_overall_accuracy,accuracy_Angry,top2_accuracy_Angry,nll_Angry,accuracy_Contempt,top2_accuracy_Contempt,nll_Contempt,accuracy_Disgust,top2_accuracy_Disgust,nll_Disgust,accuracy_Fear,top2_accuracy_Fear,nll_Fear,accuracy_Happiness,top2_accuracy_Happiness,nll_Happiness,accuracy_Neutral,top2_accuracy_Neutral,nll_Neutral,accuracy_Sadness,top2_accuracy_Sadness,nll_Sadness,accuracy_Surprise,top2_accuracy_Surprise,nll_Surprise
100W_50M,57.21015440984036,80.58099973828841,37.096774193548384,76.72811059907833,1.6816360375324633,,,,63.72549019607843,74.75490196078431,1.3265405285851823,48.534201954397396,71.33550488599349,1.463943443580755,66.16033755274262,86.58227848101266,0.9005419732245011,50.88235294117647,76.47058823529412,1.3132499807938824,56.06694560669456,79.07949790794979,1.225313082776266,66.26139817629179,90.5775075987842,0.8274132187942136
