model_folder,overall_accuracy,top2_overall_accuracy,accuracy_Angry,top2_accuracy_Angry,nll_Angry,accuracy_Contempt,top2_accuracy_Contempt,nll_Contempt,accuracy_Disgust,top2_accuracy_Disgust,nll_Disgust,accuracy_Fear,top2_accuracy_Fear,nll_Fear,accuracy_Happiness,top2_accuracy_Happiness,nll_Happiness,accuracy_Neutral,top2_accuracy_Neutral,nll_Neutral,accuracy_Sadness,top2_accuracy_Sadness,nll_Sadness,accuracy_Surprise,top2_accuracy_Surprise,nll_Surprise
enet_b0_100M_100W_fine,17.351478670505102,34.467416906568964,26.72811059907834,55.99078341013825,2.012971320185244,,,,1.4705882352941178,5.882352941176471,2.102128991309334,1.9543973941368078,5.2117263843648205,2.1274032220001717,5.147679324894515,16.70886075949367,2.158822972663847,40.14705882352941,69.8529411764706,1.9783195935627993,22.175732217573223,45.60669456066945,2.0298161793453424,28.875379939209726,43.46504559270517,2.0280362979981676
enet_b0_100M_100W_fine_best_val,15.598010991886941,30.960481549332634,0.0,1.152073732718894,2.2178824541206184,,,,4.6568627450980395,15.931372549019608,2.0746867037286947,4.5602605863192185,19.86970684039088,2.069293728092206,14.345991561181435,33.08016877637131,2.046838699715047,30.735294117647058,48.38235294117647,2.033166115073597,38.07531380753138,66.94560669456067,1.9960421104311443,0.60790273556231,3.3434650455927053,2.1234400554993234
enet_b0_100M_100W_fine_epoch5,10.67783302800314,25.30751112274274,26.267281105990783,58.064516129032256,2.020255989193367,,,,6.862745098039215,16.666666666666668,2.0926604323527394,13.355048859934854,25.0814332247557,2.089711779880213,4.556962025316456,16.877637130801688,2.051425344833342,0.14705882352941177,1.4705882352941178,2.159743145108223,14.01673640167364,36.19246861924686,2.0500596589623137,31.306990881458965,56.838905775075986,2.0292034428170385
