model_folder,overall_accuracy,top2_overall_accuracy,accuracy_Angry,top2_accuracy_Angry,nll_Angry,accuracy_Contempt,top2_accuracy_Contempt,nll_Contempt,accuracy_Disgust,top2_accuracy_Disgust,nll_Disgust,accuracy_Fear,top2_accuracy_Fear,nll_Fear,accuracy_Happiness,top2_accuracy_Happiness,nll_Happiness,accuracy_Neutral,top2_accuracy_Neutral,nll_Neutral,accuracy_Sadness,top2_accuracy_Sadness,nll_Sadness,accuracy_Surprise,top2_accuracy_Surprise,nll_Surprise
Epoch 5,95.75835475578405,99.61439588688945,94.68085106382979,100.0,0.19120359396073908,91.95402298850574,100.0,0.2576489972673217,94.68085106382979,98.93617021276596,0.15219521402050687,95.76271186440678,100.0,0.07750042419952397,100.0,100.0,0.005571939994379908,97.61904761904762,100.0,0.07791645335478707,94.73684210526316,98.24561403508773,0.20112523011696612,96.5909090909091,100.0,0.10930173515085198
