model_folder,overall_accuracy,top2_overall_accuracy,accuracy_Angry,top2_accuracy_Angry,nll_Angry,accuracy_Contempt,top2_accuracy_Contempt,nll_Contempt,accuracy_Disgust,top2_accuracy_Disgust,nll_Disgust,accuracy_Fear,top2_accuracy_Fear,nll_Fear,accuracy_Happiness,top2_accuracy_Happiness,nll_Happiness,accuracy_Neutral,top2_accuracy_Neutral,nll_Neutral,accuracy_Sadness,top2_accuracy_Sadness,nll_Sadness,accuracy_Surprise,top2_accuracy_Surprise,nll_Surprise
enet_b0_100M_75W_finetuned_best,91.00257069408741,98.32904884318766,86.17021276595744,97.87234042553192,0.3531977888196707,83.9080459770115,97.70114942528735,0.4256824168815524,82.97872340425532,95.74468085106383,0.4204892297891499,89.83050847457628,99.15254237288136,0.20795008548662672,97.97979797979798,100.0,0.033305175346012635,98.80952380952381,100.0,0.07000937436576,93.85964912280701,98.24561403508773,0.1727935467621849,94.31818181818181,97.72727272727273,0.1718822719454196
