{
    "overall": {
        "accuracy": 0.910025706940874,
        "macro avg": {
            "precision": 0.9102831482651303,
            "recall": 0.9098183041901389,
            "f1-score": 0.9094320491878486,
            "support": 778
        },
        "weighted avg": {
            "precision": 0.9102494040260203,
            "recall": 0.910025706940874,
            "f1-score": 0.9095285547749137,
            "support": 778
        }
    },
    "per_class": {},
    "Angry": {
        "precision": 0.8617021276595744,
        "recall": 0.8617021276595744,
        "f1-score": 0.8617021276595744,
        "accuracy": 0.8617021276595744,
        "support": 94,
        "tp": 81,
        "fp": 13,
        "fn": 13,
        "tn": 671
    },
    "Contempt": {
        "precision": 0.8902439024390244,
        "recall": 0.8390804597701149,
        "f1-score": 0.8639053254437871,
        "accuracy": 0.8390804597701149,
        "support": 87,
        "tp": 73,
        "fp": 9,
        "fn": 14,
        "tn": 682
    },
    "Disgust": {
        "precision": 0.9069767441860465,
        "recall": 0.8297872340425532,
        "f1-score": 0.8666666666666666,
        "accuracy": 0.8297872340425532,
        "support": 94,
        "tp": 78,
        "fp": 8,
        "fn": 16,
        "tn": 676
    },
    "Fear": {
        "precision": 0.9217391304347826,
        "recall": 0.8983050847457628,
        "f1-score": 0.9098712446351932,
        "accuracy": 0.8983050847457628,
        "support": 118,
        "tp": 106,
        "fp": 9,
        "fn": 12,
        "tn": 651
    },
    "Happiness": {
        "precision": 0.9897959183673469,
        "recall": 0.9797979797979798,
        "f1-score": 0.9847715736040609,
        "accuracy": 0.9797979797979798,
        "support": 99,
        "tp": 97,
        "fp": 1,
        "fn": 2,
        "tn": 678
    },
    "Neutral": {
        "precision": 0.9325842696629213,
        "recall": 0.9880952380952381,
        "f1-score": 0.9595375722543353,
        "accuracy": 0.9880952380952381,
        "support": 84,
        "tp": 83,
        "fp": 6,
        "fn": 1,
        "tn": 688
    },
    "Sadness": {
        "precision": 0.8770491803278688,
        "recall": 0.9385964912280702,
        "f1-score": 0.9067796610169491,
        "accuracy": 0.9385964912280702,
        "support": 114,
        "tp": 107,
        "fp": 15,
        "fn": 7,
        "tn": 649
    },
    "Surprise": {
        "precision": 0.9021739130434783,
        "recall": 0.9431818181818182,
        "f1-score": 0.9222222222222224,
        "accuracy": 0.9431818181818182,
        "support": 88,
        "tp": 83,
        "fp": 9,
        "fn": 5,
        "tn": 681
    }
}