{
    "Angry": {
        "precision": 0.8617021276595744,
        "recall": 0.8617021276595744,
        "f1-score": 0.8617021276595744,
        "support": 94.0
    },
    "Contempt": {
        "precision": 0.8902439024390244,
        "recall": 0.8390804597701149,
        "f1-score": 0.863905325443787,
        "support": 87.0
    },
    "Disgust": {
        "precision": 0.9069767441860465,
        "recall": 0.8297872340425532,
        "f1-score": 0.8666666666666667,
        "support": 94.0
    },
    "Fear": {
        "precision": 0.9217391304347826,
        "recall": 0.8983050847457628,
        "f1-score": 0.9098712446351931,
        "support": 118.0
    },
    "Happiness": {
        "precision": 0.9897959183673469,
        "recall": 0.9797979797979798,
        "f1-score": 0.9847715736040609,
        "support": 99.0
    },
    "Neutral": {
        "precision": 0.9325842696629213,
        "recall": 0.9880952380952381,
        "f1-score": 0.9595375722543352,
        "support": 84.0
    },
    "Sadness": {
        "precision": 0.8770491803278688,
        "recall": 0.9385964912280702,
        "f1-score": 0.9067796610169492,
        "support": 114.0
    },
    "Surprise": {
        "precision": 0.9021739130434783,
        "recall": 0.9431818181818182,
        "f1-score": 0.9222222222222223,
        "support": 88.0
    },
    "accuracy": 0.910025706940874,
    "macro avg": {
        "precision": 0.9102831482651303,
        "recall": 0.9098183041901389,
        "f1-score": 0.9094320491878486,
        "support": 778.0
    },
    "weighted avg": {
        "precision": 0.9102494040260203,
        "recall": 0.910025706940874,
        "f1-score": 0.9095285547749138,
        "support": 778.0
    },
    "overall_accuracy": 91.00257069408741,
    "per_emotion_accuracy": {
        "Angry": 86.17021276595744,
        "Contempt": 83.9080459770115,
        "Disgust": 82.97872340425532,
        "Fear": 89.83050847457628,
        "Happiness": 97.97979797979798,
        "Neutral": 98.80952380952381,
        "Sadness": 93.85964912280701,
        "Surprise": 94.31818181818181
    }
}