{
    "Angry": {
        "precision": 0.5390625,
        "recall": 0.15898617511520738,
        "f1-score": 0.24555160142348753,
        "support": 434.0
    },
    "Contempt": {
        "precision": 0.0,
        "recall": 0.0,
        "f1-score": 0.0,
        "support": 0.0
    },
    "Disgust": {
        "precision": 0.27200791295746785,
        "recall": 0.6740196078431373,
        "f1-score": 0.3875968992248062,
        "support": 408.0
    },
    "Fear": {
        "precision": 0.5803571428571429,
        "recall": 0.4234527687296417,
        "f1-score": 0.4896421845574388,
        "support": 307.0
    },
    "Happiness": {
        "precision": 0.9497098646034816,
        "recall": 0.41434599156118146,
        "f1-score": 0.5769682726204466,
        "support": 1185.0
    },
    "Neutral": {
        "precision": 0.49822695035460995,
        "recall": 0.41323529411764703,
        "f1-score": 0.4517684887459807,
        "support": 680.0
    },
    "Sadness": {
        "precision": 0.660377358490566,
        "recall": 0.5857740585774058,
        "f1-score": 0.6208425720620843,
        "support": 478.0
    },
    "Surprise": {
        "precision": 0.38474295190713104,
        "recall": 0.7051671732522796,
        "f1-score": 0.4978540772532189,
        "support": 329.0
    },
    "accuracy": 0.4600889819419,
    "macro avg": {
        "precision": 0.48556058514629996,
        "recall": 0.4218726336495625,
        "f1-score": 0.4087780119859329,
        "support": 3821.0
    },
    "weighted avg": {
        "precision": 0.6358396547176098,
        "recall": 0.4600889819419,
        "f1-score": 0.4884835898521669,
        "support": 3821.0
    }
}