model_folder,overall_accuracy,top2_overall_accuracy,accuracy_Angry,top2_accuracy_Angry,nll_Angry,accuracy_Contempt,top2_accuracy_Contempt,nll_Contempt,accuracy_Disgust,top2_accuracy_Disgust,nll_Disgust,accuracy_Fear,top2_accuracy_Fear,nll_Fear,accuracy_Happiness,top2_accuracy_Happiness,nll_Happiness,accuracy_Neutral,top2_accuracy_Neutral,nll_Neutral,accuracy_Sadness,top2_accuracy_Sadness,nll_Sadness,accuracy_Surprise,top2_accuracy_Surprise,nll_Surprise
enet_b0_100W_25M_fine_best_val,64.9568175870191,84.14027741428946,48.617511520737324,80.64516129032258,1.2583311588786679,,,,57.35294117647059,69.8529411764706,1.387774879354801,43.32247557003257,64.16938110749186,1.5522394796366217,80.92827004219409,94.26160337552743,0.562925901839987,54.411764705882355,82.94117647058823,1.1590304705697825,72.80334728033473,87.02928870292887,0.8056414737953087,68.9969604863222,86.93009118541033,0.9151937933157461
