{
    "overall": {
        "accuracy": 0.649568175870191,
        "macro avg": {
            "precision": 0.6681210758147303,
            "recall": 0.6091903868313912,
            "f1-score": 0.6280942255627774,
            "support": 3821
        },
        "weighted avg": {
            "precision": 0.7106200065377126,
            "recall": 0.649568175870191,
            "f1-score": 0.6715680627345444,
            "support": 3821
        }
    },
    "Angry": {
        "precision": 0.705685618729097,
        "recall": 0.4861751152073733,
        "f1-score": 0.5757162346521146,
        "accuracy": 0.4861751152073733,
        "support": 434,
        "True Positives": 211,
        "False Positives": 88,
        "False Negatives": 223,
        "True Negatives": 3299
    },
    "Disgust": {
        "precision": 0.4373831775700935,
        "recall": 0.5735294117647058,
        "f1-score": 0.4962884411452809,
        "accuracy": 0.5735294117647058,
        "support": 408,
        "True Positives": 234,
        "False Positives": 301,
        "False Negatives": 174,
        "True Negatives": 3112
    },
    "Fear": {
        "precision": 0.6616915422885572,
        "recall": 0.43322475570032576,
        "f1-score": 0.5236220472440946,
        "accuracy": 0.43322475570032576,
        "support": 307,
        "True Positives": 133,
        "False Positives": 68,
        "False Negatives": 174,
        "True Negatives": 3446
    },
    "Happiness": {
        "precision": 0.8360941586748039,
        "recall": 0.809282700421941,
        "f1-score": 0.8224699828473413,
        "accuracy": 0.809282700421941,
        "support": 1185,
        "True Positives": 959,
        "False Positives": 188,
        "False Negatives": 226,
        "True Negatives": 2448
    },
    "Neutral": {
        "precision": 0.7489878542510121,
        "recall": 0.5441176470588235,
        "f1-score": 0.6303236797274275,
        "accuracy": 0.5441176470588235,
        "support": 680,
        "True Positives": 370,
        "False Positives": 124,
        "False Negatives": 310,
        "True Negatives": 3017
    },
    "Sadness": {
        "precision": 0.6973947895791583,
        "recall": 0.7280334728033473,
        "f1-score": 0.7123848515864892,
        "accuracy": 0.7280334728033473,
        "support": 478,
        "True Positives": 348,
        "False Positives": 151,
        "False Negatives": 130,
        "True Negatives": 3192
    },
    "Surprise": {
        "precision": 0.5896103896103896,
        "recall": 0.6899696048632219,
        "f1-score": 0.6358543417366946,
        "accuracy": 0.6899696048632219,
        "support": 329,
        "True Positives": 227,
        "False Positives": 158,
        "False Negatives": 102,
        "True Negatives": 3334
    }
}