model_folder,overall_accuracy,top2_overall_accuracy,accuracy_Angry,top2_accuracy_Angry,nll_Angry,accuracy_Contempt,top2_accuracy_Contempt,nll_Contempt,accuracy_Disgust,top2_accuracy_Disgust,nll_Disgust,accuracy_Fear,top2_accuracy_Fear,nll_Fear,accuracy_Happiness,top2_accuracy_Happiness,nll_Happiness,accuracy_Neutral,top2_accuracy_Neutral,nll_Neutral,accuracy_Sadness,top2_accuracy_Sadness,nll_Sadness,accuracy_Surprise,top2_accuracy_Surprise,nll_Surprise
Epoch 5,94.73007712082263,99.22879177377892,92.55319148936171,100.0,0.18460994954199286,85.05747126436782,98.85057471264368,0.4065871747262285,94.68085106382979,98.93617021276596,0.14204353674868223,95.76271186440678,98.30508474576271,0.1301870754386635,100.0,100.0,0.009762262060165325,97.61904761904762,100.0,0.07490061962800858,95.6140350877193,98.24561403508773,0.18057930282861237,95.45454545454545,100.0,0.12027007106272235
