{
    "Angry": {
        "precision": 0.8613861386138614,
        "recall": 0.925531914893617,
        "f1-score": 0.8923076923076924,
        "support": 94.0
    },
    "Contempt": {
        "precision": 0.9024390243902439,
        "recall": 0.8505747126436781,
        "f1-score": 0.8757396449704142,
        "support": 87.0
    },
    "Disgust": {
        "precision": 0.9468085106382979,
        "recall": 0.9468085106382979,
        "f1-score": 0.9468085106382979,
        "support": 94.0
    },
    "Fear": {
        "precision": 0.9576271186440678,
        "recall": 0.9576271186440678,
        "f1-score": 0.9576271186440678,
        "support": 118.0
    },
    "Happiness": {
        "precision": 1.0,
        "recall": 1.0,
        "f1-score": 1.0,
        "support": 99.0
    },
    "Neutral": {
        "precision": 0.9761904761904762,
        "recall": 0.9761904761904762,
        "f1-score": 0.9761904761904762,
        "support": 84.0
    },
    "Sadness": {
        "precision": 0.9732142857142857,
        "recall": 0.956140350877193,
        "f1-score": 0.9646017699115044,
        "support": 114.0
    },
    "Surprise": {
        "precision": 0.9545454545454546,
        "recall": 0.9545454545454546,
        "f1-score": 0.9545454545454546,
        "support": 88.0
    },
    "accuracy": 0.9473007712082262,
    "macro avg": {
        "precision": 0.9465263760920859,
        "recall": 0.9459273173040981,
        "f1-score": 0.9459775834009885,
        "support": 778.0
    },
    "weighted avg": {
        "precision": 0.947852083191623,
        "recall": 0.9473007712082262,
        "f1-score": 0.9473404549604892,
        "support": 778.0
    }
}