model_folder,overall_accuracy,top2_overall_accuracy,accuracy_Angry,top2_accuracy_Angry,nll_Angry,accuracy_Contempt,top2_accuracy_Contempt,nll_Contempt,accuracy_Disgust,top2_accuracy_Disgust,nll_Disgust,accuracy_Fear,top2_accuracy_Fear,nll_Fear,accuracy_Happiness,top2_accuracy_Happiness,nll_Happiness,accuracy_Neutral,top2_accuracy_Neutral,nll_Neutral,accuracy_Sadness,top2_accuracy_Sadness,nll_Sadness,accuracy_Surprise,top2_accuracy_Surprise,nll_Surprise
enet_b0_100M_100W_finetuned_best,93.05912596401028,98.84318766066838,86.17021276595744,96.80851063829788,0.3375444797971756,82.75862068965517,98.85057471264368,0.49806625175225583,93.61702127659575,98.93617021276596,0.24769796802231325,93.22033898305085,99.15254237288136,0.17138017215238194,98.98989898989899,100.0,0.022875599265489047,96.42857142857143,100.0,0.13052453699189448,94.73684210526316,98.24561403508773,0.18533957111752758,97.72727272727273,98.86363636363636,0.1272385926815993
