model_folder,overall_accuracy,top2_overall_accuracy,accuracy_Angry,top2_accuracy_Angry,nll_Angry,accuracy_Contempt,top2_accuracy_Contempt,nll_Contempt,accuracy_Disgust,top2_accuracy_Disgust,nll_Disgust,accuracy_Fear,top2_accuracy_Fear,nll_Fear,accuracy_Happiness,top2_accuracy_Happiness,nll_Happiness,accuracy_Neutral,top2_accuracy_Neutral,nll_Neutral,accuracy_Sadness,top2_accuracy_Sadness,nll_Sadness,accuracy_Surprise,top2_accuracy_Surprise,nll_Surprise
enet_b0_100M_100W_fine_epoch30,83.67609254498714,95.11568123393316,80.85106382978724,98.93617021276596,0.6551844847804689,73.5632183908046,93.10344827586206,0.8242983275960232,69.14893617021276,87.23404255319149,0.7780655891575078,80.50847457627118,94.0677966101695,0.5301305947320188,98.98989898989899,100.0,0.05771184689188936,92.85714285714286,100.0,0.3542572431088913,87.71929824561404,92.10526315789474,0.44709553960523113,85.22727272727273,96.5909090909091,0.3822004873866469
