{
    "Angry": {
        "precision": 0.7037037037037037,
        "recall": 0.8085106382978723,
        "f1-score": 0.7524752475247525,
        "support": 94.0
    },
    "Contempt": {
        "precision": 0.7901234567901234,
        "recall": 0.735632183908046,
        "f1-score": 0.7619047619047619,
        "support": 87.0
    },
    "Disgust": {
        "precision": 0.7738095238095238,
        "recall": 0.6914893617021277,
        "f1-score": 0.7303370786516854,
        "support": 94.0
    },
    "Fear": {
        "precision": 0.8482142857142857,
        "recall": 0.8050847457627118,
        "f1-score": 0.8260869565217391,
        "support": 118.0
    },
    "Happiness": {
        "precision": 0.9702970297029703,
        "recall": 0.98989898989899,
        "f1-score": 0.98,
        "support": 99.0
    },
    "Neutral": {
        "precision": 0.8478260869565217,
        "recall": 0.9285714285714286,
        "f1-score": 0.8863636363636364,
        "support": 84.0
    },
    "Sadness": {
        "precision": 0.8849557522123894,
        "recall": 0.8771929824561403,
        "f1-score": 0.8810572687224669,
        "support": 114.0
    },
    "Surprise": {
        "precision": 0.8620689655172413,
        "recall": 0.8522727272727273,
        "f1-score": 0.8571428571428571,
        "support": 88.0
    },
    "accuracy": 0.8367609254498715,
    "macro avg": {
        "precision": 0.835124850550845,
        "recall": 0.8360816322337554,
        "f1-score": 0.8344209758539873,
        "support": 778.0
    },
    "weighted avg": {
        "precision": 0.8377122002621354,
        "recall": 0.8367609254498715,
        "f1-score": 0.836107942587844,
        "support": 778.0
    },
    "overall_accuracy": 83.67609254498714,
    "per_emotion_accuracy": {
        "Angry": 80.85106382978724,
        "Contempt": 73.5632183908046,
        "Disgust": 69.14893617021276,
        "Fear": 80.50847457627118,
        "Happiness": 98.98989898989899,
        "Neutral": 92.85714285714286,
        "Sadness": 87.71929824561404,
        "Surprise": 85.22727272727273
    }
}