{
    "Angry": {
        "precision": 0.8085106382978723,
        "recall": 0.8085106382978723,
        "f1-score": 0.8085106382978723,
        "support": 94.0
    },
    "Disgust": {
        "precision": 0.7926829268292683,
        "recall": 0.6914893617021277,
        "f1-score": 0.7386363636363636,
        "support": 94.0
    },
    "Fear": {
        "precision": 0.8482142857142857,
        "recall": 0.8050847457627118,
        "f1-score": 0.8260869565217391,
        "support": 118.0
    },
    "Happiness": {
        "precision": 0.98,
        "recall": 0.98989898989899,
        "f1-score": 0.9849246231155779,
        "support": 99.0
    },
    "Neutral": {
        "precision": 0.8764044943820225,
        "recall": 0.9285714285714286,
        "f1-score": 0.9017341040462428,
        "support": 84.0
    },
    "Sadness": {
        "precision": 0.9090909090909091,
        "recall": 0.8771929824561403,
        "f1-score": 0.8928571428571429,
        "support": 114.0
    },
    "Surprise": {
        "precision": 0.8620689655172413,
        "recall": 0.8522727272727273,
        "f1-score": 0.8571428571428571,
        "support": 88.0
    },
    "micro avg": {
        "precision": 0.870919881305638,
        "recall": 0.849493487698987,
        "f1-score": 0.8600732600732601,
        "support": 691.0
    },
    "macro avg": {
        "precision": 0.8681388885473712,
        "recall": 0.8504315534231426,
        "f1-score": 0.8585560979453994,
        "support": 691.0
    },
    "weighted avg": {
        "precision": 0.8693746613114439,
        "recall": 0.849493487698987,
        "f1-score": 0.8587229626541184,
        "support": 691.0
    },
    "overall_accuracy": 84.94934876989869,
    "per_emotion_accuracy": {
        "Angry": 80.85106382978724,
        "Disgust": 69.14893617021276,
        "Fear": 80.50847457627118,
        "Happiness": 98.98989898989899,
        "Neutral": 92.85714285714286,
        "Sadness": 87.71929824561404,
        "Surprise": 85.22727272727273
    }
}