model_folder,overall_accuracy,top2_overall_accuracy,accuracy_Angry,top2_accuracy_Angry,nll_Angry,accuracy_Contempt,top2_accuracy_Contempt,nll_Contempt,accuracy_Disgust,top2_accuracy_Disgust,nll_Disgust,accuracy_Fear,top2_accuracy_Fear,nll_Fear,accuracy_Happiness,top2_accuracy_Happiness,nll_Happiness,accuracy_Neutral,top2_accuracy_Neutral,nll_Neutral,accuracy_Sadness,top2_accuracy_Sadness,nll_Sadness,accuracy_Surprise,top2_accuracy_Surprise,nll_Surprise
100,61.999476576812356,83.87856582046585,38.0184331797235,81.5668202764977,1.421516416935585,,,,63.23529411764706,74.26470588235294,1.1875313890084405,49.185667752442995,69.70684039087948,1.3346753403884193,73.67088607594937,90.12658227848101,0.7088094232017902,54.411764705882355,84.11764705882354,1.176813457752852,71.54811715481172,87.02928870292887,0.8306310368225925,63.829787234042556,84.4984802431611,1.0016844698813911
25,68.35906830672599,86.02460088981942,58.986175115207374,85.48387096774194,1.0652115148693873,,,,56.372549019607845,71.07843137254902,1.3595660829222669,50.814332247557005,69.70684039087948,1.3899104022011404,84.38818565400844,95.18987341772151,0.4526728401849521,62.05882352941177,86.02941176470588,1.0872081870760988,71.54811715481172,88.07531380753139,0.7964737406505854,62.61398176291793,84.4984802431611,1.0381914735361255
50,66.47474483119602,85.13478147081916,54.3778801843318,85.71428571428571,1.1152758820010307,,,,58.8235294117647,72.30392156862744,1.3018693851361818,51.465798045602604,70.68403908794788,1.3478771960575147,79.15611814345992,92.40506329113924,0.5879694222716306,62.5,86.17647058823529,1.0710401394897524,69.24686192468619,85.35564853556485,0.8729376024863718,64.43768996960486,85.1063829787234,1.0204924833267293
75,62.57524208322429,84.1141062549071,40.55299539170507,82.71889400921658,1.3285601469108723,,,,62.745098039215684,74.01960784313725,1.1963913922937697,49.185667752442995,71.00977198697069,1.334495987342701,74.76793248945148,90.54852320675106,0.6783725996873093,54.26470588235294,83.82352941176471,1.1789703814860653,72.38493723849372,87.23849372384937,0.834121217956293,62.91793313069909,83.58662613981762,1.0418214109417696
