model_folder,overall_accuracy,top2_overall_accuracy,accuracy_Angry,top2_accuracy_Angry,nll_Angry,accuracy_Contempt,top2_accuracy_Contempt,nll_Contempt,accuracy_Disgust,top2_accuracy_Disgust,nll_Disgust,accuracy_Fear,top2_accuracy_Fear,nll_Fear,accuracy_Happiness,top2_accuracy_Happiness,nll_Happiness,accuracy_Neutral,top2_accuracy_Neutral,nll_Neutral,accuracy_Sadness,top2_accuracy_Sadness,nll_Sadness,accuracy_Surprise,top2_accuracy_Surprise,nll_Surprise
enet_b0_100M_75W_fine_best_val,63.12483643025386,84.61135828317194,35.714285714285715,79.72350230414746,1.4570262363386526,,,,64.95098039215686,75.73529411764706,1.1565881614737652,51.79153094462541,72.63843648208469,1.290477298066651,75.10548523206751,90.71729957805907,0.6692784941652143,56.029411764705884,84.55882352941177,1.1512607587830108,73.01255230125523,89.33054393305439,0.7742962429156746,64.74164133738601,84.4984802431611,0.9849534233109205
