{
    "Angry": {
        "precision": 0.7110091743119266,
        "recall": 0.35714285714285715,
        "f1-score": 0.4754601226993865,
        "support": 434.0
    },
    "Disgust": {
        "precision": 0.38742690058479534,
        "recall": 0.6495098039215687,
        "f1-score": 0.48534798534798534,
        "support": 408.0
    },
    "Fear": {
        "precision": 0.5977443609022557,
        "recall": 0.5179153094462541,
        "f1-score": 0.5549738219895288,
        "support": 307.0
    },
    "Happiness": {
        "precision": 0.8908908908908909,
        "recall": 0.7510548523206751,
        "f1-score": 0.815018315018315,
        "support": 1185.0
    },
    "Neutral": {
        "precision": 0.7369439071566731,
        "recall": 0.5602941176470588,
        "f1-score": 0.6365914786967418,
        "support": 680.0
    },
    "Sadness": {
        "precision": 0.6843137254901961,
        "recall": 0.7301255230125523,
        "f1-score": 0.7064777327935222,
        "support": 478.0
    },
    "Surprise": {
        "precision": 0.5664893617021277,
        "recall": 0.6474164133738601,
        "f1-score": 0.6042553191489362,
        "support": 329.0
    },
    "micro avg": {
        "precision": 0.6756302521008404,
        "recall": 0.6312483643025386,
        "f1-score": 0.6526856988228927,
        "support": 3821.0
    },
    "macro avg": {
        "precision": 0.6535454744341236,
        "recall": 0.6019226966949752,
        "f1-score": 0.6111606822420594,
        "support": 3821.0
    },
    "weighted avg": {
        "precision": 0.711975974677708,
        "recall": 0.6312483643025386,
        "f1-score": 0.6568761841690888,
        "support": 3821.0
    },
    "overall_accuracy": 63.12483643025386,
    "per_emotion_accuracy": {
        "Angry": 35.714285714285715,
        "Disgust": 64.95098039215686,
        "Fear": 51.79153094462541,
        "Happiness": 75.10548523206751,
        "Neutral": 56.029411764705884,
        "Sadness": 73.01255230125523,
        "Surprise": 64.74164133738601
    }
}