model_folder,overall_accuracy,top2_overall_accuracy,accuracy_Angry,top2_accuracy_Angry,nll_Angry,accuracy_Contempt,top2_accuracy_Contempt,nll_Contempt,accuracy_Disgust,top2_accuracy_Disgust,nll_Disgust,accuracy_Fear,top2_accuracy_Fear,nll_Fear,accuracy_Happiness,top2_accuracy_Happiness,nll_Happiness,accuracy_Neutral,top2_accuracy_Neutral,nll_Neutral,accuracy_Sadness,top2_accuracy_Sadness,nll_Sadness,accuracy_Surprise,top2_accuracy_Surprise,nll_Surprise
enet_b0_100W_50M_fine_best_val,63.12483643025386,83.82622350170112,45.16129032258065,83.17972350230414,1.2483572613894254,,,,59.80392156862745,71.81372549019608,1.27216622839207,47.23127035830619,66.12377850162866,1.443559028899922,75.9493670886076,91.56118143459915,0.6571105664275205,52.205882352941174,81.76470588235294,1.1922932416748475,73.84937238493724,87.44769874476988,0.80672867822794,66.56534954407294,87.23404255319149,0.9423636571931622
