{
    "overall": {
        "accuracy": 0.6312483643025386,
        "macro avg": {
            "precision": 0.5706719850310251,
            "recall": 0.5259580670250915,
            "f1-score": 0.5387130616575316,
            "support": 3821
        },
        "weighted avg": {
            "precision": 0.7056147873203598,
            "recall": 0.6312483643025386,
            "f1-score": 0.6584525711973942,
            "support": 3821
        }
    },
    "Angry": {
        "precision": 0.6712328767123288,
        "recall": 0.45161290322580644,
        "f1-score": 0.5399449035812671,
        "accuracy": 0.45161290322580644,
        "support": 434,
        "True Positives": 196,
        "False Positives": 96,
        "False Negatives": 238,
        "True Negatives": 3291
    },
    "Contempt": {
        "precision": 0.0,
        "recall": 0.0,
        "f1-score": 0.0,
        "accuracy": 0.0,
        "support": 0,
        "True Positives": 0,
        "False Positives": 284,
        "False Negatives": 0,
        "True Negatives": 3537
    },
    "Disgust": {
        "precision": 0.4107744107744108,
        "recall": 0.5980392156862745,
        "f1-score": 0.48702594810379246,
        "accuracy": 0.5980392156862745,
        "support": 408,
        "True Positives": 244,
        "False Positives": 350,
        "False Negatives": 164,
        "True Negatives": 3063
    },
    "Fear": {
        "precision": 0.6277056277056277,
        "recall": 0.4723127035830619,
        "f1-score": 0.5390334572490706,
        "accuracy": 0.4723127035830619,
        "support": 307,
        "True Positives": 145,
        "False Positives": 86,
        "False Negatives": 162,
        "True Negatives": 3428
    },
    "Happiness": {
        "precision": 0.8687258687258688,
        "recall": 0.759493670886076,
        "f1-score": 0.810445745159838,
        "accuracy": 0.759493670886076,
        "support": 1185,
        "True Positives": 900,
        "False Positives": 136,
        "False Negatives": 285,
        "True Negatives": 2500
    },
    "Neutral": {
        "precision": 0.7334710743801653,
        "recall": 0.5220588235294118,
        "f1-score": 0.6099656357388317,
        "accuracy": 0.5220588235294118,
        "support": 680,
        "True Positives": 355,
        "False Positives": 129,
        "False Negatives": 325,
        "True Negatives": 3012
    },
    "Sadness": {
        "precision": 0.6976284584980237,
        "recall": 0.7384937238493724,
        "f1-score": 0.717479674796748,
        "accuracy": 0.7384937238493724,
        "support": 478,
        "True Positives": 353,
        "False Positives": 153,
        "False Negatives": 125,
        "True Negatives": 3190
    },
    "Surprise": {
        "precision": 0.5558375634517766,
        "recall": 0.6656534954407295,
        "f1-score": 0.6058091286307054,
        "accuracy": 0.6656534954407295,
        "support": 329,
        "True Positives": 219,
        "False Positives": 175,
        "False Negatives": 110,
        "True Negatives": 3317
    }
}