{
    "Angry": {
        "precision": 0.6712328767123288,
        "recall": 0.45161290322580644,
        "f1-score": 0.5399449035812672,
        "support": 434.0
    },
    "Disgust": {
        "precision": 0.4107744107744108,
        "recall": 0.5980392156862745,
        "f1-score": 0.4870259481037924,
        "support": 408.0
    },
    "Fear": {
        "precision": 0.6277056277056277,
        "recall": 0.4723127035830619,
        "f1-score": 0.5390334572490706,
        "support": 307.0
    },
    "Happiness": {
        "precision": 0.8687258687258688,
        "recall": 0.759493670886076,
        "f1-score": 0.8104457451598379,
        "support": 1185.0
    },
    "Neutral": {
        "precision": 0.7334710743801653,
        "recall": 0.5220588235294118,
        "f1-score": 0.6099656357388317,
        "support": 680.0
    },
    "Sadness": {
        "precision": 0.6976284584980237,
        "recall": 0.7384937238493724,
        "f1-score": 0.717479674796748,
        "support": 478.0
    },
    "Surprise": {
        "precision": 0.5558375634517766,
        "recall": 0.6656534954407295,
        "f1-score": 0.6058091286307054,
        "support": 329.0
    },
    "micro avg": {
        "precision": 0.6819338422391857,
        "recall": 0.6312483643025386,
        "f1-score": 0.6556129382984507,
        "support": 3821.0
    },
    "macro avg": {
        "precision": 0.6521965543211717,
        "recall": 0.6010949337429617,
        "f1-score": 0.6156720704657505,
        "support": 3821.0
    },
    "weighted avg": {
        "precision": 0.7056147873203599,
        "recall": 0.6312483643025386,
        "f1-score": 0.6584525711973942,
        "support": 3821.0
    },
    "overall_accuracy": 63.12483643025386,
    "per_emotion_accuracy": {
        "Angry": 45.16129032258065,
        "Disgust": 59.80392156862745,
        "Fear": 47.23127035830619,
        "Happiness": 75.9493670886076,
        "Neutral": 52.205882352941174,
        "Sadness": 73.84937238493724,
        "Surprise": 66.56534954407294
    }
}