{
    "Angry": {
        "precision": 0.9368421052631579,
        "recall": 0.9468085106382979,
        "f1-score": 0.9417989417989417,
        "support": 94.0
    },
    "Disgust": {
        "precision": 0.967391304347826,
        "recall": 0.9468085106382979,
        "f1-score": 0.956989247311828,
        "support": 94.0
    },
    "Fear": {
        "precision": 0.9741379310344828,
        "recall": 0.9576271186440678,
        "f1-score": 0.9658119658119658,
        "support": 118.0
    },
    "Happiness": {
        "precision": 0.99,
        "recall": 1.0,
        "f1-score": 0.9949748743718593,
        "support": 99.0
    },
    "Neutral": {
        "precision": 0.9761904761904762,
        "recall": 0.9761904761904762,
        "f1-score": 0.9761904761904762,
        "support": 84.0
    },
    "Sadness": {
        "precision": 0.9818181818181818,
        "recall": 0.9473684210526315,
        "f1-score": 0.9642857142857143,
        "support": 114.0
    },
    "Surprise": {
        "precision": 0.9659090909090909,
        "recall": 0.9659090909090909,
        "f1-score": 0.9659090909090909,
        "support": 88.0
    },
    "micro avg": {
        "precision": 0.9708029197080292,
        "recall": 0.9623733719247467,
        "f1-score": 0.9665697674418605,
        "support": 691.0
    },
    "macro avg": {
        "precision": 0.970327012794745,
        "recall": 0.9629588754389803,
        "f1-score": 0.9665657586685538,
        "support": 691.0
    },
    "weighted avg": {
        "precision": 0.9708878279200784,
        "recall": 0.9623733719247467,
        "f1-score": 0.966545565461085,
        "support": 691.0
    },
    "overall_accuracy": 96.23733719247467,
    "per_emotion_accuracy": {
        "Angry": 94.68085106382979,
        "Disgust": 94.68085106382979,
        "Fear": 95.76271186440678,
        "Happiness": 100.0,
        "Neutral": 97.61904761904762,
        "Sadness": 94.73684210526316,
        "Surprise": 96.5909090909091
    }
}