{
    "overall": {
        "accuracy": 0.9623733719247467,
        "macro avg": {
            "precision": 0.970327012794745,
            "recall": 0.9629588754389803,
            "f1-score": 0.9665657586685538,
            "support": 691
        },
        "weighted avg": {
            "precision": 0.9708878279200784,
            "recall": 0.9623733719247467,
            "f1-score": 0.966545565461085,
            "support": 691
        }
    },
    "Angry": {
        "precision": 0.9368421052631579,
        "recall": 0.9468085106382979,
        "f1-score": 0.9417989417989417,
        "accuracy": 0.9468085106382979,
        "support": 94,
        "True Positives": 89,
        "False Positives": 6,
        "False Negatives": 5,
        "True Negatives": 591
    },
    "Disgust": {
        "precision": 0.967391304347826,
        "recall": 0.9468085106382979,
        "f1-score": 0.956989247311828,
        "accuracy": 0.9468085106382979,
        "support": 94,
        "True Positives": 89,
        "False Positives": 3,
        "False Negatives": 5,
        "True Negatives": 594
    },
    "Fear": {
        "precision": 0.9741379310344828,
        "recall": 0.9576271186440678,
        "f1-score": 0.9658119658119658,
        "accuracy": 0.9576271186440678,
        "support": 118,
        "True Positives": 113,
        "False Positives": 3,
        "False Negatives": 5,
        "True Negatives": 570
    },
    "Happiness": {
        "precision": 0.99,
        "recall": 1.0,
        "f1-score": 0.9949748743718593,
        "accuracy": 1.0,
        "support": 99,
        "True Positives": 99,
        "False Positives": 1,
        "False Negatives": 0,
        "True Negatives": 591
    },
    "Neutral": {
        "precision": 0.9761904761904762,
        "recall": 0.9761904761904762,
        "f1-score": 0.9761904761904762,
        "accuracy": 0.9761904761904762,
        "support": 84,
        "True Positives": 82,
        "False Positives": 2,
        "False Negatives": 2,
        "True Negatives": 605
    },
    "Sadness": {
        "precision": 0.9818181818181818,
        "recall": 0.9473684210526315,
        "f1-score": 0.9642857142857142,
        "accuracy": 0.9473684210526315,
        "support": 114,
        "True Positives": 108,
        "False Positives": 2,
        "False Negatives": 6,
        "True Negatives": 575
    },
    "Surprise": {
        "precision": 0.9659090909090909,
        "recall": 0.9659090909090909,
        "f1-score": 0.9659090909090909,
        "accuracy": 0.9659090909090909,
        "support": 88,
        "True Positives": 85,
        "False Positives": 3,
        "False Negatives": 3,
        "True Negatives": 600
    }
}