{
    "overall": {
        "accuracy": 0.9073806078147613,
        "macro avg": {
            "precision": 0.9193175945835621,
            "recall": 0.9075660419096315,
            "f1-score": 0.9127764268147144,
            "support": 691
        },
        "weighted avg": {
            "precision": 0.9175597421539734,
            "recall": 0.9073806078147613,
            "f1-score": 0.9118019703187354,
            "support": 691
        }
    },
    "per_class": {},
    "Angry": {
        "precision": 0.9285714285714286,
        "recall": 0.8297872340425532,
        "f1-score": 0.8764044943820225,
        "accuracy": 0.8297872340425532,
        "support": 94,
        "tp": 78,
        "fp": 6,
        "fn": 16,
        "tn": 591
    },
    "Disgust": {
        "precision": 0.8333333333333334,
        "recall": 0.851063829787234,
        "f1-score": 0.8421052631578947,
        "accuracy": 0.851063829787234,
        "support": 94,
        "tp": 80,
        "fp": 16,
        "fn": 14,
        "tn": 581
    },
    "Fear": {
        "precision": 0.9203539823008849,
        "recall": 0.8813559322033898,
        "f1-score": 0.9004329004329005,
        "accuracy": 0.8813559322033898,
        "support": 118,
        "tp": 104,
        "fp": 9,
        "fn": 14,
        "tn": 564
    },
    "Happiness": {
        "precision": 0.9705882352941176,
        "recall": 1.0,
        "f1-score": 0.9850746268656716,
        "accuracy": 1.0,
        "support": 99,
        "tp": 99,
        "fp": 3,
        "fn": 0,
        "tn": 589
    },
    "Neutral": {
        "precision": 0.9753086419753086,
        "recall": 0.9404761904761905,
        "f1-score": 0.9575757575757574,
        "accuracy": 0.9404761904761905,
        "support": 84,
        "tp": 79,
        "fp": 2,
        "fn": 5,
        "tn": 605
    },
    "Sadness": {
        "precision": 0.8760330578512396,
        "recall": 0.9298245614035088,
        "f1-score": 0.902127659574468,
        "accuracy": 0.9298245614035088,
        "support": 114,
        "tp": 106,
        "fp": 15,
        "fn": 8,
        "tn": 562
    },
    "Surprise": {
        "precision": 0.9310344827586207,
        "recall": 0.9204545454545454,
        "f1-score": 0.9257142857142858,
        "accuracy": 0.9204545454545454,
        "support": 88,
        "tp": 81,
        "fp": 6,
        "fn": 7,
        "tn": 597
    }
}