{
    "Angry": {
        "precision": 0.9285714285714286,
        "recall": 0.8297872340425532,
        "f1-score": 0.8764044943820225,
        "support": 94.0
    },
    "Disgust": {
        "precision": 0.8333333333333334,
        "recall": 0.851063829787234,
        "f1-score": 0.8421052631578947,
        "support": 94.0
    },
    "Fear": {
        "precision": 0.9203539823008849,
        "recall": 0.8813559322033898,
        "f1-score": 0.9004329004329005,
        "support": 118.0
    },
    "Happiness": {
        "precision": 0.9705882352941176,
        "recall": 1.0,
        "f1-score": 0.9850746268656716,
        "support": 99.0
    },
    "Neutral": {
        "precision": 0.9753086419753086,
        "recall": 0.9404761904761905,
        "f1-score": 0.9575757575757575,
        "support": 84.0
    },
    "Sadness": {
        "precision": 0.8760330578512396,
        "recall": 0.9298245614035088,
        "f1-score": 0.902127659574468,
        "support": 114.0
    },
    "Surprise": {
        "precision": 0.9310344827586207,
        "recall": 0.9204545454545454,
        "f1-score": 0.9257142857142857,
        "support": 88.0
    },
    "micro avg": {
        "precision": 0.9166666666666666,
        "recall": 0.9073806078147613,
        "f1-score": 0.912,
        "support": 691.0
    },
    "macro avg": {
        "precision": 0.9193175945835621,
        "recall": 0.9075660419096315,
        "f1-score": 0.9127764268147143,
        "support": 691.0
    },
    "weighted avg": {
        "precision": 0.9175597421539734,
        "recall": 0.9073806078147613,
        "f1-score": 0.9118019703187354,
        "support": 691.0
    },
    "overall_accuracy": 90.73806078147612,
    "per_emotion_accuracy": {
        "Angry": 82.97872340425532,
        "Disgust": 85.1063829787234,
        "Fear": 88.13559322033899,
        "Happiness": 100.0,
        "Neutral": 94.04761904761905,
        "Sadness": 92.98245614035088,
        "Surprise": 92.04545454545455
    }
}