{
    "Angry": {
        "precision": 0.31097560975609756,
        "recall": 0.35253456221198154,
        "f1-score": 0.3304535637149028,
        "support": 434.0
    },
    "Disgust": {
        "precision": 0.19008264462809918,
        "recall": 0.11274509803921569,
        "f1-score": 0.14153846153846153,
        "support": 408.0
    },
    "Fear": {
        "precision": 0.12222222222222222,
        "recall": 0.3583061889250814,
        "f1-score": 0.18227009113504558,
        "support": 307.0
    },
    "Happiness": {
        "precision": 0.7134020618556701,
        "recall": 0.5839662447257384,
        "f1-score": 0.6422273781902552,
        "support": 1185.0
    },
    "Neutral": {
        "precision": 0.2937219730941704,
        "recall": 0.19264705882352942,
        "f1-score": 0.23268206039076378,
        "support": 680.0
    },
    "Sadness": {
        "precision": 0.47232472324723246,
        "recall": 0.26778242677824265,
        "f1-score": 0.3417890520694259,
        "support": 478.0
    },
    "Surprise": {
        "precision": 0.30584192439862545,
        "recall": 0.270516717325228,
        "f1-score": 0.2870967741935484,
        "support": 329.0
    },
    "micro avg": {
        "precision": 0.37347729789590256,
        "recall": 0.353048940068045,
        "f1-score": 0.36297591820261,
        "support": 3821.0
    },
    "macro avg": {
        "precision": 0.34408159417173106,
        "recall": 0.30549975668985957,
        "f1-score": 0.30829391160462905,
        "support": 3821.0
    },
    "weighted avg": {
        "precision": 0.4243771137678521,
        "recall": 0.353048940068045,
        "f1-score": 0.37535061679101117,
        "support": 3821.0
    },
    "overall_accuracy": 35.3048940068045,
    "per_emotion_accuracy": {
        "Angry": 35.25345622119816,
        "Disgust": 11.27450980392157,
        "Fear": 35.83061889250814,
        "Happiness": 58.39662447257384,
        "Neutral": 19.264705882352942,
        "Sadness": 26.778242677824267,
        "Surprise": 27.051671732522795
    }
}