model_folder,overall_accuracy,top2_overall_accuracy,accuracy_Angry,top2_accuracy_Angry,nll_Angry,accuracy_Contempt,top2_accuracy_Contempt,nll_Contempt,accuracy_Disgust,top2_accuracy_Disgust,nll_Disgust,accuracy_Fear,top2_accuracy_Fear,nll_Fear,accuracy_Happiness,top2_accuracy_Happiness,nll_Happiness,accuracy_Neutral,top2_accuracy_Neutral,nll_Neutral,accuracy_Sadness,top2_accuracy_Sadness,nll_Sadness,accuracy_Surprise,top2_accuracy_Surprise,nll_Surprise
enet_b0_100M_100W_fine_epoch35,46.16592515048416,70.4789322166972,13.133640552995391,62.44239631336406,2.296072067684292,,,,67.8921568627451,80.1470588235294,0.9581999722651352,43.648208469055376,76.2214983713355,1.4065094940691991,41.18143459915612,61.434599156118146,1.6539620995312292,42.35294117647059,66.76470588235294,1.437566172024783,59.8326359832636,80.5439330543933,1.0854639067842773,71.12462006079028,89.36170212765957,0.8008167547638044
