model_folder,overall_accuracy,top2_overall_accuracy,accuracy_Angry,top2_accuracy_Angry,nll_Angry,accuracy_Contempt,top2_accuracy_Contempt,nll_Contempt,accuracy_Disgust,top2_accuracy_Disgust,nll_Disgust,accuracy_Fear,top2_accuracy_Fear,nll_Fear,accuracy_Happiness,top2_accuracy_Happiness,nll_Happiness,accuracy_Neutral,top2_accuracy_Neutral,nll_Neutral,accuracy_Sadness,top2_accuracy_Sadness,nll_Sadness,accuracy_Surprise,top2_accuracy_Surprise,nll_Surprise
enet_b0_8_best_afew_state_dict,57.455012853470436,74.67866323907455,79.7872340425532,91.48936170212765,0.5039074960650203,1.1494252873563218,13.793103448275861,4.110470560775406,7.446808510638298,36.170212765957444,3.604136435275382,74.57627118644068,93.22033898305085,0.794140903247615,100.0,100.0,0.0024942153883820597,55.95238095238095,71.42857142857143,1.600029428090368,65.78947368421052,90.35087719298245,0.8199995036125632,62.5,87.5,0.8966872902079062
