{
    "Angry": {
        "precision": 0.5966386554621849,
        "recall": 0.16359447004608296,
        "f1-score": 0.25678119349005424,
        "support": 434.0
    },
    "Disgust": {
        "precision": 0.29508196721311475,
        "recall": 0.7058823529411765,
        "f1-score": 0.4161849710982659,
        "support": 408.0
    },
    "Fear": {
        "precision": 0.6183574879227053,
        "recall": 0.4169381107491857,
        "f1-score": 0.4980544747081712,
        "support": 307.0
    },
    "Happiness": {
        "precision": 0.9292035398230089,
        "recall": 0.5316455696202531,
        "f1-score": 0.6763285024154589,
        "support": 1185.0
    },
    "Neutral": {
        "precision": 0.661504424778761,
        "recall": 0.43970588235294117,
        "f1-score": 0.5282685512367491,
        "support": 680.0
    },
    "Sadness": {
        "precision": 0.6412825651302605,
        "recall": 0.6694560669456067,
        "f1-score": 0.6550665301944729,
        "support": 478.0
    },
    "Surprise": {
        "precision": 0.41544117647058826,
        "recall": 0.6869300911854104,
        "f1-score": 0.5177548682703322,
        "support": 329.0
    },
    "micro avg": {
        "precision": 0.5646043165467626,
        "recall": 0.5134781470819157,
        "f1-score": 0.537828947368421,
        "support": 3821.0
    },
    "macro avg": {
        "precision": 0.5939299738286604,
        "recall": 0.516307506262951,
        "f1-score": 0.5069198702019292,
        "support": 3821.0
    },
    "weighted avg": {
        "precision": 0.6708486743304686,
        "recall": 0.5134781470819157,
        "f1-score": 0.5439110895617353,
        "support": 3821.0
    },
    "overall_accuracy": 51.34781470819157,
    "per_emotion_accuracy": {
        "Angry": 16.359447004608295,
        "Disgust": 70.58823529411765,
        "Fear": 41.693811074918564,
        "Happiness": 53.164556962025316,
        "Neutral": 43.970588235294116,
        "Sadness": 66.94560669456067,
        "Surprise": 68.69300911854103
    }
}