model_folder,overall_accuracy,top2_overall_accuracy,accuracy_Angry,top2_accuracy_Angry,nll_Angry,accuracy_Contempt,top2_accuracy_Contempt,nll_Contempt,accuracy_Disgust,top2_accuracy_Disgust,nll_Disgust,accuracy_Fear,top2_accuracy_Fear,nll_Fear,accuracy_Happiness,top2_accuracy_Happiness,nll_Happiness,accuracy_Neutral,top2_accuracy_Neutral,nll_Neutral,accuracy_Sadness,top2_accuracy_Sadness,nll_Sadness,accuracy_Surprise,top2_accuracy_Surprise,nll_Surprise
enet_b0_100M_100W_fine_epoch40,46.061240512954726,70.4789322166972,12.903225806451612,63.824884792626726,2.300803468575538,,,,66.66666666666667,78.43137254901961,1.0161235009105511,41.693811074918564,75.2442996742671,1.439889285974326,41.434599156118146,61.94092827004219,1.6528055567332673,41.470588235294116,65.58823529411765,1.4577310489928899,63.59832635983263,83.05439330543933,0.9840596565550775,68.9969604863222,87.53799392097264,0.8295147774973176
