{
    "Angry": {
        "precision": 0.5283018867924528,
        "recall": 0.12903225806451613,
        "f1-score": 0.2074074074074074,
        "support": 434.0
    },
    "Disgust": {
        "precision": 0.27037773359840955,
        "recall": 0.6666666666666666,
        "f1-score": 0.38472418670438474,
        "support": 408.0
    },
    "Fear": {
        "precision": 0.5688888888888889,
        "recall": 0.4169381107491857,
        "f1-score": 0.48120300751879697,
        "support": 307.0
    },
    "Happiness": {
        "precision": 0.9571150097465887,
        "recall": 0.41434599156118146,
        "f1-score": 0.5783274440518257,
        "support": 1185.0
    },
    "Neutral": {
        "precision": 0.47877758913412566,
        "recall": 0.4147058823529412,
        "f1-score": 0.4444444444444444,
        "support": 680.0
    },
    "Sadness": {
        "precision": 0.6116700201207244,
        "recall": 0.6359832635983264,
        "f1-score": 0.6235897435897436,
        "support": 478.0
    },
    "Surprise": {
        "precision": 0.3975481611208406,
        "recall": 0.6899696048632219,
        "f1-score": 0.5044444444444445,
        "support": 329.0
    },
    "micro avg": {
        "precision": 0.5018534359851725,
        "recall": 0.46061240512954726,
        "f1-score": 0.48034934497816595,
        "support": 3821.0
    },
    "macro avg": {
        "precision": 0.5446684699145757,
        "recall": 0.4810916825508627,
        "f1-score": 0.4605915254515781,
        "support": 3821.0
    },
    "weighted avg": {
        "precision": 0.6273665754651506,
        "recall": 0.46061240512954726,
        "f1-score": 0.48319549054703725,
        "support": 3821.0
    },
    "overall_accuracy": 46.061240512954726,
    "per_emotion_accuracy": {
        "Angry": 12.903225806451612,
        "Disgust": 66.66666666666667,
        "Fear": 41.693811074918564,
        "Happiness": 41.434599156118146,
        "Neutral": 41.470588235294116,
        "Sadness": 63.59832635983263,
        "Surprise": 68.9969604863222
    }
}