model_folder,overall_accuracy,top2_overall_accuracy,accuracy_Angry,top2_accuracy_Angry,nll_Angry,accuracy_Contempt,top2_accuracy_Contempt,nll_Contempt,accuracy_Disgust,top2_accuracy_Disgust,nll_Disgust,accuracy_Fear,top2_accuracy_Fear,nll_Fear,accuracy_Happiness,top2_accuracy_Happiness,nll_Happiness,accuracy_Neutral,top2_accuracy_Neutral,nll_Neutral,accuracy_Sadness,top2_accuracy_Sadness,nll_Sadness,accuracy_Surprise,top2_accuracy_Surprise,nll_Surprise
enet_b0_100M_0W_finetuned_best,76.60668380462725,89.7172236503856,60.638297872340424,78.72340425531915,1.100419740036546,66.66666666666667,83.9080459770115,1.2011336541798865,64.8936170212766,77.65957446808511,1.241066614340796,59.32203389830509,87.28813559322033,1.4354469568570494,100.0,100.0,0.01627885291118629,88.0952380952381,98.80952380952381,0.2987515246007942,81.57894736842105,93.85964912280701,0.57314503658626,95.45454545454545,97.72727272727273,0.12291467815249355
