{
    "overall": {
        "accuracy": 0.7660668380462725,
        "macro avg": {
            "precision": 0.7829214489268771,
            "recall": 0.7708116829709917,
            "f1-score": 0.762877269826305,
            "support": 778
        },
        "weighted avg": {
            "precision": 0.7900073260828133,
            "recall": 0.7660668380462725,
            "f1-score": 0.7647557408647083,
            "support": 778
        }
    },
    "per_class": {},
    "Angry": {
        "precision": 0.7808219178082192,
        "recall": 0.6063829787234043,
        "f1-score": 0.6826347305389222,
        "accuracy": 0.6063829787234043,
        "support": 94,
        "tp": 57,
        "fp": 16,
        "fn": 37,
        "tn": 668
    },
    "Contempt": {
        "precision": 0.8787878787878788,
        "recall": 0.6666666666666666,
        "f1-score": 0.7581699346405228,
        "accuracy": 0.6666666666666666,
        "support": 87,
        "tp": 58,
        "fp": 8,
        "fn": 29,
        "tn": 683
    },
    "Disgust": {
        "precision": 0.7439024390243902,
        "recall": 0.648936170212766,
        "f1-score": 0.6931818181818182,
        "accuracy": 0.648936170212766,
        "support": 94,
        "tp": 61,
        "fp": 21,
        "fn": 33,
        "tn": 663
    },
    "Fear": {
        "precision": 0.8045977011494253,
        "recall": 0.5932203389830508,
        "f1-score": 0.6829268292682927,
        "accuracy": 0.5932203389830508,
        "support": 118,
        "tp": 70,
        "fp": 17,
        "fn": 48,
        "tn": 643
    },
    "Happiness": {
        "precision": 0.9705882352941176,
        "recall": 1.0,
        "f1-score": 0.9850746268656716,
        "accuracy": 1.0,
        "support": 99,
        "tp": 99,
        "fp": 3,
        "fn": 0,
        "tn": 676
    },
    "Neutral": {
        "precision": 0.6115702479338843,
        "recall": 0.8809523809523809,
        "f1-score": 0.7219512195121951,
        "accuracy": 0.8809523809523809,
        "support": 84,
        "tp": 74,
        "fp": 47,
        "fn": 10,
        "tn": 647
    },
    "Sadness": {
        "precision": 0.8773584905660378,
        "recall": 0.8157894736842105,
        "f1-score": 0.8454545454545455,
        "accuracy": 0.8157894736842105,
        "support": 114,
        "tp": 93,
        "fp": 13,
        "fn": 21,
        "tn": 651
    },
    "Surprise": {
        "precision": 0.5957446808510638,
        "recall": 0.9545454545454546,
        "f1-score": 0.7336244541484717,
        "accuracy": 0.9545454545454546,
        "support": 88,
        "tp": 84,
        "fp": 57,
        "fn": 4,
        "tn": 633
    }
}