{
    "Angry": {
        "precision": 0.9344262295081968,
        "recall": 0.6063829787234043,
        "f1-score": 0.7354838709677419,
        "support": 94.0
    },
    "Disgust": {
        "precision": 0.7625,
        "recall": 0.648936170212766,
        "f1-score": 0.7011494252873564,
        "support": 94.0
    },
    "Fear": {
        "precision": 0.8333333333333334,
        "recall": 0.5932203389830508,
        "f1-score": 0.693069306930693,
        "support": 118.0
    },
    "Happiness": {
        "precision": 0.99,
        "recall": 1.0,
        "f1-score": 0.9949748743718593,
        "support": 99.0
    },
    "Neutral": {
        "precision": 0.6379310344827587,
        "recall": 0.8809523809523809,
        "f1-score": 0.74,
        "support": 84.0
    },
    "Sadness": {
        "precision": 0.8942307692307693,
        "recall": 0.8157894736842105,
        "f1-score": 0.8532110091743119,
        "support": 114.0
    },
    "Surprise": {
        "precision": 0.6086956521739131,
        "recall": 0.9545454545454546,
        "f1-score": 0.7433628318584071,
        "support": 88.0
    },
    "micro avg": {
        "precision": 0.787701317715959,
        "recall": 0.7785817655571635,
        "f1-score": 0.7831149927219796,
        "support": 691.0
    },
    "macro avg": {
        "precision": 0.8087310026755673,
        "recall": 0.7856895424430382,
        "f1-score": 0.7801787597986243,
        "support": 691.0
    },
    "weighted avg": {
        "precision": 0.8175805077963351,
        "recall": 0.7785817655571635,
        "f1-score": 0.7817224383184174,
        "support": 691.0
    },
    "overall_accuracy": 77.85817655571635,
    "per_emotion_accuracy": {
        "Angry": 60.638297872340424,
        "Disgust": 64.8936170212766,
        "Fear": 59.32203389830509,
        "Happiness": 100.0,
        "Neutral": 88.0952380952381,
        "Sadness": 81.57894736842105,
        "Surprise": 95.45454545454545
    }
}