{
    "Angry": {
        "precision": 0.7808219178082192,
        "recall": 0.6063829787234043,
        "f1-score": 0.6826347305389222,
        "support": 94.0
    },
    "Contempt": {
        "precision": 0.8787878787878788,
        "recall": 0.6666666666666666,
        "f1-score": 0.7581699346405228,
        "support": 87.0
    },
    "Disgust": {
        "precision": 0.7439024390243902,
        "recall": 0.648936170212766,
        "f1-score": 0.6931818181818182,
        "support": 94.0
    },
    "Fear": {
        "precision": 0.8045977011494253,
        "recall": 0.5932203389830508,
        "f1-score": 0.6829268292682927,
        "support": 118.0
    },
    "Happiness": {
        "precision": 0.9705882352941176,
        "recall": 1.0,
        "f1-score": 0.9850746268656716,
        "support": 99.0
    },
    "Neutral": {
        "precision": 0.6115702479338843,
        "recall": 0.8809523809523809,
        "f1-score": 0.7219512195121951,
        "support": 84.0
    },
    "Sadness": {
        "precision": 0.8773584905660378,
        "recall": 0.8157894736842105,
        "f1-score": 0.8454545454545455,
        "support": 114.0
    },
    "Surprise": {
        "precision": 0.5957446808510638,
        "recall": 0.9545454545454546,
        "f1-score": 0.7336244541484717,
        "support": 88.0
    },
    "accuracy": 0.7660668380462725,
    "macro avg": {
        "precision": 0.7829214489268771,
        "recall": 0.7708116829709917,
        "f1-score": 0.762877269826305,
        "support": 778.0
    },
    "weighted avg": {
        "precision": 0.7900073260828133,
        "recall": 0.7660668380462725,
        "f1-score": 0.7647557408647083,
        "support": 778.0
    },
    "overall_accuracy": 76.60668380462725,
    "per_emotion_accuracy": {
        "Angry": 60.638297872340424,
        "Contempt": 66.66666666666667,
        "Disgust": 64.8936170212766,
        "Fear": 59.32203389830509,
        "Happiness": 100.0,
        "Neutral": 88.0952380952381,
        "Sadness": 81.57894736842105,
        "Surprise": 95.45454545454545
    }
}