model_folder,overall_accuracy,top2_overall_accuracy,accuracy_Angry,top2_accuracy_Angry,nll_Angry,accuracy_Contempt,top2_accuracy_Contempt,nll_Contempt,accuracy_Disgust,top2_accuracy_Disgust,nll_Disgust,accuracy_Fear,top2_accuracy_Fear,nll_Fear,accuracy_Happiness,top2_accuracy_Happiness,nll_Happiness,accuracy_Neutral,top2_accuracy_Neutral,nll_Neutral,accuracy_Sadness,top2_accuracy_Sadness,nll_Sadness,accuracy_Surprise,top2_accuracy_Surprise,nll_Surprise
enet_b0_100M_100W_fine_epoch5,10.65166186862078,25.700078513478147,1.3824884792626728,5.0691244239631335,2.1287546885727737,,,,1.2254901960784315,7.352941176470588,2.10818748877329,28.338762214983714,47.557003257328994,2.0173132574907733,9.113924050632912,25.485232067510548,2.0034330578292976,9.852941176470589,22.5,2.07742298087653,7.112970711297071,19.03765690376569,2.0637847299855125,30.3951367781155,72.34042553191489,2.0007402896881104
