{
    "Angry": {
        "precision": 0.2608695652173913,
        "recall": 0.013824884792626729,
        "f1-score": 0.0262582056892779,
        "support": 434.0
    },
    "Contempt": {
        "precision": 0.0,
        "recall": 0.0,
        "f1-score": 0.0,
        "support": 0.0
    },
    "Disgust": {
        "precision": 0.0364963503649635,
        "recall": 0.012254901960784314,
        "f1-score": 0.01834862385321101,
        "support": 408.0
    },
    "Fear": {
        "precision": 0.06345733041575492,
        "recall": 0.28338762214983715,
        "f1-score": 0.10369487485101311,
        "support": 307.0
    },
    "Happiness": {
        "precision": 0.3,
        "recall": 0.09113924050632911,
        "f1-score": 0.13980582524271845,
        "support": 1185.0
    },
    "Neutral": {
        "precision": 0.3544973544973545,
        "recall": 0.09852941176470588,
        "f1-score": 0.15420023014959724,
        "support": 680.0
    },
    "Sadness": {
        "precision": 0.047685834502103785,
        "recall": 0.07112970711297072,
        "f1-score": 0.05709487825356843,
        "support": 478.0
    },
    "Surprise": {
        "precision": 0.0979431929480901,
        "recall": 0.303951367781155,
        "f1-score": 0.14814814814814814,
        "support": 329.0
    },
    "accuracy": 0.10651661868620779,
    "macro avg": {
        "precision": 0.14511870349320727,
        "recall": 0.10927714200855111,
        "f1-score": 0.08094384827344178,
        "support": 3821.0
    },
    "weighted avg": {
        "precision": 0.20915065247867518,
        "recall": 0.10651661868620779,
        "f1-score": 0.10397141542549376,
        "support": 3821.0
    },
    "overall_accuracy": 10.65166186862078,
    "per_emotion_accuracy": {
        "Angry": 1.3824884792626728,
        "Contempt": NaN,
        "Disgust": 1.2254901960784315,
        "Fear": 28.338762214983714,
        "Happiness": 9.113924050632912,
        "Neutral": 9.852941176470589,
        "Sadness": 7.112970711297071,
        "Surprise": 30.3951367781155
    }
}