model_folder,overall_accuracy,top2_overall_accuracy,accuracy_Angry,top2_accuracy_Angry,nll_Angry,accuracy_Contempt,top2_accuracy_Contempt,nll_Contempt,accuracy_Disgust,top2_accuracy_Disgust,nll_Disgust,accuracy_Fear,top2_accuracy_Fear,nll_Fear,accuracy_Happiness,top2_accuracy_Happiness,nll_Happiness,accuracy_Neutral,top2_accuracy_Neutral,nll_Neutral,accuracy_Sadness,top2_accuracy_Sadness,nll_Sadness,accuracy_Surprise,top2_accuracy_Surprise,nll_Surprise
enet_b0_100M_50W_finetuned_best,58.23082962575242,81.75870191049464,26.72811059907834,76.95852534562212,2.011303482452742,,,,63.72549019607843,73.52941176470588,1.3662632519339883,43.32247557003257,66.44951140065146,1.787169393515275,68.27004219409282,88.18565400843882,0.825186207329852,53.6764705882353,81.17647058823529,1.2393039261874303,65.69037656903765,84.72803347280335,0.9000040646886717,69.30091185410335,86.32218844984803,0.8174172783027033
