{
    "Angry": {
        "precision": 0.6590909090909091,
        "recall": 0.2672811059907834,
        "f1-score": 0.380327868852459,
        "support": 434.0
    },
    "Disgust": {
        "precision": 0.32378580323785805,
        "recall": 0.6372549019607843,
        "f1-score": 0.42939719240297275,
        "support": 408.0
    },
    "Fear": {
        "precision": 0.6157407407407407,
        "recall": 0.43322475570032576,
        "f1-score": 0.5086042065009561,
        "support": 307.0
    },
    "Happiness": {
        "precision": 0.9203640500568828,
        "recall": 0.6827004219409283,
        "f1-score": 0.7839147286821705,
        "support": 1185.0
    },
    "Neutral": {
        "precision": 0.6053067993366501,
        "recall": 0.5367647058823529,
        "f1-score": 0.568978955572876,
        "support": 680.0
    },
    "Sadness": {
        "precision": 0.628,
        "recall": 0.6569037656903766,
        "f1-score": 0.6421267893660532,
        "support": 478.0
    },
    "Surprise": {
        "precision": 0.5112107623318386,
        "recall": 0.6930091185410334,
        "f1-score": 0.5883870967741935,
        "support": 329.0
    },
    "micro avg": {
        "precision": 0.6141319348606128,
        "recall": 0.5823082962575242,
        "f1-score": 0.5977968833960237,
        "support": 3821.0
    },
    "macro avg": {
        "precision": 0.609071294970697,
        "recall": 0.5581626822437978,
        "f1-score": 0.5573909768788116,
        "support": 3821.0
    },
    "weighted avg": {
        "precision": 0.6746387943856088,
        "recall": 0.5823082962575242,
        "f1-score": 0.6052756986160126,
        "support": 3821.0
    },
    "overall_accuracy": 58.23082962575242,
    "per_emotion_accuracy": {
        "Angry": 26.72811059907834,
        "Disgust": 63.72549019607843,
        "Fear": 43.32247557003257,
        "Happiness": 68.27004219409282,
        "Neutral": 53.6764705882353,
        "Sadness": 65.69037656903765,
        "Surprise": 69.30091185410335
    }
}