{
    "Angry": {
        "precision": 0.5970873786407767,
        "recall": 0.2834101382488479,
        "f1-score": 0.384375,
        "support": 434.0
    },
    "Disgust": {
        "precision": 0.3273885350318471,
        "recall": 0.6299019607843137,
        "f1-score": 0.4308466051969824,
        "support": 408.0
    },
    "Fear": {
        "precision": 0.524822695035461,
        "recall": 0.4820846905537459,
        "f1-score": 0.5025466893039049,
        "support": 307.0
    },
    "Happiness": {
        "precision": 0.9269662921348315,
        "recall": 0.5569620253164557,
        "f1-score": 0.6958355297838693,
        "support": 1185.0
    },
    "Neutral": {
        "precision": 0.5263908701854494,
        "recall": 0.5426470588235294,
        "f1-score": 0.5343953656770456,
        "support": 680.0
    },
    "Sadness": {
        "precision": 0.6211538461538462,
        "recall": 0.6757322175732218,
        "f1-score": 0.6472945891783567,
        "support": 478.0
    },
    "Surprise": {
        "precision": 0.4987951807228916,
        "recall": 0.6291793313069909,
        "f1-score": 0.5564516129032258,
        "support": 329.0
    },
    "micro avg": {
        "precision": 0.5763601215133941,
        "recall": 0.5461920963098665,
        "f1-score": 0.5608707336737436,
        "support": 3821.0
    },
    "macro avg": {
        "precision": 0.5746578282721576,
        "recall": 0.5428453460867293,
        "f1-score": 0.5359636274347693,
        "support": 3821.0
    },
    "weighted avg": {
        "precision": 0.6467539944580548,
        "recall": 0.5461920963098665,
        "f1-score": 0.5698297158501334,
        "support": 3821.0
    },
    "overall_accuracy": 54.61920963098665,
    "per_emotion_accuracy": {
        "Angry": 28.341013824884794,
        "Disgust": 62.990196078431374,
        "Fear": 48.20846905537459,
        "Happiness": 55.69620253164557,
        "Neutral": 54.26470588235294,
        "Sadness": 67.57322175732217,
        "Surprise": 62.91793313069909
    }
}