model_folder,overall_accuracy,top2_overall_accuracy,accuracy_Angry,top2_accuracy_Angry,nll_Angry,accuracy_Contempt,top2_accuracy_Contempt,nll_Contempt,accuracy_Disgust,top2_accuracy_Disgust,nll_Disgust,accuracy_Fear,top2_accuracy_Fear,nll_Fear,accuracy_Happiness,top2_accuracy_Happiness,nll_Happiness,accuracy_Neutral,top2_accuracy_Neutral,nll_Neutral,accuracy_Sadness,top2_accuracy_Sadness,nll_Sadness,accuracy_Surprise,top2_accuracy_Surprise,nll_Surprise
enet_b0_100M_100W_fine_epoch10,80.0771208226221,92.80205655526993,74.46808510638297,93.61702127659575,0.7887155345462739,62.06896551724138,85.05747126436782,0.9973301395945166,60.638297872340424,79.7872340425532,0.9388182453632831,80.50847457627118,94.0677966101695,0.5377382577665276,98.98989898989899,100.0,0.0658645012149601,92.85714285714286,100.0,0.4562213982322386,85.96491228070175,92.10526315789474,0.45144758253400935,82.95454545454545,97.72727272727273,0.4245794603590515
