{
    "Angry": {
        "precision": 0.6862745098039216,
        "recall": 0.7446808510638298,
        "f1-score": 0.7142857142857143,
        "support": 94.0
    },
    "Contempt": {
        "precision": 0.75,
        "recall": 0.6206896551724138,
        "f1-score": 0.6792452830188679,
        "support": 87.0
    },
    "Disgust": {
        "precision": 0.7702702702702703,
        "recall": 0.6063829787234043,
        "f1-score": 0.6785714285714286,
        "support": 94.0
    },
    "Fear": {
        "precision": 0.7480314960629921,
        "recall": 0.8050847457627118,
        "f1-score": 0.7755102040816326,
        "support": 118.0
    },
    "Happiness": {
        "precision": 0.9607843137254902,
        "recall": 0.98989898989899,
        "f1-score": 0.9751243781094527,
        "support": 99.0
    },
    "Neutral": {
        "precision": 0.7722772277227723,
        "recall": 0.9285714285714286,
        "f1-score": 0.8432432432432433,
        "support": 84.0
    },
    "Sadness": {
        "precision": 0.8448275862068966,
        "recall": 0.8596491228070176,
        "f1-score": 0.8521739130434782,
        "support": 114.0
    },
    "Surprise": {
        "precision": 0.8690476190476191,
        "recall": 0.8295454545454546,
        "f1-score": 0.8488372093023255,
        "support": 88.0
    },
    "accuracy": 0.800771208226221,
    "macro avg": {
        "precision": 0.8001891278549952,
        "recall": 0.7980629033181563,
        "f1-score": 0.7958739217070179,
        "support": 778.0
    },
    "weighted avg": {
        "precision": 0.8010390685780465,
        "recall": 0.800771208226221,
        "f1-score": 0.7978770713414847,
        "support": 778.0
    },
    "overall_accuracy": 80.0771208226221,
    "per_emotion_accuracy": {
        "Angry": 74.46808510638297,
        "Contempt": 62.06896551724138,
        "Disgust": 60.638297872340424,
        "Fear": 80.50847457627118,
        "Happiness": 98.98989898989899,
        "Neutral": 92.85714285714286,
        "Sadness": 85.96491228070175,
        "Surprise": 82.95454545454545
    }
}