{
    "Angry": {
        "precision": 0.7954545454545454,
        "recall": 0.7446808510638298,
        "f1-score": 0.7692307692307693,
        "support": 94.0
    },
    "Disgust": {
        "precision": 0.7916666666666666,
        "recall": 0.6063829787234043,
        "f1-score": 0.6867469879518072,
        "support": 94.0
    },
    "Fear": {
        "precision": 0.7723577235772358,
        "recall": 0.8050847457627118,
        "f1-score": 0.7883817427385892,
        "support": 118.0
    },
    "Happiness": {
        "precision": 0.98,
        "recall": 0.98989898989899,
        "f1-score": 0.9849246231155779,
        "support": 99.0
    },
    "Neutral": {
        "precision": 0.8297872340425532,
        "recall": 0.9285714285714286,
        "f1-score": 0.8764044943820225,
        "support": 84.0
    },
    "Sadness": {
        "precision": 0.875,
        "recall": 0.8596491228070176,
        "f1-score": 0.8672566371681416,
        "support": 114.0
    },
    "Surprise": {
        "precision": 0.8690476190476191,
        "recall": 0.8295454545454546,
        "f1-score": 0.8488372093023255,
        "support": 88.0
    },
    "micro avg": {
        "precision": 0.8454680534918276,
        "recall": 0.8234442836468886,
        "f1-score": 0.8343108504398827,
        "support": 691.0
    },
    "macro avg": {
        "precision": 0.8447591126840887,
        "recall": 0.8234019387675483,
        "f1-score": 0.8316832091270332,
        "support": 691.0
    },
    "weighted avg": {
        "precision": 0.8441040860452572,
        "recall": 0.8234442836468886,
        "f1-score": 0.8315215645305652,
        "support": 691.0
    },
    "overall_accuracy": 82.34442836468885,
    "per_emotion_accuracy": {
        "Angry": 74.46808510638297,
        "Disgust": 60.638297872340424,
        "Fear": 80.50847457627118,
        "Happiness": 98.98989898989899,
        "Neutral": 92.85714285714286,
        "Sadness": 85.96491228070175,
        "Surprise": 82.95454545454545
    }
}