model_folder,overall_accuracy,top2_overall_accuracy,accuracy_Angry,top2_accuracy_Angry,nll_Angry,accuracy_Contempt,top2_accuracy_Contempt,nll_Contempt,accuracy_Disgust,top2_accuracy_Disgust,nll_Disgust,accuracy_Fear,top2_accuracy_Fear,nll_Fear,accuracy_Happiness,top2_accuracy_Happiness,nll_Happiness,accuracy_Neutral,top2_accuracy_Neutral,nll_Neutral,accuracy_Sadness,top2_accuracy_Sadness,nll_Sadness,accuracy_Surprise,top2_accuracy_Surprise,nll_Surprise
enet_b0_100M_100W_fine_best_val,11.253598534415074,28.840617639361422,3.225806451612903,14.516129032258064,2.085565438743011,,,,19.362745098039216,46.568627450980394,2.0334989504486907,11.400651465798045,32.24755700325733,2.0520808832653183,11.223628691983123,38.39662447257384,1.9938358407483323,0.14705882352941177,0.5882352941176471,2.2162108458140315,34.93723849372385,57.53138075313807,2.0060895489349524,0.303951367781155,4.86322188449848,2.1137809488911032
