{
    "Angry": {
        "precision": 0.041176470588235294,
        "recall": 0.03225806451612903,
        "f1-score": 0.03617571059431524,
        "support": 434.0
    },
    "Contempt": {
        "precision": 0.0,
        "recall": 0.0,
        "f1-score": 0.0,
        "support": 0.0
    },
    "Disgust": {
        "precision": 0.158953722334004,
        "recall": 0.19362745098039216,
        "f1-score": 0.17458563535911603,
        "support": 408.0
    },
    "Fear": {
        "precision": 0.13011152416356878,
        "recall": 0.11400651465798045,
        "f1-score": 0.12152777777777778,
        "support": 307.0
    },
    "Happiness": {
        "precision": 0.540650406504065,
        "recall": 0.11223628691983123,
        "f1-score": 0.18588399720475193,
        "support": 1185.0
    },
    "Neutral": {
        "precision": 0.003105590062111801,
        "recall": 0.0014705882352941176,
        "f1-score": 0.001996007984031936,
        "support": 680.0
    },
    "Sadness": {
        "precision": 0.18132464712269272,
        "recall": 0.3493723849372385,
        "f1-score": 0.23874195854181557,
        "support": 478.0
    },
    "Surprise": {
        "precision": 0.03571428571428571,
        "recall": 0.00303951367781155,
        "f1-score": 0.0056022408963585435,
        "support": 329.0
    },
    "accuracy": 0.11253598534415074,
    "macro avg": {
        "precision": 0.13637958081112042,
        "recall": 0.10075135049058462,
        "f1-score": 0.09556416604477089,
        "support": 3821.0
    },
    "weighted avg": {
        "precision": 0.22608575219575594,
        "recall": 0.11253598534415074,
        "f1-score": 0.12086674717531863,
        "support": 3821.0
    },
    "overall_accuracy": 11.253598534415074,
    "per_emotion_accuracy": {
        "Angry": 3.225806451612903,
        "Contempt": NaN,
        "Disgust": 19.362745098039216,
        "Fear": 11.400651465798045,
        "Happiness": 11.223628691983123,
        "Neutral": 0.14705882352941177,
        "Sadness": 34.93723849372385,
        "Surprise": 0.303951367781155
    }
}