{
    "overall": {
        "accuracy": 0.11253598534415074,
        "macro avg": {
            "precision": 0.13637958081112042,
            "recall": 0.10075135049058462,
            "f1-score": 0.09556416604477087,
            "support": 3821
        },
        "weighted avg": {
            "precision": 0.22608575219575594,
            "recall": 0.11253598534415074,
            "f1-score": 0.12086674717531862,
            "support": 3821
        }
    },
    "per_class": {},
    "Angry": {
        "precision": 0.041176470588235294,
        "recall": 0.03225806451612903,
        "f1-score": 0.03617571059431525,
        "accuracy": 0.03225806451612903,
        "support": 434,
        "tp": 14,
        "fp": 326,
        "fn": 420,
        "tn": 3061
    },
    "Contempt": {
        "precision": 0.0,
        "recall": 0.0,
        "f1-score": 0.0,
        "accuracy": 0.0,
        "support": 0,
        "tp": 0,
        "fp": 1198,
        "fn": 0,
        "tn": 2623
    },
    "Disgust": {
        "precision": 0.158953722334004,
        "recall": 0.19362745098039216,
        "f1-score": 0.174585635359116,
        "accuracy": 0.19362745098039216,
        "support": 408,
        "tp": 79,
        "fp": 418,
        "fn": 329,
        "tn": 2995
    },
    "Fear": {
        "precision": 0.13011152416356878,
        "recall": 0.11400651465798045,
        "f1-score": 0.12152777777777778,
        "accuracy": 0.11400651465798045,
        "support": 307,
        "tp": 35,
        "fp": 234,
        "fn": 272,
        "tn": 3280
    },
    "Happiness": {
        "precision": 0.540650406504065,
        "recall": 0.11223628691983123,
        "f1-score": 0.18588399720475193,
        "accuracy": 0.11223628691983123,
        "support": 1185,
        "tp": 133,
        "fp": 113,
        "fn": 1052,
        "tn": 2523
    },
    "Neutral": {
        "precision": 0.003105590062111801,
        "recall": 0.0014705882352941176,
        "f1-score": 0.001996007984031936,
        "accuracy": 0.0014705882352941176,
        "support": 680,
        "tp": 1,
        "fp": 321,
        "fn": 679,
        "tn": 2820
    },
    "Sadness": {
        "precision": 0.18132464712269272,
        "recall": 0.3493723849372385,
        "f1-score": 0.2387419585418156,
        "accuracy": 0.3493723849372385,
        "support": 478,
        "tp": 167,
        "fp": 754,
        "fn": 311,
        "tn": 2589
    },
    "Surprise": {
        "precision": 0.03571428571428571,
        "recall": 0.00303951367781155,
        "f1-score": 0.0056022408963585435,
        "accuracy": 0.00303951367781155,
        "support": 329,
        "tp": 1,
        "fp": 27,
        "fn": 328,
        "tn": 3465
    }
}