model_folder,overall_accuracy,top2_overall_accuracy,accuracy_Angry,top2_accuracy_Angry,nll_Angry,accuracy_Contempt,top2_accuracy_Contempt,nll_Contempt,accuracy_Disgust,top2_accuracy_Disgust,nll_Disgust,accuracy_Fear,top2_accuracy_Fear,nll_Fear,accuracy_Happiness,top2_accuracy_Happiness,nll_Happiness,accuracy_Neutral,top2_accuracy_Neutral,nll_Neutral,accuracy_Sadness,top2_accuracy_Sadness,nll_Sadness,accuracy_Surprise,top2_accuracy_Surprise,nll_Surprise
enet_b0_100M_100W_finetuned_epoch35,34.545930384716044,53.23213818372154,29.953917050691246,50.23041474654378,2.5725081934824967,,,,13.72549019607843,22.058823529411764,4.5334162262209015,31.270358306188925,53.420195439739416,2.592922091483501,58.05907172995781,74.17721518987342,1.610729007608269,18.235294117647058,33.6764705882353,3.67775221360041,23.221757322175733,44.14225941422594,3.038695937737133,34.954407294832826,73.86018237082067,1.9384855025808474
