{
    "Angry": {
        "precision": 0.3087885985748218,
        "recall": 0.2995391705069124,
        "f1-score": 0.30409356725146197,
        "support": 434.0
    },
    "Contempt": {
        "precision": 0.0,
        "recall": 0.0,
        "f1-score": 0.0,
        "support": 0.0
    },
    "Disgust": {
        "precision": 0.17177914110429449,
        "recall": 0.13725490196078433,
        "f1-score": 0.15258855585831063,
        "support": 408.0
    },
    "Fear": {
        "precision": 0.1218274111675127,
        "recall": 0.3127035830618892,
        "f1-score": 0.17534246575342466,
        "support": 307.0
    },
    "Happiness": {
        "precision": 0.7397849462365591,
        "recall": 0.580590717299578,
        "f1-score": 0.6505910165484634,
        "support": 1185.0
    },
    "Neutral": {
        "precision": 0.2973621103117506,
        "recall": 0.18235294117647058,
        "f1-score": 0.22607110300820418,
        "support": 680.0
    },
    "Sadness": {
        "precision": 0.4703389830508475,
        "recall": 0.23221757322175732,
        "f1-score": 0.31092436974789917,
        "support": 478.0
    },
    "Surprise": {
        "precision": 0.2680652680652681,
        "recall": 0.3495440729483283,
        "f1-score": 0.3034300791556728,
        "support": 329.0
    },
    "accuracy": 0.34545930384716045,
    "macro avg": {
        "precision": 0.29724330731388177,
        "recall": 0.26177537002196505,
        "f1-score": 0.2653801446654296,
        "support": 3821.0
    },
    "weighted avg": {
        "precision": 0.4274713582765094,
        "recall": 0.34545930384716045,
        "f1-score": 0.3719424039258955,
        "support": 3821.0
    },
    "overall_accuracy": 34.545930384716044,
    "per_emotion_accuracy": {
        "Angry": 29.953917050691246,
        "Contempt": NaN,
        "Disgust": 13.72549019607843,
        "Fear": 31.270358306188925,
        "Happiness": 58.05907172995781,
        "Neutral": 18.235294117647058,
        "Sadness": 23.221757322175733,
        "Surprise": 34.954407294832826
    }
}