model_folder,overall_accuracy,top2_overall_accuracy,accuracy_Angry,top2_accuracy_Angry,nll_Angry,accuracy_Contempt,top2_accuracy_Contempt,nll_Contempt,accuracy_Disgust,top2_accuracy_Disgust,nll_Disgust,accuracy_Fear,top2_accuracy_Fear,nll_Fear,accuracy_Happiness,top2_accuracy_Happiness,nll_Happiness,accuracy_Neutral,top2_accuracy_Neutral,nll_Neutral,accuracy_Sadness,top2_accuracy_Sadness,nll_Sadness,accuracy_Surprise,top2_accuracy_Surprise,nll_Surprise
enet_b0_100M_0W_finetuned_best,58.59722585710547,81.54933263543575,13.36405529953917,71.88940092165899,3.0451347759296077,,,,62.009803921568626,70.34313725490196,1.6072113846556593,35.83061889250814,54.071661237785015,2.686560703145722,73.33333333333333,91.39240506329114,0.7067192492930274,56.61764705882353,83.82352941176471,1.143454557663405,67.78242677824268,87.02928870292887,0.8810354500601952,72.94832826747721,85.71428571428571,0.8618481555726453
