{
    "Angry": {
        "precision": 0.898989898989899,
        "recall": 0.9468085106382979,
        "f1-score": 0.9222797927461139,
        "support": 94.0
    },
    "Contempt": {
        "precision": 0.9634146341463414,
        "recall": 0.9080459770114943,
        "f1-score": 0.9349112426035503,
        "support": 87.0
    },
    "Disgust": {
        "precision": 0.946236559139785,
        "recall": 0.9361702127659575,
        "f1-score": 0.9411764705882353,
        "support": 94.0
    },
    "Fear": {
        "precision": 0.9741379310344828,
        "recall": 0.9576271186440678,
        "f1-score": 0.9658119658119658,
        "support": 118.0
    },
    "Happiness": {
        "precision": 0.99,
        "recall": 1.0,
        "f1-score": 0.9949748743718593,
        "support": 99.0
    },
    "Neutral": {
        "precision": 0.9761904761904762,
        "recall": 0.9761904761904762,
        "f1-score": 0.9761904761904762,
        "support": 84.0
    },
    "Sadness": {
        "precision": 0.9732142857142857,
        "recall": 0.956140350877193,
        "f1-score": 0.9646017699115044,
        "support": 114.0
    },
    "Surprise": {
        "precision": 0.9456521739130435,
        "recall": 0.9886363636363636,
        "f1-score": 0.9666666666666667,
        "support": 88.0
    },
    "accuracy": 0.9588688946015425,
    "macro avg": {
        "precision": 0.9584794948910391,
        "recall": 0.9587023762204814,
        "f1-score": 0.9583266573612965,
        "support": 778.0
    },
    "weighted avg": {
        "precision": 0.9593707660318347,
        "recall": 0.9588688946015425,
        "f1-score": 0.958871156587586,
        "support": 778.0
    },
    "overall_accuracy": 95.88688946015424,
    "per_emotion_accuracy": {
        "Angry": 94.68085106382979,
        "Contempt": 90.80459770114942,
        "Disgust": 93.61702127659575,
        "Fear": 95.76271186440678,
        "Happiness": 100.0,
        "Neutral": 97.61904761904762,
        "Sadness": 95.6140350877193,
        "Surprise": 98.86363636363636
    }
}