{
    "Angry": {
        "precision": 0.9468085106382979,
        "recall": 0.9468085106382979,
        "f1-score": 0.9468085106382979,
        "support": 94.0
    },
    "Disgust": {
        "precision": 0.9565217391304348,
        "recall": 0.9361702127659575,
        "f1-score": 0.946236559139785,
        "support": 94.0
    },
    "Fear": {
        "precision": 0.9741379310344828,
        "recall": 0.9576271186440678,
        "f1-score": 0.9658119658119658,
        "support": 118.0
    },
    "Happiness": {
        "precision": 0.99,
        "recall": 1.0,
        "f1-score": 0.9949748743718593,
        "support": 99.0
    },
    "Neutral": {
        "precision": 0.9879518072289156,
        "recall": 0.9761904761904762,
        "f1-score": 0.9820359281437125,
        "support": 84.0
    },
    "Sadness": {
        "precision": 0.9819819819819819,
        "recall": 0.956140350877193,
        "f1-score": 0.9688888888888889,
        "support": 114.0
    },
    "Surprise": {
        "precision": 0.9456521739130435,
        "recall": 0.9886363636363636,
        "f1-score": 0.9666666666666667,
        "support": 88.0
    },
    "micro avg": {
        "precision": 0.9694767441860465,
        "recall": 0.9652677279305355,
        "f1-score": 0.9673676577229877,
        "support": 691.0
    },
    "macro avg": {
        "precision": 0.9690077348467366,
        "recall": 0.9659390046789078,
        "f1-score": 0.9673461990944539,
        "support": 691.0
    },
    "weighted avg": {
        "precision": 0.9696419803152714,
        "recall": 0.9652677279305355,
        "f1-score": 0.967330794575742,
        "support": 691.0
    },
    "overall_accuracy": 96.52677279305354,
    "per_emotion_accuracy": {
        "Angry": 94.68085106382979,
        "Disgust": 93.61702127659575,
        "Fear": 95.76271186440678,
        "Happiness": 100.0,
        "Neutral": 97.61904761904762,
        "Sadness": 95.6140350877193,
        "Surprise": 98.86363636363636
    }
}