{
    "overall": {
        "accuracy": 0.9588688946015425,
        "macro avg": {
            "precision": 0.9584794948910391,
            "recall": 0.9587023762204814,
            "f1-score": 0.9583266573612965,
            "support": 778
        },
        "weighted avg": {
            "precision": 0.9593707660318347,
            "recall": 0.9588688946015425,
            "f1-score": 0.958871156587586,
            "support": 778
        }
    },
    "Angry": {
        "precision": 0.898989898989899,
        "recall": 0.9468085106382979,
        "f1-score": 0.9222797927461138,
        "accuracy": 0.9468085106382979,
        "support": 94,
        "True Positives": 89,
        "False Positives": 10,
        "False Negatives": 5,
        "True Negatives": 674
    },
    "Contempt": {
        "precision": 0.9634146341463414,
        "recall": 0.9080459770114943,
        "f1-score": 0.9349112426035503,
        "accuracy": 0.9080459770114943,
        "support": 87,
        "True Positives": 79,
        "False Positives": 3,
        "False Negatives": 8,
        "True Negatives": 688
    },
    "Disgust": {
        "precision": 0.946236559139785,
        "recall": 0.9361702127659575,
        "f1-score": 0.9411764705882354,
        "accuracy": 0.9361702127659575,
        "support": 94,
        "True Positives": 88,
        "False Positives": 5,
        "False Negatives": 6,
        "True Negatives": 679
    },
    "Fear": {
        "precision": 0.9741379310344828,
        "recall": 0.9576271186440678,
        "f1-score": 0.9658119658119658,
        "accuracy": 0.9576271186440678,
        "support": 118,
        "True Positives": 113,
        "False Positives": 3,
        "False Negatives": 5,
        "True Negatives": 657
    },
    "Happiness": {
        "precision": 0.99,
        "recall": 1.0,
        "f1-score": 0.9949748743718593,
        "accuracy": 1.0,
        "support": 99,
        "True Positives": 99,
        "False Positives": 1,
        "False Negatives": 0,
        "True Negatives": 678
    },
    "Neutral": {
        "precision": 0.9761904761904762,
        "recall": 0.9761904761904762,
        "f1-score": 0.9761904761904762,
        "accuracy": 0.9761904761904762,
        "support": 84,
        "True Positives": 82,
        "False Positives": 2,
        "False Negatives": 2,
        "True Negatives": 692
    },
    "Sadness": {
        "precision": 0.9732142857142857,
        "recall": 0.956140350877193,
        "f1-score": 0.9646017699115044,
        "accuracy": 0.956140350877193,
        "support": 114,
        "True Positives": 109,
        "False Positives": 3,
        "False Negatives": 5,
        "True Negatives": 661
    },
    "Surprise": {
        "precision": 0.9456521739130435,
        "recall": 0.9886363636363636,
        "f1-score": 0.9666666666666666,
        "accuracy": 0.9886363636363636,
        "support": 88,
        "True Positives": 87,
        "False Positives": 5,
        "False Negatives": 1,
        "True Negatives": 685
    }
}