model_folder,overall_accuracy,top2_overall_accuracy,accuracy_Angry,top2_accuracy_Angry,nll_Angry,accuracy_Contempt,top2_accuracy_Contempt,nll_Contempt,accuracy_Disgust,top2_accuracy_Disgust,nll_Disgust,accuracy_Fear,top2_accuracy_Fear,nll_Fear,accuracy_Happiness,top2_accuracy_Happiness,nll_Happiness,accuracy_Neutral,top2_accuracy_Neutral,nll_Neutral,accuracy_Sadness,top2_accuracy_Sadness,nll_Sadness,accuracy_Surprise,top2_accuracy_Surprise,nll_Surprise
enet_b0_100M_100W_fine_epoch5,16.566343889034282,32.1120125621565,33.64055299539171,51.61290322580645,2.0205317947172348,,,,18.38235294117647,40.44117647058823,2.0523386223643434,11.400651465798045,28.01302931596091,2.0753315353238233,16.70886075949367,33.586497890295355,2.041639060611966,20.294117647058822,38.970588235294116,2.057709470917197,7.322175732217573,15.271966527196653,2.1002721866304404,1.8237082066869301,4.86322188449848,2.126657738874024
