model_folder,overall_accuracy,top2_overall_accuracy,accuracy_Angry,top2_accuracy_Angry,nll_Angry,accuracy_Contempt,top2_accuracy_Contempt,nll_Contempt,accuracy_Disgust,top2_accuracy_Disgust,nll_Disgust,accuracy_Fear,top2_accuracy_Fear,nll_Fear,accuracy_Happiness,top2_accuracy_Happiness,nll_Happiness,accuracy_Neutral,top2_accuracy_Neutral,nll_Neutral,accuracy_Sadness,top2_accuracy_Sadness,nll_Sadness,accuracy_Surprise,top2_accuracy_Surprise,nll_Surprise
enet_b0_100M_100W_fine_epoch5,51.34781470819157,76.89086626537555,16.359447004608295,67.97235023041475,2.148479274323871,,,,70.58823529411765,80.1470588235294,0.9558814812483558,41.693811074918564,68.72964169381108,1.5514134073247738,53.164556962025316,74.17721518987342,1.1977800345043397,43.970588235294116,77.6470588235294,1.3189937284983255,66.94560669456067,85.77405857740585,0.9005954930030061,68.69300911854103,87.53799392097264,0.8559775216771024
