model_folder,overall_accuracy,top2_overall_accuracy,accuracy_Angry,top2_accuracy_Angry,nll_Angry,accuracy_Contempt,top2_accuracy_Contempt,nll_Contempt,accuracy_Disgust,top2_accuracy_Disgust,nll_Disgust,accuracy_Fear,top2_accuracy_Fear,nll_Fear,accuracy_Happiness,top2_accuracy_Happiness,nll_Happiness,accuracy_Neutral,top2_accuracy_Neutral,nll_Neutral,accuracy_Sadness,top2_accuracy_Sadness,nll_Sadness,accuracy_Surprise,top2_accuracy_Surprise,nll_Surprise
Best-Epoch,56.13713687516357,79.71735147867051,36.866359447004605,79.26267281105991,1.7075538384977058,,,,61.51960784313726,73.52941176470588,1.4182183801414223,52.11726384364821,69.70684039087948,1.5912118465165648,65.31645569620254,87.0886075949367,0.9111785174397686,46.911764705882355,72.3529411764706,1.432188591622638,58.15899581589958,80.1255230125523,1.1532231408156983,61.702127659574465,85.41033434650456,0.9751155242885783
