{
    "Angry": {
        "precision": 0.6177606177606177,
        "recall": 0.3686635944700461,
        "f1-score": 0.46176046176046176,
        "support": 434.0
    },
    "Contempt": {
        "precision": 0.0,
        "recall": 0.0,
        "f1-score": 0.0,
        "support": 0.0
    },
    "Disgust": {
        "precision": 0.34812760055478503,
        "recall": 0.6151960784313726,
        "f1-score": 0.4446412754650133,
        "support": 408.0
    },
    "Fear": {
        "precision": 0.5128205128205128,
        "recall": 0.5211726384364821,
        "f1-score": 0.5169628432956381,
        "support": 307.0
    },
    "Happiness": {
        "precision": 0.8927335640138409,
        "recall": 0.6531645569620254,
        "f1-score": 0.7543859649122807,
        "support": 1185.0
    },
    "Neutral": {
        "precision": 0.575812274368231,
        "recall": 0.46911764705882353,
        "f1-score": 0.5170178282009724,
        "support": 680.0
    },
    "Sadness": {
        "precision": 0.695,
        "recall": 0.5815899581589958,
        "f1-score": 0.6332574031890661,
        "support": 478.0
    },
    "Surprise": {
        "precision": 0.48448687350835323,
        "recall": 0.6170212765957447,
        "f1-score": 0.5427807486631016,
        "support": 329.0
    },
    "accuracy": 0.5613713687516357,
    "macro avg": {
        "precision": 0.5158426803782926,
        "recall": 0.4782407187641863,
        "f1-score": 0.4838508156858168,
        "support": 3821.0
    },
    "weighted avg": {
        "precision": 0.6565369976135579,
        "recall": 0.5613713687516357,
        "f1-score": 0.593383059491697,
        "support": 3821.0
    }
}