model_folder,overall_accuracy,top2_overall_accuracy,accuracy_Angry,top2_accuracy_Angry,nll_Angry,accuracy_Contempt,top2_accuracy_Contempt,nll_Contempt,accuracy_Disgust,top2_accuracy_Disgust,nll_Disgust,accuracy_Fear,top2_accuracy_Fear,nll_Fear,accuracy_Happiness,top2_accuracy_Happiness,nll_Happiness,accuracy_Neutral,top2_accuracy_Neutral,nll_Neutral,accuracy_Sadness,top2_accuracy_Sadness,nll_Sadness,accuracy_Surprise,top2_accuracy_Surprise,nll_Surprise
Fraction_25_percent,68.35906830672599,86.02460088981942,58.986175115207374,85.48387096774194,1.0652115148693873,,,,56.372549019607845,71.07843137254902,1.3595660829222669,50.814332247557005,69.70684039087948,1.3899104022011404,84.38818565400844,95.18987341772151,0.4526728401849521,62.05882352941177,86.02941176470588,1.0872081870760988,71.54811715481172,88.07531380753139,0.7964737406505854,62.61398176291793,84.4984802431611,1.0381914735361255
