{
    "Angry": {
        "precision": 0.6772486772486772,
        "recall": 0.5898617511520737,
        "f1-score": 0.6305418719211823,
        "support": 434.0
    },
    "Disgust": {
        "precision": 0.4781704781704782,
        "recall": 0.5637254901960784,
        "f1-score": 0.5174353205849269,
        "support": 408.0
    },
    "Fear": {
        "precision": 0.5977011494252874,
        "recall": 0.50814332247557,
        "f1-score": 0.5492957746478874,
        "support": 307.0
    },
    "Happiness": {
        "precision": 0.8237232289950577,
        "recall": 0.8438818565400844,
        "f1-score": 0.8336807002917882,
        "support": 1185.0
    },
    "Neutral": {
        "precision": 0.7829313543599258,
        "recall": 0.6205882352941177,
        "f1-score": 0.6923707957342083,
        "support": 680.0
    },
    "Sadness": {
        "precision": 0.72,
        "recall": 0.7154811715481172,
        "f1-score": 0.7177334732423925,
        "support": 478.0
    },
    "Surprise": {
        "precision": 0.6417445482866043,
        "recall": 0.6261398176291794,
        "f1-score": 0.6338461538461538,
        "support": 329.0
    },
    "micro avg": {
        "precision": 0.711910602343963,
        "recall": 0.6835906830672599,
        "f1-score": 0.6974632843791723,
        "support": 3821.0
    },
    "macro avg": {
        "precision": 0.6745027766408616,
        "recall": 0.6382602349764601,
        "f1-score": 0.65355772718122,
        "support": 3821.0
    },
    "weighted avg": {
        "precision": 0.7161248462714551,
        "recall": 0.6835906830672599,
        "f1-score": 0.6971312069614298,
        "support": 3821.0
    },
    "overall_accuracy": 68.35906830672599,
    "per_emotion_accuracy": {
        "Angry": 58.986175115207374,
        "Disgust": 56.372549019607845,
        "Fear": 50.814332247557005,
        "Happiness": 84.38818565400844,
        "Neutral": 62.05882352941177,
        "Sadness": 71.54811715481172,
        "Surprise": 62.61398176291793
    }
}