{
    "overall": {
        "accuracy": 0.9203084832904884,
        "macro avg": {
            "precision": 0.9181369881541692,
            "recall": 0.9195397235725,
            "f1-score": 0.9187050854795777,
            "support": 778
        },
        "weighted avg": {
            "precision": 0.9202443443403344,
            "recall": 0.9203084832904884,
            "f1-score": 0.9201403043107178,
            "support": 778
        }
    },
    "per_class": {},
    "Angry": {
        "precision": 0.851063829787234,
        "recall": 0.851063829787234,
        "f1-score": 0.8510638297872339,
        "accuracy": 0.851063829787234,
        "support": 94,
        "tp": 80,
        "fp": 14,
        "fn": 14,
        "tn": 670
    },
    "Contempt": {
        "precision": 0.8470588235294118,
        "recall": 0.8275862068965517,
        "f1-score": 0.8372093023255814,
        "accuracy": 0.8275862068965517,
        "support": 87,
        "tp": 72,
        "fp": 13,
        "fn": 15,
        "tn": 678
    },
    "Disgust": {
        "precision": 0.8865979381443299,
        "recall": 0.9148936170212766,
        "f1-score": 0.900523560209424,
        "accuracy": 0.9148936170212766,
        "support": 94,
        "tp": 86,
        "fp": 11,
        "fn": 8,
        "tn": 673
    },
    "Fear": {
        "precision": 0.9482758620689655,
        "recall": 0.9322033898305084,
        "f1-score": 0.94017094017094,
        "accuracy": 0.9322033898305084,
        "support": 118,
        "tp": 110,
        "fp": 6,
        "fn": 8,
        "tn": 654
    },
    "Happiness": {
        "precision": 0.9801980198019802,
        "recall": 1.0,
        "f1-score": 0.99,
        "accuracy": 1.0,
        "support": 99,
        "tp": 99,
        "fp": 2,
        "fn": 0,
        "tn": 677
    },
    "Neutral": {
        "precision": 0.9523809523809523,
        "recall": 0.9523809523809523,
        "f1-score": 0.9523809523809523,
        "accuracy": 0.9523809523809523,
        "support": 84,
        "tp": 80,
        "fp": 4,
        "fn": 4,
        "tn": 690
    },
    "Sadness": {
        "precision": 0.9454545454545454,
        "recall": 0.9122807017543859,
        "f1-score": 0.9285714285714285,
        "accuracy": 0.9122807017543859,
        "support": 114,
        "tp": 104,
        "fp": 6,
        "fn": 10,
        "tn": 658
    },
    "Surprise": {
        "precision": 0.9340659340659341,
        "recall": 0.9659090909090909,
        "f1-score": 0.9497206703910613,
        "accuracy": 0.9659090909090909,
        "support": 88,
        "tp": 85,
        "fp": 6,
        "fn": 3,
        "tn": 684
    }
}