{
    "Angry": {
        "precision": 0.9302325581395349,
        "recall": 0.851063829787234,
        "f1-score": 0.8888888888888888,
        "support": 94.0
    },
    "Disgust": {
        "precision": 0.9148936170212766,
        "recall": 0.9148936170212766,
        "f1-score": 0.9148936170212766,
        "support": 94.0
    },
    "Fear": {
        "precision": 0.9482758620689655,
        "recall": 0.9322033898305084,
        "f1-score": 0.9401709401709402,
        "support": 118.0
    },
    "Happiness": {
        "precision": 0.9801980198019802,
        "recall": 1.0,
        "f1-score": 0.99,
        "support": 99.0
    },
    "Neutral": {
        "precision": 0.975609756097561,
        "recall": 0.9523809523809523,
        "f1-score": 0.963855421686747,
        "support": 84.0
    },
    "Sadness": {
        "precision": 0.9629629629629629,
        "recall": 0.9122807017543859,
        "f1-score": 0.9369369369369369,
        "support": 114.0
    },
    "Surprise": {
        "precision": 0.9340659340659341,
        "recall": 0.9659090909090909,
        "f1-score": 0.9497206703910615,
        "support": 88.0
    },
    "micro avg": {
        "precision": 0.9498525073746312,
        "recall": 0.9319826338639653,
        "f1-score": 0.9408327246165084,
        "support": 691.0
    },
    "macro avg": {
        "precision": 0.9494626728797451,
        "recall": 0.9326759402404926,
        "f1-score": 0.9406380678708359,
        "support": 691.0
    },
    "weighted avg": {
        "precision": 0.9497898923841177,
        "recall": 0.9319826338639653,
        "f1-score": 0.9404570357780571,
        "support": 691.0
    },
    "overall_accuracy": 93.19826338639653,
    "per_emotion_accuracy": {
        "Angry": 85.1063829787234,
        "Disgust": 91.48936170212765,
        "Fear": 93.22033898305085,
        "Happiness": 100.0,
        "Neutral": 95.23809523809524,
        "Sadness": 91.2280701754386,
        "Surprise": 96.5909090909091
    }
}