{
    "Angry": {
        "precision": 0.5247524752475248,
        "recall": 0.12211981566820276,
        "f1-score": 0.19813084112149532,
        "support": 434.0
    },
    "Disgust": {
        "precision": 0.27013752455795675,
        "recall": 0.6740196078431373,
        "f1-score": 0.3856942496493689,
        "support": 408.0
    },
    "Fear": {
        "precision": 0.5765765765765766,
        "recall": 0.4169381107491857,
        "f1-score": 0.4839319470699433,
        "support": 307.0
    },
    "Happiness": {
        "precision": 0.9578313253012049,
        "recall": 0.40253164556962023,
        "f1-score": 0.5668449197860963,
        "support": 1185.0
    },
    "Neutral": {
        "precision": 0.49911504424778763,
        "recall": 0.4147058823529412,
        "f1-score": 0.4530120481927711,
        "support": 680.0
    },
    "Sadness": {
        "precision": 0.6260330578512396,
        "recall": 0.6338912133891214,
        "f1-score": 0.6299376299376299,
        "support": 478.0
    },
    "Surprise": {
        "precision": 0.37964458804523427,
        "recall": 0.7142857142857143,
        "f1-score": 0.4957805907172996,
        "support": 329.0
    },
    "micro avg": {
        "precision": 0.4998574280011406,
        "recall": 0.458780423972782,
        "f1-score": 0.47843886462882096,
        "support": 3821.0
    },
    "macro avg": {
        "precision": 0.547727227403932,
        "recall": 0.4826417128368461,
        "f1-score": 0.4590474609249435,
        "support": 3821.0
    },
    "weighted avg": {
        "precision": 0.6316521630401151,
        "recall": 0.458780423972782,
        "f1-score": 0.4804764644930466,
        "support": 3821.0
    },
    "overall_accuracy": 45.8780423972782,
    "per_emotion_accuracy": {
        "Angry": 12.211981566820276,
        "Disgust": 67.40196078431373,
        "Fear": 41.693811074918564,
        "Happiness": 40.25316455696203,
        "Neutral": 41.470588235294116,
        "Sadness": 63.38912133891213,
        "Surprise": 71.42857142857143
    }
}