{
    "Angry": {
        "precision": 0.34134615384615385,
        "recall": 0.3271889400921659,
        "f1-score": 0.3341176470588235,
        "support": 434.0
    },
    "Disgust": {
        "precision": 0.16721311475409836,
        "recall": 0.125,
        "f1-score": 0.14305750350631136,
        "support": 408.0
    },
    "Fear": {
        "precision": 0.14030612244897958,
        "recall": 0.3583061889250814,
        "f1-score": 0.2016498625114574,
        "support": 307.0
    },
    "Happiness": {
        "precision": 0.7476038338658147,
        "recall": 0.5924050632911393,
        "f1-score": 0.6610169491525424,
        "support": 1185.0
    },
    "Neutral": {
        "precision": 0.30876494023904383,
        "recall": 0.22794117647058823,
        "f1-score": 0.2622673434856176,
        "support": 680.0
    },
    "Sadness": {
        "precision": 0.4881516587677725,
        "recall": 0.21548117154811716,
        "f1-score": 0.29898403483309144,
        "support": 478.0
    },
    "Surprise": {
        "precision": 0.3482758620689655,
        "recall": 0.3069908814589666,
        "f1-score": 0.3263327948303716,
        "support": 329.0
    },
    "micro avg": {
        "precision": 0.3957064113722077,
        "recall": 0.3569746139753991,
        "f1-score": 0.37534397358282884,
        "support": 3821.0
    },
    "macro avg": {
        "precision": 0.36309452657011837,
        "recall": 0.30761620311229404,
        "f1-score": 0.31820373362545934,
        "support": 3821.0
    },
    "weighted avg": {
        "precision": 0.4457553298052774,
        "recall": 0.3569746139753991,
        "f1-score": 0.3866018750354658,
        "support": 3821.0
    },
    "overall_accuracy": 35.69746139753991,
    "per_emotion_accuracy": {
        "Angry": 32.71889400921659,
        "Disgust": 12.5,
        "Fear": 35.83061889250814,
        "Happiness": 59.24050632911393,
        "Neutral": 22.794117647058822,
        "Sadness": 21.548117154811717,
        "Surprise": 30.699088145896656
    }
}