{
    "Angry": {
        "precision": 0.9263157894736842,
        "recall": 0.9361702127659575,
        "f1-score": 0.9312169312169312,
        "support": 94.0
    },
    "Contempt": {
        "precision": 0.9529411764705882,
        "recall": 0.9310344827586207,
        "f1-score": 0.9418604651162791,
        "support": 87.0
    },
    "Disgust": {
        "precision": 0.956989247311828,
        "recall": 0.9468085106382979,
        "f1-score": 0.9518716577540107,
        "support": 94.0
    },
    "Fear": {
        "precision": 0.9741379310344828,
        "recall": 0.9576271186440678,
        "f1-score": 0.9658119658119658,
        "support": 118.0
    },
    "Happiness": {
        "precision": 0.9801980198019802,
        "recall": 1.0,
        "f1-score": 0.99,
        "support": 99.0
    },
    "Neutral": {
        "precision": 0.9759036144578314,
        "recall": 0.9642857142857143,
        "f1-score": 0.9700598802395209,
        "support": 84.0
    },
    "Sadness": {
        "precision": 0.9649122807017544,
        "recall": 0.9649122807017544,
        "f1-score": 0.9649122807017544,
        "support": 114.0
    },
    "Surprise": {
        "precision": 0.9560439560439561,
        "recall": 0.9886363636363636,
        "f1-score": 0.9720670391061452,
        "support": 88.0
    },
    "accuracy": 0.961439588688946,
    "macro avg": {
        "precision": 0.9609302519120131,
        "recall": 0.961184335428847,
        "f1-score": 0.960975027493326,
        "support": 778.0
    },
    "weighted avg": {
        "precision": 0.9614809863490621,
        "recall": 0.961439588688946,
        "f1-score": 0.96138165703812,
        "support": 778.0
    }
}