folder,parsed_emotion,reported_emotion,accuracy,precision,recall,f1score,false_positives
evaluation_angry_6_20250314_025819,angry,Angry,0.27419354838709675,1.0,0.27419354838709675,0.43037974683544306,0
evaluation_disgust_3_20250314_025823,disgust,Disgust,0.6397058823529411,1.0,0.6397058823529411,0.7802690582959642,0
evaluation_fear_2_20250314_025826,fear,Fear,0.5472312703583062,1.0,0.5472312703583062,0.7073684210526315,0
evaluation_happy_4_20250314_025828,happy,Happiness,0.4379746835443038,1.0,0.4379746835443038,0.6091549295774648,0
evaluation_neutral_7_20250314_025834,neutral,Neutral,0.43529411764705883,1.0,0.43529411764705883,0.6065573770491803,0
evaluation_sad_5_20250314_025838,sad,Sadness,0.6778242677824268,1.0,0.6778242677824268,0.8079800498753117,0
evaluation_surprised_1_20250314_025841,surprised,Surprise,0.6170212765957447,1.0,0.6170212765957447,0.7631578947368421,0
