{
    "overall": {
        "accuracy": 0.5823082962575242,
        "macro avg": {
            "precision": 0.609071294970697,
            "recall": 0.5581626822437978,
            "f1-score": 0.5573909768788116,
            "support": 3821
        },
        "weighted avg": {
            "precision": 0.6746387943856088,
            "recall": 0.5823082962575242,
            "f1-score": 0.6052756986160127,
            "support": 3821
        }
    },
    "per_class": {},
    "Angry": {
        "precision": 0.6590909090909091,
        "recall": 0.2672811059907834,
        "f1-score": 0.380327868852459,
        "accuracy": 0.2672811059907834,
        "support": 434,
        "tp": 116,
        "fp": 60,
        "fn": 318,
        "tn": 3327
    },
    "Disgust": {
        "precision": 0.32378580323785805,
        "recall": 0.6372549019607843,
        "f1-score": 0.4293971924029728,
        "accuracy": 0.6372549019607843,
        "support": 408,
        "tp": 260,
        "fp": 543,
        "fn": 148,
        "tn": 2870
    },
    "Fear": {
        "precision": 0.6157407407407407,
        "recall": 0.43322475570032576,
        "f1-score": 0.508604206500956,
        "accuracy": 0.43322475570032576,
        "support": 307,
        "tp": 133,
        "fp": 83,
        "fn": 174,
        "tn": 3431
    },
    "Happiness": {
        "precision": 0.9203640500568828,
        "recall": 0.6827004219409283,
        "f1-score": 0.7839147286821706,
        "accuracy": 0.6827004219409283,
        "support": 1185,
        "tp": 809,
        "fp": 70,
        "fn": 376,
        "tn": 2566
    },
    "Neutral": {
        "precision": 0.6053067993366501,
        "recall": 0.5367647058823529,
        "f1-score": 0.5689789555728759,
        "accuracy": 0.5367647058823529,
        "support": 680,
        "tp": 365,
        "fp": 238,
        "fn": 315,
        "tn": 2903
    },
    "Sadness": {
        "precision": 0.628,
        "recall": 0.6569037656903766,
        "f1-score": 0.6421267893660532,
        "accuracy": 0.6569037656903766,
        "support": 478,
        "tp": 314,
        "fp": 186,
        "fn": 164,
        "tn": 3157
    },
    "Surprise": {
        "precision": 0.5112107623318386,
        "recall": 0.6930091185410334,
        "f1-score": 0.5883870967741934,
        "accuracy": 0.6930091185410334,
        "support": 329,
        "tp": 228,
        "fp": 218,
        "fn": 101,
        "tn": 3274
    }
}