model_folder,overall_accuracy,top2_overall_accuracy,accuracy_Angry,top2_accuracy_Angry,nll_Angry,accuracy_Contempt,top2_accuracy_Contempt,nll_Contempt,accuracy_Disgust,top2_accuracy_Disgust,nll_Disgust,accuracy_Fear,top2_accuracy_Fear,nll_Fear,accuracy_Happiness,top2_accuracy_Happiness,nll_Happiness,accuracy_Neutral,top2_accuracy_Neutral,nll_Neutral,accuracy_Sadness,top2_accuracy_Sadness,nll_Sadness,accuracy_Surprise,top2_accuracy_Surprise,nll_Surprise
Epoch 10,95.88688946015424,99.3573264781491,93.61702127659575,98.93617021276596,0.16799562683068295,90.80459770114942,97.70114942528735,0.41558485199177897,97.87234042553192,98.93617021276596,0.14071208072908345,96.61016949152543,100.0,0.12589123715800457,100.0,100.0,0.002798031757417112,95.23809523809524,100.0,0.07393561686404428,94.73684210526316,99.12280701754386,0.17747760918850491,97.72727272727273,100.0,0.07456852763356568
