model_folder,overall_accuracy,top2_overall_accuracy,accuracy_Angry,top2_accuracy_Angry,nll_Angry,accuracy_Contempt,top2_accuracy_Contempt,nll_Contempt,accuracy_Disgust,top2_accuracy_Disgust,nll_Disgust,accuracy_Fear,top2_accuracy_Fear,nll_Fear,accuracy_Happiness,top2_accuracy_Happiness,nll_Happiness,accuracy_Neutral,top2_accuracy_Neutral,nll_Neutral,accuracy_Sadness,top2_accuracy_Sadness,nll_Sadness,accuracy_Surprise,top2_accuracy_Surprise,nll_Surprise
enet_b0_100M_100W_fine,21.198639099712118,34.12719183459827,1.3824884792626728,2.9953917050691246,2.165623806039309,,,,33.088235294117645,57.84313725490196,2.012967107342739,1.3029315960912051,2.6058631921824102,2.134500432092126,35.18987341772152,47.0042194092827,1.8946077245197215,16.029411764705884,36.029411764705884,2.038365676297861,0.6276150627615062,2.510460251046025,2.158606546942659,41.33738601823708,70.82066869300913,1.9929922982189794
enet_b0_100M_100W_fine_best_val,9.107563465061503,21.041612143417954,0.4608294930875576,0.9216589861751152,2.175975256526525,,,,5.147058823529412,11.519607843137255,2.1153723062837826,17.263843648208468,33.22475570032573,2.067075199723632,8.016877637130802,22.953586497890296,2.061170270674339,19.41176470588235,37.64705882352941,2.036375580991016,3.7656903765690375,14.853556485355648,2.091319720864795,8.206686930091186,15.80547112462006,2.0930335039788104
enet_b0_100M_100W_fine_epoch5,10.65166186862078,25.700078513478147,1.3824884792626728,5.0691244239631335,2.1287546885727737,,,,1.2254901960784315,7.352941176470588,2.10818748877329,28.338762214983714,47.557003257328994,2.0173132574907733,9.113924050632912,25.485232067510548,2.0034330578292976,9.852941176470589,22.5,2.07742298087653,7.112970711297071,19.03765690376569,2.0637847299855125,30.3951367781155,72.34042553191489,2.0007402896881104
