{
    "Angry": {
        "precision": 0.569620253164557,
        "recall": 0.2073732718894009,
        "f1-score": 0.30405405405405406,
        "support": 434.0
    },
    "Disgust": {
        "precision": 0.3157894736842105,
        "recall": 0.6617647058823529,
        "f1-score": 0.42755344418052255,
        "support": 408.0
    },
    "Fear": {
        "precision": 0.549645390070922,
        "recall": 0.504885993485342,
        "f1-score": 0.5263157894736842,
        "support": 307.0
    },
    "Happiness": {
        "precision": 0.9211165048543689,
        "recall": 0.640506329113924,
        "f1-score": 0.7555998008959681,
        "support": 1185.0
    },
    "Neutral": {
        "precision": 0.5928030303030303,
        "recall": 0.4602941176470588,
        "f1-score": 0.5182119205298014,
        "support": 680.0
    },
    "Sadness": {
        "precision": 0.6356589147286822,
        "recall": 0.6861924686192469,
        "f1-score": 0.6599597585513078,
        "support": 478.0
    },
    "Surprise": {
        "precision": 0.47767857142857145,
        "recall": 0.6504559270516718,
        "f1-score": 0.5508365508365508,
        "support": 329.0
    },
    "micro avg": {
        "precision": 0.589587371919136,
        "recall": 0.557183983250458,
        "f1-score": 0.5729278794402584,
        "support": 3821.0
    },
    "macro avg": {
        "precision": 0.5803303054620488,
        "recall": 0.5444961162412854,
        "f1-score": 0.5346473312174127,
        "support": 3821.0
    },
    "weighted avg": {
        "precision": 0.6543911960186198,
        "recall": 0.557183983250458,
        "f1-score": 0.5790201706067185,
        "support": 3821.0
    },
    "overall_accuracy": 55.7183983250458,
    "per_emotion_accuracy": {
        "Angry": 20.737327188940093,
        "Disgust": 66.17647058823529,
        "Fear": 50.4885993485342,
        "Happiness": 64.0506329113924,
        "Neutral": 46.029411764705884,
        "Sadness": 68.61924686192468,
        "Surprise": 65.04559270516717
    }
}