{
    "Angry": {
        "precision": 0.496551724137931,
        "recall": 0.7659574468085106,
        "f1-score": 0.602510460251046,
        "support": 94.0
    },
    "Contempt": {
        "precision": 0.2413793103448276,
        "recall": 0.16091954022988506,
        "f1-score": 0.19310344827586207,
        "support": 87.0
    },
    "Disgust": {
        "precision": 0.7727272727272727,
        "recall": 0.3617021276595745,
        "f1-score": 0.4927536231884058,
        "support": 94.0
    },
    "Fear": {
        "precision": 0.7567567567567568,
        "recall": 0.711864406779661,
        "f1-score": 0.7336244541484717,
        "support": 118.0
    },
    "Happiness": {
        "precision": 0.8839285714285714,
        "recall": 1.0,
        "f1-score": 0.9383886255924171,
        "support": 99.0
    },
    "Neutral": {
        "precision": 0.3162393162393162,
        "recall": 0.44047619047619047,
        "f1-score": 0.3681592039800995,
        "support": 84.0
    },
    "Sadness": {
        "precision": 0.8130841121495327,
        "recall": 0.7631578947368421,
        "f1-score": 0.7873303167420814,
        "support": 114.0
    },
    "Surprise": {
        "precision": 0.8452380952380952,
        "recall": 0.8068181818181818,
        "f1-score": 0.8255813953488372,
        "support": 88.0
    },
    "accuracy": 0.6401028277634961,
    "macro avg": {
        "precision": 0.640738144877788,
        "recall": 0.6263619735636057,
        "f1-score": 0.6176814409409026,
        "support": 778.0
    },
    "weighted avg": {
        "precision": 0.6564975518048287,
        "recall": 0.6401028277634961,
        "f1-score": 0.6331043385605408,
        "support": 778.0
    }
}