model_folder,overall_accuracy,top2_overall_accuracy,accuracy_Angry,top2_accuracy_Angry,nll_Angry,accuracy_Contempt,top2_accuracy_Contempt,nll_Contempt,accuracy_Disgust,top2_accuracy_Disgust,nll_Disgust,accuracy_Fear,top2_accuracy_Fear,nll_Fear,accuracy_Happiness,top2_accuracy_Happiness,nll_Happiness,accuracy_Neutral,top2_accuracy_Neutral,nll_Neutral,accuracy_Sadness,top2_accuracy_Sadness,nll_Sadness,accuracy_Surprise,top2_accuracy_Surprise,nll_Surprise
30 Epoch,51.97592253336823,75.11122742737503,25.57603686635945,59.90783410138249,3.92438745107417,,,,58.57843137254902,70.83333333333333,2.445365137398367,55.700325732899024,74.9185667752443,2.0995498616288817,66.58227848101266,88.18565400843882,1.1450082106920032,35.0,60.44117647058823,2.7983704969206964,53.76569037656904,75.31380753138075,2.1129620920796555,55.015197568389056,83.58662613981762,1.8212561776075784
