{
    "Angry": {
        "precision": 0.5495049504950495,
        "recall": 0.2557603686635945,
        "f1-score": 0.3490566037735849,
        "support": 434.0
    },
    "Contempt": {
        "precision": 0.0,
        "recall": 0.0,
        "f1-score": 0.0,
        "support": 0.0
    },
    "Disgust": {
        "precision": 0.32694938440492477,
        "recall": 0.5857843137254902,
        "f1-score": 0.4196663740122915,
        "support": 408.0
    },
    "Fear": {
        "precision": 0.3986013986013986,
        "recall": 0.5570032573289903,
        "f1-score": 0.46467391304347827,
        "support": 307.0
    },
    "Happiness": {
        "precision": 0.8679867986798679,
        "recall": 0.6658227848101266,
        "f1-score": 0.7535816618911175,
        "support": 1185.0
    },
    "Neutral": {
        "precision": 0.56,
        "recall": 0.35,
        "f1-score": 0.4307692307692308,
        "support": 680.0
    },
    "Sadness": {
        "precision": 0.6675324675324675,
        "recall": 0.5376569037656904,
        "f1-score": 0.5955967555040557,
        "support": 478.0
    },
    "Surprise": {
        "precision": 0.4763157894736842,
        "recall": 0.5501519756838906,
        "f1-score": 0.5105782792665726,
        "support": 329.0
    },
    "accuracy": 0.5197592253336822,
    "macro avg": {
        "precision": 0.48086134864842406,
        "recall": 0.4377724504972228,
        "f1-score": 0.4404903522825414,
        "support": 3821.0
    },
    "weighted avg": {
        "precision": 0.6227175863322939,
        "recall": 0.5197592253336822,
        "f1-score": 0.5506312973600604,
        "support": 3821.0
    }
}