model_folder,overall_accuracy,top2_overall_accuracy,accuracy_Angry,top2_accuracy_Angry,nll_Angry,accuracy_Contempt,top2_accuracy_Contempt,nll_Contempt,accuracy_Disgust,top2_accuracy_Disgust,nll_Disgust,accuracy_Fear,top2_accuracy_Fear,nll_Fear,accuracy_Happiness,top2_accuracy_Happiness,nll_Happiness,accuracy_Neutral,top2_accuracy_Neutral,nll_Neutral,accuracy_Sadness,top2_accuracy_Sadness,nll_Sadness,accuracy_Surprise,top2_accuracy_Surprise,nll_Surprise
enet_b0_100M_100W_fine_epoch40,83.41902313624679,94.98714652956298,78.72340425531915,98.93617021276596,0.6750600781053939,71.26436781609195,93.10344827586206,0.839167829817054,64.8936170212766,82.97872340425532,0.7961898176841675,80.50847457627118,94.0677966101695,0.5307897996725672,98.98989898989899,100.0,0.05392109639135672,95.23809523809524,100.0,0.33665114605710617,91.2280701754386,94.73684210526316,0.34190382632781974,85.22727272727273,96.5909090909091,0.38647764949233865
