model_folder,overall_accuracy,top2_overall_accuracy,accuracy_Angry,top2_accuracy_Angry,nll_Angry,accuracy_Contempt,top2_accuracy_Contempt,nll_Contempt,accuracy_Disgust,top2_accuracy_Disgust,nll_Disgust,accuracy_Fear,top2_accuracy_Fear,nll_Fear,accuracy_Happiness,top2_accuracy_Happiness,nll_Happiness,accuracy_Neutral,top2_accuracy_Neutral,nll_Neutral,accuracy_Sadness,top2_accuracy_Sadness,nll_Sadness,accuracy_Surprise,top2_accuracy_Surprise,nll_Surprise
Epoch 30,36.82282125098142,54.90709238419262,28.571428571428573,47.235023041474655,2.5970109624421625,,,,11.764705882352942,20.833333333333332,4.72558173936947,32.57328990228013,53.09446254071661,2.6086828241844335,65.14767932489451,79.74683544303798,1.3461241361927743,22.352941176470587,37.794117647058826,3.4196133215969895,23.84937238493724,44.97907949790795,3.023467024086359,29.48328267477204,69.30091185410335,2.2027910913710165
