{
    "Angry": {
        "precision": 0.9081632653061225,
        "recall": 0.9468085106382979,
        "f1-score": 0.9270833333333334,
        "support": 94.0
    },
    "Contempt": {
        "precision": 0.927710843373494,
        "recall": 0.8850574712643678,
        "f1-score": 0.9058823529411765,
        "support": 87.0
    },
    "Disgust": {
        "precision": 0.9680851063829787,
        "recall": 0.9680851063829787,
        "f1-score": 0.9680851063829787,
        "support": 94.0
    },
    "Fear": {
        "precision": 0.9739130434782609,
        "recall": 0.9491525423728814,
        "f1-score": 0.9613733905579399,
        "support": 118.0
    },
    "Happiness": {
        "precision": 1.0,
        "recall": 1.0,
        "f1-score": 1.0,
        "support": 99.0
    },
    "Neutral": {
        "precision": 0.9647058823529412,
        "recall": 0.9761904761904762,
        "f1-score": 0.9704142011834319,
        "support": 84.0
    },
    "Sadness": {
        "precision": 0.9734513274336283,
        "recall": 0.9649122807017544,
        "f1-score": 0.9691629955947136,
        "support": 114.0
    },
    "Surprise": {
        "precision": 0.945054945054945,
        "recall": 0.9772727272727273,
        "f1-score": 0.9608938547486033,
        "support": 88.0
    },
    "accuracy": 0.9588688946015425,
    "macro avg": {
        "precision": 0.9576355516727963,
        "recall": 0.9584348893529355,
        "f1-score": 0.9578619043427722,
        "support": 778.0
    },
    "weighted avg": {
        "precision": 0.9590919152347301,
        "recall": 0.9588688946015425,
        "f1-score": 0.9588145138048012,
        "support": 778.0
    }
}