model_folder,overall_accuracy,top2_overall_accuracy,accuracy_Angry,top2_accuracy_Angry,nll_Angry,accuracy_Contempt,top2_accuracy_Contempt,nll_Contempt,accuracy_Disgust,top2_accuracy_Disgust,nll_Disgust,accuracy_Fear,top2_accuracy_Fear,nll_Fear,accuracy_Happiness,top2_accuracy_Happiness,nll_Happiness,accuracy_Neutral,top2_accuracy_Neutral,nll_Neutral,accuracy_Sadness,top2_accuracy_Sadness,nll_Sadness,accuracy_Surprise,top2_accuracy_Surprise,nll_Surprise
enet_b0_100M_100W_fine_epoch5,10.67783302800314,25.30751112274274,26.267281105990783,58.064516129032256,2.020255989193367,,,,6.862745098039215,16.666666666666668,2.0926604323527394,13.355048859934854,25.0814332247557,2.089711779880213,4.556962025316456,16.877637130801688,2.051425344833342,0.14705882352941177,1.4705882352941178,2.159743145108223,14.01673640167364,36.19246861924686,2.0500596589623137,31.306990881458965,56.838905775075986,2.0292034428170385
