{
    "Angry": {
        "precision": 0.5338983050847458,
        "recall": 0.14516129032258066,
        "f1-score": 0.22826086956521738,
        "support": 434.0
    },
    "Disgust": {
        "precision": 0.26512968299711814,
        "recall": 0.6764705882352942,
        "f1-score": 0.38095238095238093,
        "support": 408.0
    },
    "Fear": {
        "precision": 0.5756302521008403,
        "recall": 0.44625407166123776,
        "f1-score": 0.5027522935779817,
        "support": 307.0
    },
    "Happiness": {
        "precision": 0.9565217391304348,
        "recall": 0.4084388185654008,
        "f1-score": 0.5724423418095801,
        "support": 1185.0
    },
    "Neutral": {
        "precision": 0.5107142857142857,
        "recall": 0.42058823529411765,
        "f1-score": 0.4612903225806452,
        "support": 680.0
    },
    "Sadness": {
        "precision": 0.662004662004662,
        "recall": 0.5941422594142259,
        "f1-score": 0.6262403528114664,
        "support": 478.0
    },
    "Surprise": {
        "precision": 0.3859060402684564,
        "recall": 0.6990881458966566,
        "f1-score": 0.4972972972972973,
        "support": 329.0
    },
    "micro avg": {
        "precision": 0.5045871559633027,
        "recall": 0.46061240512954726,
        "f1-score": 0.4815980298262416,
        "support": 3821.0
    },
    "macro avg": {
        "precision": 0.5556864239000775,
        "recall": 0.4843062013413591,
        "f1-score": 0.4670336940849384,
        "support": 3821.0
    },
    "weighted avg": {
        "precision": 0.6387774282403539,
        "recall": 0.46061240512954726,
        "f1-score": 0.4877817421623133,
        "support": 3821.0
    },
    "overall_accuracy": 46.061240512954726,
    "per_emotion_accuracy": {
        "Angry": 14.516129032258064,
        "Disgust": 67.6470588235294,
        "Fear": 44.62540716612378,
        "Happiness": 40.84388185654009,
        "Neutral": 42.05882352941177,
        "Sadness": 59.41422594142259,
        "Surprise": 69.90881458966565
    }
}