{
    "overall": {
        "accuracy": 0.5461920963098665,
        "macro avg": {
            "precision": 0.5746578282721576,
            "recall": 0.5428453460867293,
            "f1-score": 0.5359636274347693,
            "support": 3821
        },
        "weighted avg": {
            "precision": 0.6467539944580548,
            "recall": 0.5461920963098665,
            "f1-score": 0.5698297158501334,
            "support": 3821
        }
    },
    "per_class": {},
    "Angry": {
        "precision": 0.5970873786407767,
        "recall": 0.2834101382488479,
        "f1-score": 0.384375,
        "accuracy": 0.2834101382488479,
        "support": 434,
        "tp": 123,
        "fp": 83,
        "fn": 311,
        "tn": 3304
    },
    "Disgust": {
        "precision": 0.3273885350318471,
        "recall": 0.6299019607843137,
        "f1-score": 0.4308466051969824,
        "accuracy": 0.6299019607843137,
        "support": 408,
        "tp": 257,
        "fp": 528,
        "fn": 151,
        "tn": 2885
    },
    "Fear": {
        "precision": 0.524822695035461,
        "recall": 0.4820846905537459,
        "f1-score": 0.502546689303905,
        "accuracy": 0.4820846905537459,
        "support": 307,
        "tp": 148,
        "fp": 134,
        "fn": 159,
        "tn": 3380
    },
    "Happiness": {
        "precision": 0.9269662921348315,
        "recall": 0.5569620253164557,
        "f1-score": 0.6958355297838692,
        "accuracy": 0.5569620253164557,
        "support": 1185,
        "tp": 660,
        "fp": 52,
        "fn": 525,
        "tn": 2584
    },
    "Neutral": {
        "precision": 0.5263908701854494,
        "recall": 0.5426470588235294,
        "f1-score": 0.5343953656770455,
        "accuracy": 0.5426470588235294,
        "support": 680,
        "tp": 369,
        "fp": 332,
        "fn": 311,
        "tn": 2809
    },
    "Sadness": {
        "precision": 0.6211538461538462,
        "recall": 0.6757322175732218,
        "f1-score": 0.6472945891783568,
        "accuracy": 0.6757322175732218,
        "support": 478,
        "tp": 323,
        "fp": 197,
        "fn": 155,
        "tn": 3146
    },
    "Surprise": {
        "precision": 0.4987951807228916,
        "recall": 0.6291793313069909,
        "f1-score": 0.5564516129032259,
        "accuracy": 0.6291793313069909,
        "support": 329,
        "tp": 207,
        "fp": 208,
        "fn": 122,
        "tn": 3284
    }
}