{
    "overall": {
        "accuracy": 0.9015918958031838,
        "macro avg": {
            "precision": 0.9158928358584827,
            "recall": 0.9032237523533153,
            "f1-score": 0.9072882143476788,
            "support": 691
        },
        "weighted avg": {
            "precision": 0.9160996472427427,
            "recall": 0.9015918958031838,
            "f1-score": 0.9065585393403583,
            "support": 691
        }
    },
    "per_class": {},
    "Angry": {
        "precision": 0.9186046511627907,
        "recall": 0.8404255319148937,
        "f1-score": 0.8777777777777779,
        "accuracy": 0.8404255319148937,
        "support": 94,
        "tp": 79,
        "fp": 7,
        "fn": 15,
        "tn": 590
    },
    "Disgust": {
        "precision": 0.7478260869565218,
        "recall": 0.9148936170212766,
        "f1-score": 0.8229665071770335,
        "accuracy": 0.9148936170212766,
        "support": 94,
        "tp": 86,
        "fp": 29,
        "fn": 8,
        "tn": 568
    },
    "Fear": {
        "precision": 0.8842975206611571,
        "recall": 0.9067796610169492,
        "f1-score": 0.895397489539749,
        "accuracy": 0.9067796610169492,
        "support": 118,
        "tp": 107,
        "fp": 14,
        "fn": 11,
        "tn": 559
    },
    "Happiness": {
        "precision": 1.0,
        "recall": 0.98989898989899,
        "f1-score": 0.9949238578680203,
        "accuracy": 0.98989898989899,
        "support": 99,
        "tp": 98,
        "fp": 0,
        "fn": 1,
        "tn": 592
    },
    "Neutral": {
        "precision": 0.9761904761904762,
        "recall": 0.9761904761904762,
        "f1-score": 0.9761904761904762,
        "accuracy": 0.9761904761904762,
        "support": 84,
        "tp": 82,
        "fp": 2,
        "fn": 2,
        "tn": 605
    },
    "Sadness": {
        "precision": 0.9696969696969697,
        "recall": 0.8421052631578947,
        "f1-score": 0.9014084507042254,
        "accuracy": 0.8421052631578947,
        "support": 114,
        "tp": 96,
        "fp": 3,
        "fn": 18,
        "tn": 574
    },
    "Surprise": {
        "precision": 0.9146341463414634,
        "recall": 0.8522727272727273,
        "f1-score": 0.8823529411764706,
        "accuracy": 0.8522727272727273,
        "support": 88,
        "tp": 75,
        "fp": 7,
        "fn": 13,
        "tn": 596
    }
}