{
    "Angry": {
        "precision": 0.9186046511627907,
        "recall": 0.8404255319148937,
        "f1-score": 0.8777777777777778,
        "support": 94.0
    },
    "Disgust": {
        "precision": 0.7478260869565218,
        "recall": 0.9148936170212766,
        "f1-score": 0.8229665071770335,
        "support": 94.0
    },
    "Fear": {
        "precision": 0.8842975206611571,
        "recall": 0.9067796610169492,
        "f1-score": 0.895397489539749,
        "support": 118.0
    },
    "Happiness": {
        "precision": 1.0,
        "recall": 0.98989898989899,
        "f1-score": 0.9949238578680203,
        "support": 99.0
    },
    "Neutral": {
        "precision": 0.9761904761904762,
        "recall": 0.9761904761904762,
        "f1-score": 0.9761904761904762,
        "support": 84.0
    },
    "Sadness": {
        "precision": 0.9696969696969697,
        "recall": 0.8421052631578947,
        "f1-score": 0.9014084507042254,
        "support": 114.0
    },
    "Surprise": {
        "precision": 0.9146341463414634,
        "recall": 0.8522727272727273,
        "f1-score": 0.8823529411764706,
        "support": 88.0
    },
    "micro avg": {
        "precision": 0.9094890510948905,
        "recall": 0.9015918958031838,
        "f1-score": 0.9055232558139535,
        "support": 691.0
    },
    "macro avg": {
        "precision": 0.9158928358584827,
        "recall": 0.9032237523533153,
        "f1-score": 0.9072882143476788,
        "support": 691.0
    },
    "weighted avg": {
        "precision": 0.9160996472427427,
        "recall": 0.9015918958031838,
        "f1-score": 0.9065585393403583,
        "support": 691.0
    },
    "overall_accuracy": 90.15918958031838,
    "per_emotion_accuracy": {
        "Angry": 84.04255319148936,
        "Disgust": 91.48936170212765,
        "Fear": 90.67796610169492,
        "Happiness": 98.98989898989899,
        "Neutral": 97.61904761904762,
        "Sadness": 84.21052631578948,
        "Surprise": 85.22727272727273
    }
}