{
    "Angry": {
        "precision": 0.79,
        "recall": 0.8404255319148937,
        "f1-score": 0.8144329896907216,
        "support": 94.0
    },
    "Contempt": {
        "precision": 0.9142857142857143,
        "recall": 0.735632183908046,
        "f1-score": 0.8152866242038217,
        "support": 87.0
    },
    "Disgust": {
        "precision": 0.7288135593220338,
        "recall": 0.9148936170212766,
        "f1-score": 0.8113207547169812,
        "support": 94.0
    },
    "Fear": {
        "precision": 0.8842975206611571,
        "recall": 0.9067796610169492,
        "f1-score": 0.895397489539749,
        "support": 118.0
    },
    "Happiness": {
        "precision": 0.98,
        "recall": 0.98989898989899,
        "f1-score": 0.9849246231155779,
        "support": 99.0
    },
    "Neutral": {
        "precision": 0.9534883720930233,
        "recall": 0.9761904761904762,
        "f1-score": 0.9647058823529412,
        "support": 84.0
    },
    "Sadness": {
        "precision": 0.9504950495049505,
        "recall": 0.8421052631578947,
        "f1-score": 0.8930232558139535,
        "support": 114.0
    },
    "Surprise": {
        "precision": 0.9146341463414634,
        "recall": 0.8522727272727273,
        "f1-score": 0.8823529411764706,
        "support": 88.0
    },
    "accuracy": 0.8830334190231363,
    "macro avg": {
        "precision": 0.8895017952760428,
        "recall": 0.8822748062976566,
        "f1-score": 0.8826805700762771,
        "support": 778.0
    },
    "weighted avg": {
        "precision": 0.890251546188396,
        "recall": 0.8830334190231363,
        "f1-score": 0.8835504290978872,
        "support": 778.0
    },
    "overall_accuracy": 88.30334190231362,
    "per_emotion_accuracy": {
        "Angry": 84.04255319148936,
        "Contempt": 73.5632183908046,
        "Disgust": 91.48936170212765,
        "Fear": 90.67796610169492,
        "Happiness": 98.98989898989899,
        "Neutral": 97.61904761904762,
        "Sadness": 84.21052631578948,
        "Surprise": 85.22727272727273
    }
}