{
    "overall": {
        "accuracy": 0.7988422575976846,
        "macro avg": {
            "precision": 0.9036711949155579,
            "recall": 0.7937812181567079,
            "f1-score": 0.8367125329265035,
            "support": 691
        },
        "weighted avg": {
            "precision": 0.9063023992799486,
            "recall": 0.7988422575976846,
            "f1-score": 0.8414400090826802,
            "support": 691
        }
    },
    "per_class": {},
    "Angry": {
        "precision": 0.696969696969697,
        "recall": 0.7340425531914894,
        "f1-score": 0.7150259067357513,
        "accuracy": 0.7340425531914894,
        "support": 94,
        "tp": 69,
        "fp": 30,
        "fn": 25,
        "tn": 567
    },
    "Disgust": {
        "precision": 0.8904109589041096,
        "recall": 0.6914893617021277,
        "f1-score": 0.7784431137724552,
        "accuracy": 0.6914893617021277,
        "support": 94,
        "tp": 65,
        "fp": 8,
        "fn": 29,
        "tn": 589
    },
    "Fear": {
        "precision": 0.978021978021978,
        "recall": 0.7542372881355932,
        "f1-score": 0.8516746411483254,
        "accuracy": 0.7542372881355932,
        "support": 118,
        "tp": 89,
        "fp": 2,
        "fn": 29,
        "tn": 571
    },
    "Happiness": {
        "precision": 0.97,
        "recall": 0.9797979797979798,
        "f1-score": 0.9748743718592964,
        "accuracy": 0.9797979797979798,
        "support": 99,
        "tp": 97,
        "fp": 3,
        "fn": 2,
        "tn": 589
    },
    "Neutral": {
        "precision": 0.9583333333333334,
        "recall": 0.5476190476190477,
        "f1-score": 0.696969696969697,
        "accuracy": 0.5476190476190477,
        "support": 84,
        "tp": 46,
        "fp": 2,
        "fn": 38,
        "tn": 605
    },
    "Sadness": {
        "precision": 0.918918918918919,
        "recall": 0.8947368421052632,
        "f1-score": 0.9066666666666667,
        "accuracy": 0.8947368421052632,
        "support": 114,
        "tp": 102,
        "fp": 9,
        "fn": 12,
        "tn": 568
    },
    "Surprise": {
        "precision": 0.9130434782608695,
        "recall": 0.9545454545454546,
        "f1-score": 0.9333333333333332,
        "accuracy": 0.9545454545454546,
        "support": 88,
        "tp": 84,
        "fp": 8,
        "fn": 4,
        "tn": 595
    }
}