model_folder,overall_accuracy,top2_overall_accuracy,accuracy_Angry,top2_accuracy_Angry,nll_Angry,accuracy_Contempt,top2_accuracy_Contempt,nll_Contempt,accuracy_Disgust,top2_accuracy_Disgust,nll_Disgust,accuracy_Fear,top2_accuracy_Fear,nll_Fear,accuracy_Happiness,top2_accuracy_Happiness,nll_Happiness,accuracy_Neutral,top2_accuracy_Neutral,nll_Neutral,accuracy_Sadness,top2_accuracy_Sadness,nll_Sadness,accuracy_Surprise,top2_accuracy_Surprise,nll_Surprise
Fraction_100_percent,61.999476576812356,83.87856582046585,38.0184331797235,81.5668202764977,1.421516416935585,,,,63.23529411764706,74.26470588235294,1.1875313890084405,49.185667752442995,69.70684039087948,1.3346753403884193,73.67088607594937,90.12658227848101,0.7088094232017902,54.411764705882355,84.11764705882354,1.176813457752852,71.54811715481172,87.02928870292887,0.8306310368225925,63.829787234042556,84.4984802431611,1.0016844698813911
