{
    "overall": {
        "accuracy": 0.6199947657681235,
        "macro avg": {
            "precision": 0.6505687555620563,
            "recall": 0.5912856431721422,
            "f1-score": 0.6049790689777839,
            "support": 3821
        },
        "weighted avg": {
            "precision": 0.7087988209353255,
            "recall": 0.6199947657681235,
            "f1-score": 0.6498991289611911,
            "support": 3821
        }
    },
    "Angry": {
        "precision": 0.7142857142857143,
        "recall": 0.38018433179723504,
        "f1-score": 0.4962406015037595,
        "accuracy": 0.38018433179723504,
        "support": 434,
        "True Positives": 165,
        "False Positives": 66,
        "False Negatives": 269,
        "True Negatives": 3321
    },
    "Disgust": {
        "precision": 0.3788546255506608,
        "recall": 0.6323529411764706,
        "f1-score": 0.4738292011019284,
        "accuracy": 0.6323529411764706,
        "support": 408,
        "True Positives": 258,
        "False Positives": 423,
        "False Negatives": 150,
        "True Negatives": 2990
    },
    "Fear": {
        "precision": 0.594488188976378,
        "recall": 0.49185667752442996,
        "f1-score": 0.5383244206773619,
        "accuracy": 0.49185667752442996,
        "support": 307,
        "True Positives": 151,
        "False Positives": 103,
        "False Negatives": 156,
        "True Negatives": 3411
    },
    "Happiness": {
        "precision": 0.8853955375253549,
        "recall": 0.7367088607594937,
        "f1-score": 0.8042376784891755,
        "accuracy": 0.7367088607594937,
        "support": 1185,
        "True Positives": 873,
        "False Positives": 113,
        "False Negatives": 312,
        "True Negatives": 2523
    },
    "Neutral": {
        "precision": 0.73558648111332,
        "recall": 0.5441176470588235,
        "f1-score": 0.62552831783601,
        "accuracy": 0.5441176470588235,
        "support": 680,
        "True Positives": 370,
        "False Positives": 133,
        "False Negatives": 310,
        "True Negatives": 3008
    },
    "Sadness": {
        "precision": 0.685370741482966,
        "recall": 0.7154811715481172,
        "f1-score": 0.7001023541453429,
        "accuracy": 0.7154811715481172,
        "support": 478,
        "True Positives": 342,
        "False Positives": 157,
        "False Negatives": 136,
        "True Negatives": 3186
    },
    "Surprise": {
        "precision": 0.56,
        "recall": 0.6382978723404256,
        "f1-score": 0.5965909090909092,
        "accuracy": 0.6382978723404256,
        "support": 329,
        "True Positives": 210,
        "False Positives": 165,
        "False Negatives": 119,
        "True Negatives": 3327
    }
}