model_folder,overall_accuracy,top2_overall_accuracy,accuracy_Angry,top2_accuracy_Angry,nll_Angry,accuracy_Contempt,top2_accuracy_Contempt,nll_Contempt,accuracy_Disgust,top2_accuracy_Disgust,nll_Disgust,accuracy_Fear,top2_accuracy_Fear,nll_Fear,accuracy_Happiness,top2_accuracy_Happiness,nll_Happiness,accuracy_Neutral,top2_accuracy_Neutral,nll_Neutral,accuracy_Sadness,top2_accuracy_Sadness,nll_Sadness,accuracy_Surprise,top2_accuracy_Surprise,nll_Surprise
enet_b0_100M_100W_fine,9.473959696414552,18.529180842711334,31.797235023041473,55.29953917050691,2.029419897064086,,,,28.92156862745098,51.71568627450981,2.027833628596044,18.241042345276874,30.618892508143322,2.0894939732473916,1.0126582278481013,3.5443037974683542,2.194379533091678,2.3529411764705883,7.9411764705882355,2.1140282879857457,2.510460251046025,6.694560669456067,2.1380753018367242,3.0395136778115504,10.638297872340425,2.1002867768963056
