model_folder,overall_accuracy,top2_overall_accuracy,accuracy_Angry,top2_accuracy_Angry,nll_Angry,accuracy_Contempt,top2_accuracy_Contempt,nll_Contempt,accuracy_Disgust,top2_accuracy_Disgust,nll_Disgust,accuracy_Fear,top2_accuracy_Fear,nll_Fear,accuracy_Happiness,top2_accuracy_Happiness,nll_Happiness,accuracy_Neutral,top2_accuracy_Neutral,nll_Neutral,accuracy_Sadness,top2_accuracy_Sadness,nll_Sadness,accuracy_Surprise,top2_accuracy_Surprise,nll_Surprise
Epoch 15,95.88688946015424,99.61439588688945,95.74468085106383,100.0,0.1561252182132763,88.50574712643679,98.85057471264368,0.49347723104834856,94.68085106382979,98.93617021276596,0.16236134888916426,96.61016949152543,100.0,0.11766146843250636,100.0,100.0,0.00024325073775572438,98.80952380952381,100.0,0.03447625117927526,94.73684210526316,99.12280701754386,0.2167162030728032,97.72727272727273,100.0,0.09137484439400172
