model_folder,overall_accuracy,top2_overall_accuracy,accuracy_Angry,top2_accuracy_Angry,nll_Angry,accuracy_Contempt,top2_accuracy_Contempt,nll_Contempt,accuracy_Disgust,top2_accuracy_Disgust,nll_Disgust,accuracy_Fear,top2_accuracy_Fear,nll_Fear,accuracy_Happiness,top2_accuracy_Happiness,nll_Happiness,accuracy_Neutral,top2_accuracy_Neutral,nll_Neutral,accuracy_Sadness,top2_accuracy_Sadness,nll_Sadness,accuracy_Surprise,top2_accuracy_Surprise,nll_Surprise
enet_b0_100M_100W_fine_epoch10,47.788537032190526,72.52028264852133,14.055299539170507,60.59907834101382,2.3196134238336494,,,,67.6470588235294,77.69607843137256,0.9972895482103067,42.671009771986974,73.61563517915309,1.4300965920988629,44.81012658227848,65.40084388185655,1.4792955541759258,43.38235294117647,73.97058823529412,1.3569363792262532,63.59832635983263,82.84518828451883,0.9920322228573549,69.30091185410335,88.44984802431611,0.8392306233651505
