{
    "overall": {
        "accuracy": 0.47788537032190526,
        "macro avg": {
            "precision": 0.5707294062188584,
            "recall": 0.4935215512458254,
            "f1-score": 0.47889729388181773,
            "support": 3821
        },
        "weighted avg": {
            "precision": 0.6511288133469949,
            "recall": 0.47788537032190526,
            "f1-score": 0.5063112032055495,
            "support": 3821
        }
    },
    "per_class": {},
    "Angry": {
        "precision": 0.580952380952381,
        "recall": 0.14055299539170507,
        "f1-score": 0.22634508348794066,
        "accuracy": 0.14055299539170507,
        "support": 434,
        "tp": 61,
        "fp": 44,
        "fn": 373,
        "tn": 3343
    },
    "Disgust": {
        "precision": 0.27655310621242485,
        "recall": 0.6764705882352942,
        "f1-score": 0.3926031294452347,
        "accuracy": 0.6764705882352942,
        "support": 408,
        "tp": 276,
        "fp": 722,
        "fn": 132,
        "tn": 2691
    },
    "Fear": {
        "precision": 0.5954545454545455,
        "recall": 0.42671009771986973,
        "f1-score": 0.49715370018975336,
        "accuracy": 0.42671009771986973,
        "support": 307,
        "tp": 131,
        "fp": 89,
        "fn": 176,
        "tn": 3425
    },
    "Happiness": {
        "precision": 0.9482142857142857,
        "recall": 0.4481012658227848,
        "f1-score": 0.608595988538682,
        "accuracy": 0.4481012658227848,
        "support": 1185,
        "tp": 531,
        "fp": 29,
        "fn": 654,
        "tn": 2607
    },
    "Neutral": {
        "precision": 0.5566037735849056,
        "recall": 0.4338235294117647,
        "f1-score": 0.487603305785124,
        "accuracy": 0.4338235294117647,
        "support": 680,
        "tp": 295,
        "fp": 235,
        "fn": 385,
        "tn": 2906
    },
    "Sadness": {
        "precision": 0.6495726495726496,
        "recall": 0.6359832635983264,
        "f1-score": 0.6427061310782242,
        "accuracy": 0.6359832635983264,
        "support": 478,
        "tp": 304,
        "fp": 164,
        "fn": 174,
        "tn": 3179
    },
    "Surprise": {
        "precision": 0.3877551020408163,
        "recall": 0.6930091185410334,
        "f1-score": 0.4972737186477645,
        "accuracy": 0.6930091185410334,
        "support": 329,
        "tp": 228,
        "fp": 360,
        "fn": 101,
        "tn": 3132
    }
}