model_folder,overall_accuracy,top2_overall_accuracy,accuracy_Angry,top2_accuracy_Angry,nll_Angry,accuracy_Contempt,top2_accuracy_Contempt,nll_Contempt,accuracy_Disgust,top2_accuracy_Disgust,nll_Disgust,accuracy_Fear,top2_accuracy_Fear,nll_Fear,accuracy_Happiness,top2_accuracy_Happiness,nll_Happiness,accuracy_Neutral,top2_accuracy_Neutral,nll_Neutral,accuracy_Sadness,top2_accuracy_Sadness,nll_Sadness,accuracy_Surprise,top2_accuracy_Surprise,nll_Surprise
enet_b0_100M_0W_fine_best_val,65.00915990578383,84.82072755823083,34.33179723502304,79.26267281105991,1.528446587789718,,,,58.57843137254902,69.36274509803921,1.3146359453836054,49.5114006514658,70.68403908794788,1.3793290793798645,72.74261603375527,89.0295358649789,0.7450267858813097,76.47058823529412,93.52941176470588,0.838076020590961,73.43096234309624,90.5857740585774,0.7487886726193054,64.13373860182371,82.97872340425532,1.0392060107282592
