{
    "Angry": {
        "precision": 0.7303921568627451,
        "recall": 0.3433179723502304,
        "f1-score": 0.4670846394984326,
        "support": 434.0
    },
    "Disgust": {
        "precision": 0.3734375,
        "recall": 0.5857843137254902,
        "f1-score": 0.45610687022900764,
        "support": 408.0
    },
    "Fear": {
        "precision": 0.6523605150214592,
        "recall": 0.495114006514658,
        "f1-score": 0.562962962962963,
        "support": 307.0
    },
    "Happiness": {
        "precision": 0.8969823100936525,
        "recall": 0.7274261603375527,
        "f1-score": 0.8033550792171482,
        "support": 1185.0
    },
    "Neutral": {
        "precision": 0.6779661016949152,
        "recall": 0.7647058823529411,
        "f1-score": 0.718728403593642,
        "support": 680.0
    },
    "Sadness": {
        "precision": 0.6936758893280632,
        "recall": 0.7343096234309623,
        "f1-score": 0.7134146341463414,
        "support": 478.0
    },
    "Surprise": {
        "precision": 0.6045845272206304,
        "recall": 0.6413373860182371,
        "f1-score": 0.6224188790560472,
        "support": 329.0
    },
    "micro avg": {
        "precision": 0.6786885245901639,
        "recall": 0.6500915990578383,
        "f1-score": 0.6640823419328967,
        "support": 3821.0
    },
    "macro avg": {
        "precision": 0.6613427143173523,
        "recall": 0.613142192104296,
        "f1-score": 0.620581638386226,
        "support": 3821.0
    },
    "weighted avg": {
        "precision": 0.7129164473587911,
        "recall": 0.6500915990578383,
        "f1-score": 0.6668764867502676,
        "support": 3821.0
    },
    "overall_accuracy": 65.00915990578383,
    "per_emotion_accuracy": {
        "Angry": 34.33179723502304,
        "Disgust": 58.57843137254902,
        "Fear": 49.5114006514658,
        "Happiness": 72.74261603375527,
        "Neutral": 76.47058823529412,
        "Sadness": 73.43096234309624,
        "Surprise": 64.13373860182371
    }
}