{
    "Angry": {
        "precision": 0.6442953020134228,
        "recall": 0.22119815668202766,
        "f1-score": 0.3293310463121784,
        "support": 434.0
    },
    "Contempt": {
        "precision": 0.0,
        "recall": 0.0,
        "f1-score": 0.0,
        "support": 0.0
    },
    "Disgust": {
        "precision": 0.3222354340071344,
        "recall": 0.6642156862745098,
        "f1-score": 0.4339471577261809,
        "support": 408.0
    },
    "Fear": {
        "precision": 0.5670995670995671,
        "recall": 0.42671009771986973,
        "f1-score": 0.48698884758364314,
        "support": 307.0
    },
    "Happiness": {
        "precision": 0.8802966101694916,
        "recall": 0.7012658227848101,
        "f1-score": 0.7806481916392672,
        "support": 1185.0
    },
    "Neutral": {
        "precision": 0.6703296703296703,
        "recall": 0.538235294117647,
        "f1-score": 0.5970636215334421,
        "support": 680.0
    },
    "Sadness": {
        "precision": 0.6741071428571429,
        "recall": 0.6317991631799164,
        "f1-score": 0.652267818574514,
        "support": 478.0
    },
    "Surprise": {
        "precision": 0.47959183673469385,
        "recall": 0.7142857142857143,
        "f1-score": 0.5738705738705738,
        "support": 329.0
    },
    "accuracy": 0.5841402774142894,
    "macro avg": {
        "precision": 0.5297444454013904,
        "recall": 0.4872137418805619,
        "f1-score": 0.48176465715497496,
        "support": 3821.0
    },
    "weighted avg": {
        "precision": 0.6710757321891535,
        "recall": 0.5841402774142894,
        "f1-score": 0.6022361937914825,
        "support": 3821.0
    },
    "overall_accuracy": 58.414027741428946,
    "per_emotion_accuracy": {
        "Angry": 22.119815668202765,
        "Contempt": NaN,
        "Disgust": 66.42156862745098,
        "Fear": 42.671009771986974,
        "Happiness": 70.12658227848101,
        "Neutral": 53.8235294117647,
        "Sadness": 63.17991631799163,
        "Surprise": 71.42857142857143
    }
}