model_folder,overall_accuracy,top2_overall_accuracy,accuracy_Angry,top2_accuracy_Angry,nll_Angry,accuracy_Contempt,top2_accuracy_Contempt,nll_Contempt,accuracy_Disgust,top2_accuracy_Disgust,nll_Disgust,accuracy_Fear,top2_accuracy_Fear,nll_Fear,accuracy_Happiness,top2_accuracy_Happiness,nll_Happiness,accuracy_Neutral,top2_accuracy_Neutral,nll_Neutral,accuracy_Sadness,top2_accuracy_Sadness,nll_Sadness,accuracy_Surprise,top2_accuracy_Surprise,nll_Surprise
Epoch 30,96.01542416452442,99.48586118251929,95.74468085106383,100.0,0.1530841180271172,89.65517241379311,97.70114942528735,0.4863793785261036,93.61702127659575,98.93617021276596,0.1836879820280646,96.61016949152543,100.0,0.1438986809195156,100.0,100.0,9.538228461739747e-05,97.61904761904762,100.0,0.050028158583274814,96.49122807017544,99.12280701754386,0.20168201999500054,97.72727272727273,100.0,0.08376530423864957
