{
    "Angry": {
        "precision": 0.9574468085106383,
        "recall": 0.9574468085106383,
        "f1-score": 0.9574468085106383,
        "support": 94.0
    },
    "Disgust": {
        "precision": 0.9565217391304348,
        "recall": 0.9361702127659575,
        "f1-score": 0.946236559139785,
        "support": 94.0
    },
    "Fear": {
        "precision": 0.9661016949152542,
        "recall": 0.9661016949152542,
        "f1-score": 0.9661016949152542,
        "support": 118.0
    },
    "Happiness": {
        "precision": 0.99,
        "recall": 1.0,
        "f1-score": 0.9949748743718593,
        "support": 99.0
    },
    "Neutral": {
        "precision": 0.9879518072289156,
        "recall": 0.9761904761904762,
        "f1-score": 0.9820359281437125,
        "support": 84.0
    },
    "Sadness": {
        "precision": 0.9821428571428571,
        "recall": 0.9649122807017544,
        "f1-score": 0.9734513274336283,
        "support": 114.0
    },
    "Surprise": {
        "precision": 0.9555555555555556,
        "recall": 0.9772727272727273,
        "f1-score": 0.9662921348314607,
        "support": 88.0
    },
    "micro avg": {
        "precision": 0.9709724238026125,
        "recall": 0.9681620839363242,
        "f1-score": 0.9695652173913043,
        "support": 691.0
    },
    "macro avg": {
        "precision": 0.9708172089262365,
        "recall": 0.968299171479544,
        "f1-score": 0.9695056181923342,
        "support": 691.0
    },
    "weighted avg": {
        "precision": 0.9710045873931465,
        "recall": 0.9681620839363242,
        "f1-score": 0.969532454817117,
        "support": 691.0
    },
    "overall_accuracy": 96.81620839363242,
    "per_emotion_accuracy": {
        "Angry": 95.74468085106383,
        "Disgust": 93.61702127659575,
        "Fear": 96.61016949152543,
        "Happiness": 100.0,
        "Neutral": 97.61904761904762,
        "Sadness": 96.49122807017544,
        "Surprise": 97.72727272727273
    }
}