{
    "Angry": {
        "precision": 0.32805429864253394,
        "recall": 0.33410138248847926,
        "f1-score": 0.3310502283105023,
        "support": 434.0
    },
    "Disgust": {
        "precision": 0.15328467153284672,
        "recall": 0.10294117647058823,
        "f1-score": 0.12316715542521994,
        "support": 408.0
    },
    "Fear": {
        "precision": 0.11929460580912864,
        "recall": 0.3745928338762215,
        "f1-score": 0.1809598741148702,
        "support": 307.0
    },
    "Happiness": {
        "precision": 0.710261569416499,
        "recall": 0.5957805907172996,
        "f1-score": 0.6480036714089031,
        "support": 1185.0
    },
    "Neutral": {
        "precision": 0.3261538461538461,
        "recall": 0.15588235294117647,
        "f1-score": 0.2109452736318408,
        "support": 680.0
    },
    "Sadness": {
        "precision": 0.44357976653696496,
        "recall": 0.2384937238493724,
        "f1-score": 0.31020408163265306,
        "support": 478.0
    },
    "Surprise": {
        "precision": 0.28391167192429023,
        "recall": 0.2735562310030395,
        "f1-score": 0.2786377708978328,
        "support": 329.0
    },
    "micro avg": {
        "precision": 0.3688776938147215,
        "recall": 0.3449358806595132,
        "f1-score": 0.35650527454692993,
        "support": 3821.0
    },
    "macro avg": {
        "precision": 0.3377914900023014,
        "recall": 0.29647832733516816,
        "f1-score": 0.29756686506026025,
        "support": 3821.0
    },
    "weighted avg": {
        "precision": 0.4214660557944494,
        "recall": 0.3449358806595132,
        "f1-score": 0.36659492127414545,
        "support": 3821.0
    },
    "overall_accuracy": 34.49358806595132,
    "per_emotion_accuracy": {
        "Angry": 33.41013824884793,
        "Disgust": 10.294117647058824,
        "Fear": 37.45928338762215,
        "Happiness": 59.57805907172996,
        "Neutral": 15.588235294117647,
        "Sadness": 23.84937238493724,
        "Surprise": 27.35562310030395
    }
}