model_folder,overall_accuracy,top2_overall_accuracy,accuracy_Angry,top2_accuracy_Angry,nll_Angry,accuracy_Contempt,top2_accuracy_Contempt,nll_Contempt,accuracy_Disgust,top2_accuracy_Disgust,nll_Disgust,accuracy_Fear,top2_accuracy_Fear,nll_Fear,accuracy_Happiness,top2_accuracy_Happiness,nll_Happiness,accuracy_Neutral,top2_accuracy_Neutral,nll_Neutral,accuracy_Sadness,top2_accuracy_Sadness,nll_Sadness,accuracy_Surprise,top2_accuracy_Surprise,nll_Surprise
enet_b0_100M_100W_fine_epoch25,45.8780423972782,70.3480764197854,12.211981566820276,62.672811059907836,2.3218981030006565,,,,67.40196078431373,78.43137254901961,1.0041375722069585,41.693811074918564,76.2214983713355,1.4133243284124506,40.25316455696203,60.92827004219409,1.6761570856947734,41.470588235294116,66.61764705882354,1.4647471007178812,63.38912133891213,82.42677824267783,0.9993935352958714,71.42857142857143,89.05775075987842,0.7955877410225276
