model_folder,overall_accuracy,top2_overall_accuracy,accuracy_Angry,top2_accuracy_Angry,nll_Angry,accuracy_Contempt,top2_accuracy_Contempt,nll_Contempt,accuracy_Disgust,top2_accuracy_Disgust,nll_Disgust,accuracy_Fear,top2_accuracy_Fear,nll_Fear,accuracy_Happiness,top2_accuracy_Happiness,nll_Happiness,accuracy_Neutral,top2_accuracy_Neutral,nll_Neutral,accuracy_Sadness,top2_accuracy_Sadness,nll_Sadness,accuracy_Surprise,top2_accuracy_Surprise,nll_Surprise
10 Epoch,52.211462967809474,75.37293902119863,28.571428571428573,63.133640552995395,3.1245007779135023,,,,51.22549019607843,63.72549019607843,2.6960167007668865,59.28338762214984,76.2214983713355,1.7883539274390963,67.84810126582279,89.19831223628692,0.9756720881376746,35.44117647058823,61.76470588235294,2.482505072237815,53.76569037656904,74.47698744769875,1.865461213325061,54.10334346504559,84.80243161094225,1.695907469834147
