{
    "Angry": {
        "precision": 0.5821596244131455,
        "recall": 0.2857142857142857,
        "f1-score": 0.38330757341576505,
        "support": 434.0
    },
    "Contempt": {
        "precision": 0.0,
        "recall": 0.0,
        "f1-score": 0.0,
        "support": 0.0
    },
    "Disgust": {
        "precision": 0.34039087947882735,
        "recall": 0.5122549019607843,
        "f1-score": 0.4090019569471624,
        "support": 408.0
    },
    "Fear": {
        "precision": 0.3947939262472885,
        "recall": 0.5928338762214984,
        "f1-score": 0.4739583333333333,
        "support": 307.0
    },
    "Happiness": {
        "precision": 0.8525980911983033,
        "recall": 0.6784810126582278,
        "f1-score": 0.7556390977443609,
        "support": 1185.0
    },
    "Neutral": {
        "precision": 0.6040100250626567,
        "recall": 0.35441176470588237,
        "f1-score": 0.44670991658943465,
        "support": 680.0
    },
    "Sadness": {
        "precision": 0.7021857923497268,
        "recall": 0.5376569037656904,
        "f1-score": 0.6090047393364929,
        "support": 478.0
    },
    "Surprise": {
        "precision": 0.4797843665768194,
        "recall": 0.541033434650456,
        "f1-score": 0.5085714285714286,
        "support": 329.0
    },
    "accuracy": 0.5221146296780947,
    "macro avg": {
        "precision": 0.494490338165846,
        "recall": 0.4377982724596031,
        "f1-score": 0.44827413074224726,
        "support": 3821.0
    },
    "weighted avg": {
        "precision": 0.6352493880241097,
        "recall": 0.5221146296780947,
        "f1-score": 0.5591083049308936,
        "support": 3821.0
    }
}