{
    "Angry": {
        "precision": 0.5481481481481482,
        "recall": 0.17050691244239632,
        "f1-score": 0.2601054481546573,
        "support": 434.0
    },
    "Contempt": {
        "precision": 0.0,
        "recall": 0.0,
        "f1-score": 0.0,
        "support": 0.0
    },
    "Disgust": {
        "precision": 0.2622641509433962,
        "recall": 0.6813725490196079,
        "f1-score": 0.3787465940054496,
        "support": 408.0
    },
    "Fear": {
        "precision": 0.5866666666666667,
        "recall": 0.42996742671009774,
        "f1-score": 0.49624060150375937,
        "support": 307.0
    },
    "Happiness": {
        "precision": 0.9499036608863198,
        "recall": 0.4160337552742616,
        "f1-score": 0.5786384976525821,
        "support": 1185.0
    },
    "Neutral": {
        "precision": 0.5415821501014199,
        "recall": 0.3926470588235294,
        "f1-score": 0.45524296675191817,
        "support": 680.0
    },
    "Sadness": {
        "precision": 0.6536697247706422,
        "recall": 0.5962343096234309,
        "f1-score": 0.6236323851203501,
        "support": 478.0
    },
    "Surprise": {
        "precision": 0.3876500857632933,
        "recall": 0.6869300911854104,
        "f1-score": 0.4956140350877193,
        "support": 329.0
    },
    "accuracy": 0.4593038471604292,
    "macro avg": {
        "precision": 0.4912355734099858,
        "recall": 0.42171151288484177,
        "f1-score": 0.4110275660345545,
        "support": 3821.0
    },
    "weighted avg": {
        "precision": 0.6435251095063108,
        "recall": 0.4593038471604292,
        "f1-score": 0.49101423037320074,
        "support": 3821.0
    }
}