model_folder,overall_accuracy,top2_overall_accuracy,accuracy_Angry,top2_accuracy_Angry,nll_Angry,accuracy_Contempt,top2_accuracy_Contempt,nll_Contempt,accuracy_Disgust,top2_accuracy_Disgust,nll_Disgust,accuracy_Fear,top2_accuracy_Fear,nll_Fear,accuracy_Happiness,top2_accuracy_Happiness,nll_Happiness,accuracy_Neutral,top2_accuracy_Neutral,nll_Neutral,accuracy_Sadness,top2_accuracy_Sadness,nll_Sadness,accuracy_Surprise,top2_accuracy_Surprise,nll_Surprise
100W_75M,58.414027741428946,81.1829364040827,22.119815668202765,74.65437788018433,2.0308890299257834,,,,66.42156862745098,74.01960784313725,1.2267763196506685,42.671009771986974,64.49511400651465,1.734033614694344,70.12658227848101,87.67932489451476,0.784086728136611,53.8235294117647,80.58823529411765,1.217091882639729,63.17991631799163,83.05439330543933,0.9938928289807621,71.42857142857143,89.36170212765957,0.7542317962446632
