model_folder,overall_accuracy,top2_overall_accuracy,accuracy_Angry,top2_accuracy_Angry,nll_Angry,accuracy_Contempt,top2_accuracy_Contempt,nll_Contempt,accuracy_Disgust,top2_accuracy_Disgust,nll_Disgust,accuracy_Fear,top2_accuracy_Fear,nll_Fear,accuracy_Happiness,top2_accuracy_Happiness,nll_Happiness,accuracy_Neutral,top2_accuracy_Neutral,nll_Neutral,accuracy_Sadness,top2_accuracy_Sadness,nll_Sadness,accuracy_Surprise,top2_accuracy_Surprise,nll_Surprise
enet_b0_100M_100W_fine,17.351478670505102,34.467416906568964,26.72811059907834,55.99078341013825,2.012971320185244,,,,1.4705882352941178,5.882352941176471,2.102128991309334,1.9543973941368078,5.2117263843648205,2.1274032220001717,5.147679324894515,16.70886075949367,2.158822972663847,40.14705882352941,69.8529411764706,1.9783195935627993,22.175732217573223,45.60669456066945,2.0298161793453424,28.875379939209726,43.46504559270517,2.0280362979981676
