model_folder,overall_accuracy,top2_overall_accuracy,accuracy_Angry,top2_accuracy_Angry,nll_Angry,accuracy_Contempt,top2_accuracy_Contempt,nll_Contempt,accuracy_Disgust,top2_accuracy_Disgust,nll_Disgust,accuracy_Fear,top2_accuracy_Fear,nll_Fear,accuracy_Happiness,top2_accuracy_Happiness,nll_Happiness,accuracy_Neutral,top2_accuracy_Neutral,nll_Neutral,accuracy_Sadness,top2_accuracy_Sadness,nll_Sadness,accuracy_Surprise,top2_accuracy_Surprise,nll_Surprise
enet_b0_100M_25W_finetuned_best,55.7183983250458,80.55482857890604,20.737327188940093,75.11520737327189,2.1601191450635717,,,,66.17647058823529,77.45098039215686,1.187927354295229,50.4885993485342,76.2214983713355,1.4281916854006667,64.0506329113924,84.38818565400844,0.950322650437395,46.029411764705884,73.23529411764706,1.4165572038796894,68.61924686192468,86.82008368200837,0.8259382453683939,65.04559270516717,87.8419452887538,0.9112981732645975
