{
    "Angry": {
        "precision": 0.7303921568627451,
        "recall": 0.3433179723502304,
        "f1-score": 0.4670846394984326,
        "support": 434.0
    },
    "Contempt": {
        "precision": 0.0,
        "recall": 0.0,
        "f1-score": 0.0,
        "support": 0.0
    },
    "Disgust": {
        "precision": 0.3734375,
        "recall": 0.5857843137254902,
        "f1-score": 0.45610687022900764,
        "support": 408.0
    },
    "Fear": {
        "precision": 0.6523605150214592,
        "recall": 0.495114006514658,
        "f1-score": 0.562962962962963,
        "support": 307.0
    },
    "Happiness": {
        "precision": 0.8969823100936525,
        "recall": 0.7274261603375527,
        "f1-score": 0.8033550792171482,
        "support": 1185.0
    },
    "Neutral": {
        "precision": 0.6779661016949152,
        "recall": 0.7647058823529411,
        "f1-score": 0.718728403593642,
        "support": 680.0
    },
    "Sadness": {
        "precision": 0.6936758893280632,
        "recall": 0.7343096234309623,
        "f1-score": 0.7134146341463414,
        "support": 478.0
    },
    "Surprise": {
        "precision": 0.6045845272206304,
        "recall": 0.6413373860182371,
        "f1-score": 0.6224188790560472,
        "support": 329.0
    },
    "accuracy": 0.6500915990578383,
    "macro avg": {
        "precision": 0.5786748750276832,
        "recall": 0.536499418091259,
        "f1-score": 0.5430089335879478,
        "support": 3821.0
    },
    "weighted avg": {
        "precision": 0.7129164473587913,
        "recall": 0.6500915990578383,
        "f1-score": 0.6668764867502677,
        "support": 3821.0
    }
}