model_folder,overall_accuracy,top2_overall_accuracy,accuracy_Angry,top2_accuracy_Angry,nll_Angry,accuracy_Contempt,top2_accuracy_Contempt,nll_Contempt,accuracy_Disgust,top2_accuracy_Disgust,nll_Disgust,accuracy_Fear,top2_accuracy_Fear,nll_Fear,accuracy_Happiness,top2_accuracy_Happiness,nll_Happiness,accuracy_Neutral,top2_accuracy_Neutral,nll_Neutral,accuracy_Sadness,top2_accuracy_Sadness,nll_Sadness,accuracy_Surprise,top2_accuracy_Surprise,nll_Surprise
enet_b0_100M_100W_fine_best_val,63.88174807197944,82.0051413881748,71.27659574468085,90.42553191489361,0.8474698556943777,13.793103448275861,48.275862068965516,2.0561305387266753,39.361702127659576,65.95744680851064,1.5502876411687503,71.1864406779661,87.28813559322033,0.912422933978802,100.0,100.0,0.0413517878257676,46.42857142857143,72.61904761904762,1.2659090870902652,76.3157894736842,89.47368421052632,0.5596167004494642,81.81818181818181,95.45454545454545,0.554741129998795
