model_folder,overall_accuracy,top2_overall_accuracy,accuracy_Angry,top2_accuracy_Angry,nll_Angry,accuracy_Contempt,top2_accuracy_Contempt,nll_Contempt,accuracy_Disgust,top2_accuracy_Disgust,nll_Disgust,accuracy_Fear,top2_accuracy_Fear,nll_Fear,accuracy_Happiness,top2_accuracy_Happiness,nll_Happiness,accuracy_Neutral,top2_accuracy_Neutral,nll_Neutral,accuracy_Sadness,top2_accuracy_Sadness,nll_Sadness,accuracy_Surprise,top2_accuracy_Surprise,nll_Surprise
enet_b0_100M_25W_fine_best_val,63.59591729913635,84.58518712378958,36.175115207373274,78.57142857142857,1.45068766563178,,,,62.254901960784316,73.2843137254902,1.2270783205384241,51.465798045602604,73.9413680781759,1.2624007470371863,74.09282700421942,89.53586497890295,0.7234587310867645,63.529411764705884,88.97058823529412,1.0221393443205777,72.17573221757323,89.9581589958159,0.7617203267321632,62.61398176291793,81.7629179331307,1.058104486065976
