{
    "Angry": {
        "precision": 0.7268518518518519,
        "recall": 0.3617511520737327,
        "f1-score": 0.48307692307692307,
        "support": 434.0
    },
    "Disgust": {
        "precision": 0.3825301204819277,
        "recall": 0.6225490196078431,
        "f1-score": 0.47388059701492535,
        "support": 408.0
    },
    "Fear": {
        "precision": 0.5962264150943396,
        "recall": 0.5146579804560261,
        "f1-score": 0.5524475524475524,
        "support": 307.0
    },
    "Happiness": {
        "precision": 0.8986693961105425,
        "recall": 0.7409282700421941,
        "f1-score": 0.8122109158186864,
        "support": 1185.0
    },
    "Neutral": {
        "precision": 0.7047308319738989,
        "recall": 0.6352941176470588,
        "f1-score": 0.6682134570765661,
        "support": 680.0
    },
    "Sadness": {
        "precision": 0.6983805668016194,
        "recall": 0.7217573221757322,
        "f1-score": 0.7098765432098766,
        "support": 478.0
    },
    "Surprise": {
        "precision": 0.5819209039548022,
        "recall": 0.6261398176291794,
        "f1-score": 0.6032210834553441,
        "support": 329.0
    },
    "micro avg": {
        "precision": 0.6782026234998605,
        "recall": 0.6359591729913635,
        "f1-score": 0.6564019448946515,
        "support": 3821.0
    },
    "macro avg": {
        "precision": 0.6556157266098545,
        "recall": 0.6032968113759666,
        "f1-score": 0.6147038674428391,
        "support": 3821.0
    },
    "weighted avg": {
        "precision": 0.7128986105102959,
        "recall": 0.6359591729913635,
        "f1-score": 0.6614069293292881,
        "support": 3821.0
    },
    "overall_accuracy": 63.59591729913635,
    "per_emotion_accuracy": {
        "Angry": 36.175115207373274,
        "Disgust": 62.254901960784316,
        "Fear": 51.465798045602604,
        "Happiness": 74.09282700421942,
        "Neutral": 63.529411764705884,
        "Sadness": 72.17573221757323,
        "Surprise": 62.61398176291793
    }
}