{
    "Angry": {
        "precision": 0.39590443686006827,
        "recall": 0.2672811059907834,
        "f1-score": 0.31911966987620355,
        "support": 434.0
    },
    "Disgust": {
        "precision": 0.10714285714285714,
        "recall": 0.014705882352941176,
        "f1-score": 0.02586206896551724,
        "support": 408.0
    },
    "Fear": {
        "precision": 0.013574660633484163,
        "recall": 0.019543973941368076,
        "f1-score": 0.01602136181575434,
        "support": 307.0
    },
    "Happiness": {
        "precision": 0.1331877729257642,
        "recall": 0.05147679324894515,
        "f1-score": 0.07425441265976872,
        "support": 1185.0
    },
    "Neutral": {
        "precision": 0.31524249422632794,
        "recall": 0.40147058823529413,
        "f1-score": 0.35316946959896506,
        "support": 680.0
    },
    "Sadness": {
        "precision": 0.12383177570093458,
        "recall": 0.2217573221757322,
        "f1-score": 0.15892053973013492,
        "support": 478.0
    },
    "Surprise": {
        "precision": 0.11189634864546526,
        "recall": 0.2887537993920973,
        "f1-score": 0.16129032258064516,
        "support": 329.0
    },
    "micro avg": {
        "precision": 0.17356020942408376,
        "recall": 0.17351478670505102,
        "f1-score": 0.1735374950922654,
        "support": 3821.0
    },
    "macro avg": {
        "precision": 0.17154004944784304,
        "recall": 0.18071278076245162,
        "f1-score": 0.15837683503242703,
        "support": 3821.0
    },
    "weighted avg": {
        "precision": 0.18003196194880225,
        "recall": 0.17351478670505102,
        "f1-score": 0.15994333195257762,
        "support": 3821.0
    },
    "overall_accuracy": 17.351478670505102,
    "per_emotion_accuracy": {
        "Angry": 26.72811059907834,
        "Disgust": 1.4705882352941178,
        "Fear": 1.9543973941368078,
        "Happiness": 5.147679324894515,
        "Neutral": 40.14705882352941,
        "Sadness": 22.175732217573223,
        "Surprise": 28.875379939209726
    }
}