{
    "overall": {
        "accuracy": 0.17351478670505102,
        "macro avg": {
            "precision": 0.17154004944784304,
            "recall": 0.18071278076245162,
            "f1-score": 0.15837683503242703,
            "support": 3821
        },
        "weighted avg": {
            "precision": 0.18003196194880225,
            "recall": 0.17351478670505102,
            "f1-score": 0.15994333195257754,
            "support": 3821
        }
    },
    "per_class": {},
    "Angry": {
        "precision": 0.39590443686006827,
        "recall": 0.2672811059907834,
        "f1-score": 0.31911966987620355,
        "accuracy": 0.2672811059907834,
        "support": 434,
        "tp": 116,
        "fp": 177,
        "fn": 318,
        "tn": 3210
    },
    "Disgust": {
        "precision": 0.10714285714285714,
        "recall": 0.014705882352941176,
        "f1-score": 0.025862068965517238,
        "accuracy": 0.014705882352941176,
        "support": 408,
        "tp": 6,
        "fp": 50,
        "fn": 402,
        "tn": 3363
    },
    "Fear": {
        "precision": 0.013574660633484163,
        "recall": 0.019543973941368076,
        "f1-score": 0.016021361815754337,
        "accuracy": 0.019543973941368076,
        "support": 307,
        "tp": 6,
        "fp": 436,
        "fn": 301,
        "tn": 3078
    },
    "Happiness": {
        "precision": 0.1331877729257642,
        "recall": 0.05147679324894515,
        "f1-score": 0.07425441265976873,
        "accuracy": 0.05147679324894515,
        "support": 1185,
        "tp": 61,
        "fp": 397,
        "fn": 1124,
        "tn": 2239
    },
    "Neutral": {
        "precision": 0.31524249422632794,
        "recall": 0.40147058823529413,
        "f1-score": 0.35316946959896506,
        "accuracy": 0.40147058823529413,
        "support": 680,
        "tp": 273,
        "fp": 593,
        "fn": 407,
        "tn": 2548
    },
    "Sadness": {
        "precision": 0.12383177570093458,
        "recall": 0.2217573221757322,
        "f1-score": 0.15892053973013492,
        "accuracy": 0.2217573221757322,
        "support": 478,
        "tp": 106,
        "fp": 750,
        "fn": 372,
        "tn": 2593
    },
    "Surprise": {
        "precision": 0.11189634864546526,
        "recall": 0.2887537993920973,
        "f1-score": 0.16129032258064516,
        "accuracy": 0.2887537993920973,
        "support": 329,
        "tp": 95,
        "fp": 754,
        "fn": 234,
        "tn": 2738
    }
}