{
    "Angry": {
        "precision": 0.9090909090909091,
        "recall": 0.9574468085106383,
        "f1-score": 0.9326424870466321,
        "support": 94.0
    },
    "Contempt": {
        "precision": 0.975,
        "recall": 0.896551724137931,
        "f1-score": 0.9341317365269461,
        "support": 87.0
    },
    "Disgust": {
        "precision": 0.9565217391304348,
        "recall": 0.9361702127659575,
        "f1-score": 0.946236559139785,
        "support": 94.0
    },
    "Fear": {
        "precision": 0.9661016949152542,
        "recall": 0.9661016949152542,
        "f1-score": 0.9661016949152542,
        "support": 118.0
    },
    "Happiness": {
        "precision": 0.9801980198019802,
        "recall": 1.0,
        "f1-score": 0.99,
        "support": 99.0
    },
    "Neutral": {
        "precision": 0.9647058823529412,
        "recall": 0.9761904761904762,
        "f1-score": 0.9704142011834319,
        "support": 84.0
    },
    "Sadness": {
        "precision": 0.9734513274336283,
        "recall": 0.9649122807017544,
        "f1-score": 0.9691629955947136,
        "support": 114.0
    },
    "Surprise": {
        "precision": 0.9555555555555556,
        "recall": 0.9772727272727273,
        "f1-score": 0.9662921348314607,
        "support": 88.0
    },
    "accuracy": 0.9601542416452442,
    "macro avg": {
        "precision": 0.9600781410350878,
        "recall": 0.9593307405618424,
        "f1-score": 0.959372726154778,
        "support": 778.0
    },
    "weighted avg": {
        "precision": 0.960578184096622,
        "recall": 0.9601542416452442,
        "f1-score": 0.9600606345523672,
        "support": 778.0
    }
}