{
    "Angry": {
        "precision": 0.7117117117117117,
        "recall": 0.8404255319148937,
        "f1-score": 0.7707317073170732,
        "support": 94.0
    },
    "Contempt": {
        "precision": 0.8571428571428571,
        "recall": 0.6896551724137931,
        "f1-score": 0.7643312101910829,
        "support": 87.0
    },
    "Disgust": {
        "precision": 0.8505747126436781,
        "recall": 0.7872340425531915,
        "f1-score": 0.8176795580110497,
        "support": 94.0
    },
    "Fear": {
        "precision": 0.8706896551724138,
        "recall": 0.8559322033898306,
        "f1-score": 0.8632478632478633,
        "support": 118.0
    },
    "Happiness": {
        "precision": 0.9607843137254902,
        "recall": 0.98989898989899,
        "f1-score": 0.9751243781094527,
        "support": 99.0
    },
    "Neutral": {
        "precision": 0.8777777777777778,
        "recall": 0.9404761904761905,
        "f1-score": 0.9080459770114943,
        "support": 84.0
    },
    "Sadness": {
        "precision": 0.8888888888888888,
        "recall": 0.9122807017543859,
        "f1-score": 0.9004329004329005,
        "support": 114.0
    },
    "Surprise": {
        "precision": 0.8941176470588236,
        "recall": 0.8636363636363636,
        "f1-score": 0.8786127167630058,
        "support": 88.0
    },
    "accuracy": 0.8624678663239075,
    "macro avg": {
        "precision": 0.8639609455152051,
        "recall": 0.8599423995047049,
        "f1-score": 0.8597757888854903,
        "support": 778.0
    },
    "weighted avg": {
        "precision": 0.8650827743417052,
        "recall": 0.8624678663239075,
        "f1-score": 0.861762425857342,
        "support": 778.0
    },
    "overall_accuracy": 86.24678663239075,
    "per_emotion_accuracy": {
        "Angry": 84.04255319148936,
        "Contempt": 68.96551724137932,
        "Disgust": 78.72340425531915,
        "Fear": 85.59322033898304,
        "Happiness": 98.98989898989899,
        "Neutral": 94.04761904761905,
        "Sadness": 91.2280701754386,
        "Surprise": 86.36363636363636
    }
}