{
    "overall": {
        "accuracy": 0.8842257597684515,
        "macro avg": {
            "precision": 0.8970881303891465,
            "recall": 0.8842691462319779,
            "f1-score": 0.8901113789323978,
            "support": 691
        },
        "weighted avg": {
            "precision": 0.8970781329997338,
            "recall": 0.8842257597684515,
            "f1-score": 0.890115818847587,
            "support": 691
        }
    },
    "per_class": {},
    "Angry": {
        "precision": 0.8229166666666666,
        "recall": 0.8404255319148937,
        "f1-score": 0.8315789473684212,
        "accuracy": 0.8404255319148937,
        "support": 94,
        "tp": 79,
        "fp": 17,
        "fn": 15,
        "tn": 580
    },
    "Disgust": {
        "precision": 0.891566265060241,
        "recall": 0.7872340425531915,
        "f1-score": 0.8361581920903955,
        "accuracy": 0.7872340425531915,
        "support": 94,
        "tp": 74,
        "fp": 9,
        "fn": 20,
        "tn": 588
    },
    "Fear": {
        "precision": 0.8706896551724138,
        "recall": 0.8559322033898306,
        "f1-score": 0.8632478632478633,
        "accuracy": 0.8559322033898306,
        "support": 118,
        "tp": 101,
        "fp": 15,
        "fn": 17,
        "tn": 558
    },
    "Happiness": {
        "precision": 0.98,
        "recall": 0.98989898989899,
        "f1-score": 0.9849246231155778,
        "accuracy": 0.98989898989899,
        "support": 99,
        "tp": 98,
        "fp": 2,
        "fn": 1,
        "tn": 590
    },
    "Neutral": {
        "precision": 0.9080459770114943,
        "recall": 0.9404761904761905,
        "f1-score": 0.9239766081871346,
        "accuracy": 0.9404761904761905,
        "support": 84,
        "tp": 79,
        "fp": 8,
        "fn": 5,
        "tn": 599
    },
    "Sadness": {
        "precision": 0.9122807017543859,
        "recall": 0.9122807017543859,
        "f1-score": 0.9122807017543859,
        "accuracy": 0.9122807017543859,
        "support": 114,
        "tp": 104,
        "fp": 10,
        "fn": 10,
        "tn": 567
    },
    "Surprise": {
        "precision": 0.8941176470588236,
        "recall": 0.8636363636363636,
        "f1-score": 0.8786127167630058,
        "accuracy": 0.8636363636363636,
        "support": 88,
        "tp": 76,
        "fp": 9,
        "fn": 12,
        "tn": 594
    }
}