model_folder,overall_accuracy,top2_overall_accuracy,accuracy_Angry,top2_accuracy_Angry,nll_Angry,accuracy_Contempt,top2_accuracy_Contempt,nll_Contempt,accuracy_Disgust,top2_accuracy_Disgust,nll_Disgust,accuracy_Fear,top2_accuracy_Fear,nll_Fear,accuracy_Happiness,top2_accuracy_Happiness,nll_Happiness,accuracy_Neutral,top2_accuracy_Neutral,nll_Neutral,accuracy_Sadness,top2_accuracy_Sadness,nll_Sadness,accuracy_Surprise,top2_accuracy_Surprise,nll_Surprise
100W_0M,54.2528133996336,76.57681235278723,55.99078341013825,81.5668202764977,1.2289925374858905,,,,57.84313725490196,70.83333333333333,1.4799212857638029,45.27687296416938,63.192182410423456,1.78535502711584,71.64556962025317,91.39240506329114,0.7338016263044543,27.5,58.8235294117647,1.8671613171039259,46.65271966527197,67.15481171548117,1.6224761480820136,59.57446808510638,86.62613981762918,1.0062300662940373
