{
    "Angry": {
        "precision": 0.9036144578313253,
        "recall": 0.7978723404255319,
        "f1-score": 0.847457627118644,
        "support": 94.0
    },
    "Disgust": {
        "precision": 0.801980198019802,
        "recall": 0.8617021276595744,
        "f1-score": 0.8307692307692308,
        "support": 94.0
    },
    "Fear": {
        "precision": 0.9259259259259259,
        "recall": 0.847457627118644,
        "f1-score": 0.8849557522123894,
        "support": 118.0
    },
    "Happiness": {
        "precision": 0.9705882352941176,
        "recall": 1.0,
        "f1-score": 0.9850746268656716,
        "support": 99.0
    },
    "Neutral": {
        "precision": 0.9529411764705882,
        "recall": 0.9642857142857143,
        "f1-score": 0.9585798816568047,
        "support": 84.0
    },
    "Sadness": {
        "precision": 0.9351851851851852,
        "recall": 0.8859649122807017,
        "f1-score": 0.9099099099099099,
        "support": 114.0
    },
    "Surprise": {
        "precision": 0.8791208791208791,
        "recall": 0.9090909090909091,
        "f1-score": 0.8938547486033519,
        "support": 88.0
    },
    "micro avg": {
        "precision": 0.9100294985250738,
        "recall": 0.8929088277858177,
        "f1-score": 0.9013878743608473,
        "support": 691.0
    },
    "macro avg": {
        "precision": 0.9099080082639749,
        "recall": 0.8951962329801537,
        "f1-score": 0.9015145395908576,
        "support": 691.0
    },
    "weighted avg": {
        "precision": 0.9112795940675266,
        "recall": 0.8929088277858177,
        "f1-score": 0.9010277121971345,
        "support": 691.0
    },
    "overall_accuracy": 89.29088277858176,
    "per_emotion_accuracy": {
        "Angry": 79.7872340425532,
        "Disgust": 86.17021276595744,
        "Fear": 84.7457627118644,
        "Happiness": 100.0,
        "Neutral": 96.42857142857143,
        "Sadness": 88.59649122807018,
        "Surprise": 90.9090909090909
    }
}