{
    "Angry": {
        "precision": 0.32978723404255317,
        "recall": 0.2857142857142857,
        "f1-score": 0.30617283950617286,
        "support": 434.0
    },
    "Contempt": {
        "precision": 0.0,
        "recall": 0.0,
        "f1-score": 0.0,
        "support": 0.0
    },
    "Disgust": {
        "precision": 0.18181818181818182,
        "recall": 0.11764705882352941,
        "f1-score": 0.14285714285714285,
        "support": 408.0
    },
    "Fear": {
        "precision": 0.13089005235602094,
        "recall": 0.3257328990228013,
        "f1-score": 0.18674136321195145,
        "support": 307.0
    },
    "Happiness": {
        "precision": 0.6689774696707106,
        "recall": 0.6514767932489451,
        "f1-score": 0.6601111586147926,
        "support": 1185.0
    },
    "Neutral": {
        "precision": 0.3095723014256619,
        "recall": 0.2235294117647059,
        "f1-score": 0.2596071733561059,
        "support": 680.0
    },
    "Sadness": {
        "precision": 0.4789915966386555,
        "recall": 0.2384937238493724,
        "f1-score": 0.31843575418994413,
        "support": 478.0
    },
    "Surprise": {
        "precision": 0.32550335570469796,
        "recall": 0.2948328267477204,
        "f1-score": 0.3094098883572568,
        "support": 329.0
    },
    "accuracy": 0.3682282125098142,
    "macro avg": {
        "precision": 0.3031925239570602,
        "recall": 0.26717837489642005,
        "f1-score": 0.2729169150116708,
        "support": 3821.0
    },
    "weighted avg": {
        "precision": 0.41789813597983505,
        "recall": 0.3682282125098142,
        "f1-score": 0.3824305338263477,
        "support": 3821.0
    },
    "overall_accuracy": 36.82282125098142,
    "per_emotion_accuracy": {
        "Angry": 28.571428571428573,
        "Contempt": NaN,
        "Disgust": 11.764705882352942,
        "Fear": 32.57328990228013,
        "Happiness": 65.14767932489451,
        "Neutral": 22.352941176470587,
        "Sadness": 23.84937238493724,
        "Surprise": 29.48328267477204
    }
}