{
    "Angry": {
        "precision": 0.503448275862069,
        "recall": 0.33640552995391704,
        "f1-score": 0.40331491712707185,
        "support": 434.0
    },
    "Disgust": {
        "precision": 0.12690355329949238,
        "recall": 0.18382352941176472,
        "f1-score": 0.15015015015015015,
        "support": 408.0
    },
    "Fear": {
        "precision": 0.12589928057553956,
        "recall": 0.11400651465798045,
        "f1-score": 0.11965811965811966,
        "support": 307.0
    },
    "Happiness": {
        "precision": 0.3193548387096774,
        "recall": 0.1670886075949367,
        "f1-score": 0.21939058171745152,
        "support": 1185.0
    },
    "Neutral": {
        "precision": 0.11694915254237288,
        "recall": 0.20294117647058824,
        "f1-score": 0.14838709677419354,
        "support": 680.0
    },
    "Sadness": {
        "precision": 0.08928571428571429,
        "recall": 0.07322175732217573,
        "f1-score": 0.08045977011494253,
        "support": 478.0
    },
    "Surprise": {
        "precision": 0.10526315789473684,
        "recall": 0.0182370820668693,
        "f1-score": 0.031088082901554404,
        "support": 329.0
    },
    "micro avg": {
        "precision": 0.1857394366197183,
        "recall": 0.16566343889034285,
        "f1-score": 0.17512795684050353,
        "support": 3821.0
    },
    "macro avg": {
        "precision": 0.19815771045280034,
        "recall": 0.156532028211176,
        "f1-score": 0.16463553120621194,
        "support": 3821.0
    },
    "weighted avg": {
        "precision": 0.22093570755894865,
        "recall": 0.16566343889034285,
        "f1-score": 0.17864532650108317,
        "support": 3821.0
    },
    "overall_accuracy": 16.566343889034282,
    "per_emotion_accuracy": {
        "Angry": 33.64055299539171,
        "Disgust": 18.38235294117647,
        "Fear": 11.400651465798045,
        "Happiness": 16.70886075949367,
        "Neutral": 20.294117647058822,
        "Sadness": 7.322175732217573,
        "Surprise": 1.8237082066869301
    }
}