{
    "overall": {
        "accuracy": 0.16566343889034285,
        "macro avg": {
            "precision": 0.19815771045280034,
            "recall": 0.156532028211176,
            "f1-score": 0.16463553120621194,
            "support": 3821
        },
        "weighted avg": {
            "precision": 0.22093570755894865,
            "recall": 0.16566343889034285,
            "f1-score": 0.17864532650108317,
            "support": 3821
        }
    },
    "per_class": {},
    "Angry": {
        "precision": 0.503448275862069,
        "recall": 0.33640552995391704,
        "f1-score": 0.4033149171270718,
        "accuracy": 0.33640552995391704,
        "support": 434,
        "tp": 146,
        "fp": 144,
        "fn": 288,
        "tn": 3243
    },
    "Disgust": {
        "precision": 0.12690355329949238,
        "recall": 0.18382352941176472,
        "f1-score": 0.15015015015015015,
        "accuracy": 0.18382352941176472,
        "support": 408,
        "tp": 75,
        "fp": 516,
        "fn": 333,
        "tn": 2897
    },
    "Fear": {
        "precision": 0.12589928057553956,
        "recall": 0.11400651465798045,
        "f1-score": 0.11965811965811965,
        "accuracy": 0.11400651465798045,
        "support": 307,
        "tp": 35,
        "fp": 243,
        "fn": 272,
        "tn": 3271
    },
    "Happiness": {
        "precision": 0.3193548387096774,
        "recall": 0.1670886075949367,
        "f1-score": 0.21939058171745154,
        "accuracy": 0.1670886075949367,
        "support": 1185,
        "tp": 198,
        "fp": 422,
        "fn": 987,
        "tn": 2214
    },
    "Neutral": {
        "precision": 0.11694915254237288,
        "recall": 0.20294117647058824,
        "f1-score": 0.14838709677419354,
        "accuracy": 0.20294117647058824,
        "support": 680,
        "tp": 138,
        "fp": 1042,
        "fn": 542,
        "tn": 2099
    },
    "Sadness": {
        "precision": 0.08928571428571429,
        "recall": 0.07322175732217573,
        "f1-score": 0.08045977011494251,
        "accuracy": 0.07322175732217573,
        "support": 478,
        "tp": 35,
        "fp": 357,
        "fn": 443,
        "tn": 2986
    },
    "Surprise": {
        "precision": 0.10526315789473684,
        "recall": 0.0182370820668693,
        "f1-score": 0.0310880829015544,
        "accuracy": 0.0182370820668693,
        "support": 329,
        "tp": 6,
        "fp": 51,
        "fn": 323,
        "tn": 3441
    }
}