model_folder,overall_accuracy,top2_overall_accuracy,accuracy_Angry,top2_accuracy_Angry,nll_Angry,accuracy_Contempt,top2_accuracy_Contempt,nll_Contempt,accuracy_Disgust,top2_accuracy_Disgust,nll_Disgust,accuracy_Fear,top2_accuracy_Fear,nll_Fear,accuracy_Happiness,top2_accuracy_Happiness,nll_Happiness,accuracy_Neutral,top2_accuracy_Neutral,nll_Neutral,accuracy_Sadness,top2_accuracy_Sadness,nll_Sadness,accuracy_Surprise,top2_accuracy_Surprise,nll_Surprise
enet_b0_100M_100W_fine_best_val,9.107563465061503,21.041612143417954,0.4608294930875576,0.9216589861751152,2.175975256526525,,,,5.147058823529412,11.519607843137255,2.1153723062837826,17.263843648208468,33.22475570032573,2.067075199723632,8.016877637130802,22.953586497890296,2.061170270674339,19.41176470588235,37.64705882352941,2.036375580991016,3.7656903765690375,14.853556485355648,2.091319720864795,8.206686930091186,15.80547112462006,2.0930335039788104
