{
    "Angry": {
        "precision": 0.06060606060606061,
        "recall": 0.004608294930875576,
        "f1-score": 0.008565310492505354,
        "support": 434.0
    },
    "Contempt": {
        "precision": 0.0,
        "recall": 0.0,
        "f1-score": 0.0,
        "support": 0.0
    },
    "Disgust": {
        "precision": 0.13291139240506328,
        "recall": 0.051470588235294115,
        "f1-score": 0.07420494699646643,
        "support": 408.0
    },
    "Fear": {
        "precision": 0.07290233837689133,
        "recall": 0.17263843648208468,
        "f1-score": 0.10251450676982592,
        "support": 307.0
    },
    "Happiness": {
        "precision": 0.11757425742574257,
        "recall": 0.08016877637130802,
        "f1-score": 0.09533366783743101,
        "support": 1185.0
    },
    "Neutral": {
        "precision": 0.1004566210045662,
        "recall": 0.19411764705882353,
        "f1-score": 0.13239719157472418,
        "support": 680.0
    },
    "Sadness": {
        "precision": 0.08144796380090498,
        "recall": 0.03765690376569038,
        "f1-score": 0.05150214592274678,
        "support": 478.0
    },
    "Surprise": {
        "precision": 0.05578512396694215,
        "recall": 0.08206686930091185,
        "f1-score": 0.06642066420664207,
        "support": 329.0
    },
    "accuracy": 0.09107563465061502,
    "macro avg": {
        "precision": 0.07771046969827139,
        "recall": 0.07784093951812351,
        "f1-score": 0.06636730422504272,
        "support": 3821.0
    },
    "weighted avg": {
        "precision": 0.09626624603521808,
        "recall": 0.09107563465061502,
        "f1-score": 0.0824223574037866,
        "support": 3821.0
    },
    "overall_accuracy": 9.107563465061503,
    "per_emotion_accuracy": {
        "Angry": 0.4608294930875576,
        "Contempt": NaN,
        "Disgust": 5.147058823529412,
        "Fear": 17.263843648208468,
        "Happiness": 8.016877637130802,
        "Neutral": 19.41176470588235,
        "Sadness": 3.7656903765690375,
        "Surprise": 8.206686930091186
    }
}