{
    "Angry": {
        "precision": 0.6977777777777778,
        "recall": 0.3617511520737327,
        "f1-score": 0.4764795144157815,
        "support": 434.0
    },
    "Contempt": {
        "precision": 0.0,
        "recall": 0.0,
        "f1-score": 0.0,
        "support": 0.0
    },
    "Disgust": {
        "precision": 0.3738601823708207,
        "recall": 0.6029411764705882,
        "f1-score": 0.46153846153846156,
        "support": 408.0
    },
    "Fear": {
        "precision": 0.6794258373205742,
        "recall": 0.46254071661237783,
        "f1-score": 0.5503875968992248,
        "support": 307.0
    },
    "Happiness": {
        "precision": 0.8506069094304388,
        "recall": 0.7687763713080169,
        "f1-score": 0.8076241134751773,
        "support": 1185.0
    },
    "Neutral": {
        "precision": 0.7017543859649122,
        "recall": 0.6470588235294118,
        "f1-score": 0.6732976281560826,
        "support": 680.0
    },
    "Sadness": {
        "precision": 0.701010101010101,
        "recall": 0.7259414225941423,
        "f1-score": 0.7132579650565262,
        "support": 478.0
    },
    "Surprise": {
        "precision": 0.64576802507837,
        "recall": 0.6261398176291794,
        "f1-score": 0.6358024691358025,
        "support": 329.0
    },
    "accuracy": 0.640931693274012,
    "macro avg": {
        "precision": 0.5812754023691243,
        "recall": 0.5243936850271811,
        "f1-score": 0.5397984685846321,
        "support": 3821.0
    },
    "weighted avg": {
        "precision": 0.7057463807079531,
        "recall": 0.640931693274012,
        "f1-score": 0.6618848665451775,
        "support": 3821.0
    }
}