model_folder,overall_accuracy,top2_overall_accuracy,accuracy_Angry,top2_accuracy_Angry,nll_Angry,accuracy_Contempt,top2_accuracy_Contempt,nll_Contempt,accuracy_Disgust,top2_accuracy_Disgust,nll_Disgust,accuracy_Fear,top2_accuracy_Fear,nll_Fear,accuracy_Happiness,top2_accuracy_Happiness,nll_Happiness,accuracy_Neutral,top2_accuracy_Neutral,nll_Neutral,accuracy_Sadness,top2_accuracy_Sadness,nll_Sadness,accuracy_Surprise,top2_accuracy_Surprise,nll_Surprise
35 Epoch,52.55168803978016,74.64014655849255,25.34562211981567,57.142857142857146,4.054600038035499,,,,53.431372549019606,66.91176470588235,2.784400825443787,54.071661237785015,71.66123778501628,2.294743670492519,67.51054852320675,89.0295358649789,1.119094876373487,43.23529411764706,67.20588235294117,2.339940264372205,48.11715481171548,67.15481171548117,2.4467068053148306,57.75075987841945,84.4984802431611,1.6424488582637324
