{
    "Angry": {
        "precision": 0.5699481865284974,
        "recall": 0.2534562211981567,
        "f1-score": 0.3508771929824561,
        "support": 434.0
    },
    "Contempt": {
        "precision": 0.0,
        "recall": 0.0,
        "f1-score": 0.0,
        "support": 0.0
    },
    "Disgust": {
        "precision": 0.3323170731707317,
        "recall": 0.5343137254901961,
        "f1-score": 0.40977443609022557,
        "support": 408.0
    },
    "Fear": {
        "precision": 0.4058679706601467,
        "recall": 0.5407166123778502,
        "f1-score": 0.46368715083798884,
        "support": 307.0
    },
    "Happiness": {
        "precision": 0.8519701810436635,
        "recall": 0.6751054852320675,
        "f1-score": 0.7532956685499058,
        "support": 1185.0
    },
    "Neutral": {
        "precision": 0.532608695652174,
        "recall": 0.4323529411764706,
        "f1-score": 0.4772727272727273,
        "support": 680.0
    },
    "Sadness": {
        "precision": 0.7255520504731862,
        "recall": 0.4811715481171548,
        "f1-score": 0.5786163522012578,
        "support": 478.0
    },
    "Surprise": {
        "precision": 0.475,
        "recall": 0.5775075987841946,
        "f1-score": 0.5212620027434842,
        "support": 329.0
    },
    "accuracy": 0.5255168803978016,
    "macro avg": {
        "precision": 0.48665801969104994,
        "recall": 0.4368280165470113,
        "f1-score": 0.4443481913347557,
        "support": 3821.0
    },
    "weighted avg": {
        "precision": 0.623499556007876,
        "recall": 0.5255168803978016,
        "f1-score": 0.5566854917608901,
        "support": 3821.0
    }
}