model_folder,overall_accuracy,top2_overall_accuracy,accuracy_Angry,top2_accuracy_Angry,nll_Angry,accuracy_Contempt,top2_accuracy_Contempt,nll_Contempt,accuracy_Disgust,top2_accuracy_Disgust,nll_Disgust,accuracy_Fear,top2_accuracy_Fear,nll_Fear,accuracy_Happiness,top2_accuracy_Happiness,nll_Happiness,accuracy_Neutral,top2_accuracy_Neutral,nll_Neutral,accuracy_Sadness,top2_accuracy_Sadness,nll_Sadness,accuracy_Surprise,top2_accuracy_Surprise,nll_Surprise
Epoch 15,95.88688946015424,99.48586118251929,94.68085106382979,100.0,0.1313008989544891,89.65517241379311,98.85057471264368,0.48128431896191176,95.74468085106383,98.93617021276596,0.1404236387411548,95.76271186440678,100.0,0.1650622897025006,100.0,100.0,0.0007528810870648486,98.80952380952381,100.0,0.053296624867653124,94.73684210526316,98.24561403508773,0.250448591171948,97.72727272727273,100.0,0.07512486357911154
