{
    "Angry": {
        "precision": 0.898989898989899,
        "recall": 0.9468085106382979,
        "f1-score": 0.9222797927461139,
        "support": 94.0
    },
    "Contempt": {
        "precision": 0.9069767441860465,
        "recall": 0.896551724137931,
        "f1-score": 0.9017341040462428,
        "support": 87.0
    },
    "Disgust": {
        "precision": 0.9782608695652174,
        "recall": 0.9574468085106383,
        "f1-score": 0.967741935483871,
        "support": 94.0
    },
    "Fear": {
        "precision": 0.9741379310344828,
        "recall": 0.9576271186440678,
        "f1-score": 0.9658119658119658,
        "support": 118.0
    },
    "Happiness": {
        "precision": 1.0,
        "recall": 1.0,
        "f1-score": 1.0,
        "support": 99.0
    },
    "Neutral": {
        "precision": 0.9651162790697675,
        "recall": 0.9880952380952381,
        "f1-score": 0.9764705882352941,
        "support": 84.0
    },
    "Sadness": {
        "precision": 0.9908256880733946,
        "recall": 0.9473684210526315,
        "f1-score": 0.968609865470852,
        "support": 114.0
    },
    "Surprise": {
        "precision": 0.945054945054945,
        "recall": 0.9772727272727273,
        "f1-score": 0.9608938547486033,
        "support": 88.0
    },
    "accuracy": 0.9588688946015425,
    "macro avg": {
        "precision": 0.9574202944967192,
        "recall": 0.9588963185439414,
        "f1-score": 0.9579427633178679,
        "support": 778.0
    },
    "weighted avg": {
        "precision": 0.959518709379818,
        "recall": 0.9588688946015425,
        "f1-score": 0.9589748518827412,
        "support": 778.0
    }
}