model_folder,overall_accuracy,top2_overall_accuracy,accuracy_Angry,top2_accuracy_Angry,nll_Angry,accuracy_Contempt,top2_accuracy_Contempt,nll_Contempt,accuracy_Disgust,top2_accuracy_Disgust,nll_Disgust,accuracy_Fear,top2_accuracy_Fear,nll_Fear,accuracy_Happiness,top2_accuracy_Happiness,nll_Happiness,accuracy_Neutral,top2_accuracy_Neutral,nll_Neutral,accuracy_Sadness,top2_accuracy_Sadness,nll_Sadness,accuracy_Surprise,top2_accuracy_Surprise,nll_Surprise
enet_b0_100W_0M_fine_best_val,65.03533106516619,83.85239466108348,64.0552995391705,86.40552995391705,0.9661430624981029,,,,57.59803921568628,72.30392156862744,1.3432605876222106,48.20846905537459,67.10097719869707,1.4220930901553226,81.35021097046413,94.34599156118144,0.5696912135283918,47.5,76.32352941176471,1.3020042370456983,69.8744769874477,84.51882845188284,0.908593733794013,61.702127659574465,87.23404255319149,1.0227754521990438
