{
    "Angry": {
        "precision": 0.6136865342163356,
        "recall": 0.6405529953917051,
        "f1-score": 0.6268320180383314,
        "support": 434.0
    },
    "Disgust": {
        "precision": 0.4757085020242915,
        "recall": 0.5759803921568627,
        "f1-score": 0.5210643015521065,
        "support": 408.0
    },
    "Fear": {
        "precision": 0.5873015873015873,
        "recall": 0.4820846905537459,
        "f1-score": 0.5295169946332737,
        "support": 307.0
    },
    "Happiness": {
        "precision": 0.8397212543554007,
        "recall": 0.8135021097046413,
        "f1-score": 0.8264037719674239,
        "support": 1185.0
    },
    "Neutral": {
        "precision": 0.7690476190476191,
        "recall": 0.475,
        "f1-score": 0.5872727272727273,
        "support": 680.0
    },
    "Sadness": {
        "precision": 0.7213822894168467,
        "recall": 0.698744769874477,
        "f1-score": 0.7098831030818279,
        "support": 478.0
    },
    "Surprise": {
        "precision": 0.5833333333333334,
        "recall": 0.6170212765957447,
        "f1-score": 0.5997045790251108,
        "support": 329.0
    },
    "micro avg": {
        "precision": 0.6945220793739519,
        "recall": 0.6503533106516619,
        "f1-score": 0.6717123935666982,
        "support": 3821.0
    },
    "macro avg": {
        "precision": 0.6557401599564877,
        "recall": 0.6146980334681682,
        "f1-score": 0.6286682136529717,
        "support": 3821.0
    },
    "weighted avg": {
        "precision": 0.7054410050638152,
        "recall": 0.6503533106516619,
        "f1-score": 0.6706259885667463,
        "support": 3821.0
    },
    "overall_accuracy": 65.03533106516619,
    "per_emotion_accuracy": {
        "Angry": 64.0552995391705,
        "Disgust": 57.59803921568628,
        "Fear": 48.20846905537459,
        "Happiness": 81.35021097046413,
        "Neutral": 47.5,
        "Sadness": 69.8744769874477,
        "Surprise": 61.702127659574465
    }
}