model_folder,overall_accuracy,top2_overall_accuracy,accuracy_Angry,top2_accuracy_Angry,nll_Angry,accuracy_Contempt,top2_accuracy_Contempt,nll_Contempt,accuracy_Disgust,top2_accuracy_Disgust,nll_Disgust,accuracy_Fear,top2_accuracy_Fear,nll_Fear,accuracy_Happiness,top2_accuracy_Happiness,nll_Happiness,accuracy_Neutral,top2_accuracy_Neutral,nll_Neutral,accuracy_Sadness,top2_accuracy_Sadness,nll_Sadness,accuracy_Surprise,top2_accuracy_Surprise,nll_Surprise
enet_b0_100W_25M_finetuned_best,86.24678663239075,97.04370179948586,84.04255319148936,100.0,0.43997156124641285,68.96551724137932,91.95402298850574,0.8346514574241364,78.72340425531915,93.61702127659575,0.5913976547258728,85.59322033898304,98.30508474576271,0.36148922573143644,98.98989898989899,100.0,0.023415240126302618,94.04761904761905,100.0,0.28288504435996786,91.2280701754386,94.73684210526316,0.2771899050700841,86.36363636363636,97.72727272727273,0.3214666617039421
