{
    "Angry": {
        "precision": 0.8229166666666666,
        "recall": 0.8404255319148937,
        "f1-score": 0.8315789473684211,
        "support": 94.0
    },
    "Disgust": {
        "precision": 0.891566265060241,
        "recall": 0.7872340425531915,
        "f1-score": 0.8361581920903954,
        "support": 94.0
    },
    "Fear": {
        "precision": 0.8706896551724138,
        "recall": 0.8559322033898306,
        "f1-score": 0.8632478632478633,
        "support": 118.0
    },
    "Happiness": {
        "precision": 0.98,
        "recall": 0.98989898989899,
        "f1-score": 0.9849246231155779,
        "support": 99.0
    },
    "Neutral": {
        "precision": 0.9080459770114943,
        "recall": 0.9404761904761905,
        "f1-score": 0.9239766081871345,
        "support": 84.0
    },
    "Sadness": {
        "precision": 0.9122807017543859,
        "recall": 0.9122807017543859,
        "f1-score": 0.9122807017543859,
        "support": 114.0
    },
    "Surprise": {
        "precision": 0.8941176470588236,
        "recall": 0.8636363636363636,
        "f1-score": 0.8786127167630058,
        "support": 88.0
    },
    "micro avg": {
        "precision": 0.8972099853157122,
        "recall": 0.8842257597684515,
        "f1-score": 0.89067055393586,
        "support": 691.0
    },
    "macro avg": {
        "precision": 0.8970881303891465,
        "recall": 0.8842691462319779,
        "f1-score": 0.8901113789323977,
        "support": 691.0
    },
    "weighted avg": {
        "precision": 0.8970781329997338,
        "recall": 0.8842257597684515,
        "f1-score": 0.890115818847587,
        "support": 691.0
    },
    "overall_accuracy": 88.42257597684515,
    "per_emotion_accuracy": {
        "Angry": 84.04255319148936,
        "Disgust": 78.72340425531915,
        "Fear": 85.59322033898304,
        "Happiness": 98.98989898989899,
        "Neutral": 94.04761904761905,
        "Sadness": 91.2280701754386,
        "Surprise": 86.36363636363636
    }
}