{
    "overall": {
        "accuracy": 0.8624678663239075,
        "macro avg": {
            "precision": 0.8639609455152051,
            "recall": 0.8599423995047049,
            "f1-score": 0.8597757888854903,
            "support": 778
        },
        "weighted avg": {
            "precision": 0.8650827743417052,
            "recall": 0.8624678663239075,
            "f1-score": 0.861762425857342,
            "support": 778
        }
    },
    "per_class": {},
    "Angry": {
        "precision": 0.7117117117117117,
        "recall": 0.8404255319148937,
        "f1-score": 0.7707317073170732,
        "accuracy": 0.8404255319148937,
        "support": 94,
        "tp": 79,
        "fp": 32,
        "fn": 15,
        "tn": 652
    },
    "Contempt": {
        "precision": 0.8571428571428571,
        "recall": 0.6896551724137931,
        "f1-score": 0.7643312101910829,
        "accuracy": 0.6896551724137931,
        "support": 87,
        "tp": 60,
        "fp": 10,
        "fn": 27,
        "tn": 681
    },
    "Disgust": {
        "precision": 0.8505747126436781,
        "recall": 0.7872340425531915,
        "f1-score": 0.8176795580110497,
        "accuracy": 0.7872340425531915,
        "support": 94,
        "tp": 74,
        "fp": 13,
        "fn": 20,
        "tn": 671
    },
    "Fear": {
        "precision": 0.8706896551724138,
        "recall": 0.8559322033898306,
        "f1-score": 0.8632478632478633,
        "accuracy": 0.8559322033898306,
        "support": 118,
        "tp": 101,
        "fp": 15,
        "fn": 17,
        "tn": 645
    },
    "Happiness": {
        "precision": 0.9607843137254902,
        "recall": 0.98989898989899,
        "f1-score": 0.9751243781094527,
        "accuracy": 0.98989898989899,
        "support": 99,
        "tp": 98,
        "fp": 4,
        "fn": 1,
        "tn": 675
    },
    "Neutral": {
        "precision": 0.8777777777777778,
        "recall": 0.9404761904761905,
        "f1-score": 0.9080459770114943,
        "accuracy": 0.9404761904761905,
        "support": 84,
        "tp": 79,
        "fp": 11,
        "fn": 5,
        "tn": 683
    },
    "Sadness": {
        "precision": 0.8888888888888888,
        "recall": 0.9122807017543859,
        "f1-score": 0.9004329004329005,
        "accuracy": 0.9122807017543859,
        "support": 114,
        "tp": 104,
        "fp": 13,
        "fn": 10,
        "tn": 651
    },
    "Surprise": {
        "precision": 0.8941176470588236,
        "recall": 0.8636363636363636,
        "f1-score": 0.8786127167630058,
        "accuracy": 0.8636363636363636,
        "support": 88,
        "tp": 76,
        "fp": 9,
        "fn": 12,
        "tn": 681
    }
}