{
    "overall": {
        "accuracy": 0.5467155194975137,
        "macro avg": {
            "precision": 0.5766018909739231,
            "recall": 0.5351493302469393,
            "f1-score": 0.5335795138227236,
            "support": 3821
        },
        "weighted avg": {
            "precision": 0.6507249401217828,
            "recall": 0.5467155194975137,
            "f1-score": 0.57574563913715,
            "support": 3821
        }
    },
    "per_class": {},
    "Angry": {
        "precision": 0.5817307692307693,
        "recall": 0.27880184331797236,
        "f1-score": 0.3769470404984424,
        "accuracy": 0.27880184331797236,
        "support": 434,
        "tp": 121,
        "fp": 87,
        "fn": 313,
        "tn": 3300
    },
    "Disgust": {
        "precision": 0.32125,
        "recall": 0.6299019607843137,
        "f1-score": 0.4254966887417218,
        "accuracy": 0.6299019607843137,
        "support": 408,
        "tp": 257,
        "fp": 543,
        "fn": 151,
        "tn": 2870
    },
    "Fear": {
        "precision": 0.5157894736842106,
        "recall": 0.4788273615635179,
        "f1-score": 0.49662162162162166,
        "accuracy": 0.4788273615635179,
        "support": 307,
        "tp": 147,
        "fp": 138,
        "fn": 160,
        "tn": 3376
    },
    "Happiness": {
        "precision": 0.9192938209331651,
        "recall": 0.6151898734177215,
        "f1-score": 0.737108190091001,
        "accuracy": 0.6151898734177215,
        "support": 1185,
        "tp": 729,
        "fp": 64,
        "fn": 456,
        "tn": 2572
    },
    "Neutral": {
        "precision": 0.5555555555555556,
        "recall": 0.49264705882352944,
        "f1-score": 0.5222135619641466,
        "accuracy": 0.49264705882352944,
        "support": 680,
        "tp": 335,
        "fp": 268,
        "fn": 345,
        "tn": 2873
    },
    "Sadness": {
        "precision": 0.6810551558752997,
        "recall": 0.5941422594142259,
        "f1-score": 0.6346368715083798,
        "accuracy": 0.5941422594142259,
        "support": 478,
        "tp": 284,
        "fp": 133,
        "fn": 194,
        "tn": 3210
    },
    "Surprise": {
        "precision": 0.46153846153846156,
        "recall": 0.6565349544072948,
        "f1-score": 0.5420326223337516,
        "accuracy": 0.6565349544072948,
        "support": 329,
        "tp": 216,
        "fp": 252,
        "fn": 113,
        "tn": 3240
    }
}