folder,parsed_emotion,reported_emotion,accuracy,precision,recall,f1score,false_positives
evaluation_Angry_20250314_025953,Angry,Angry,0.9010989010989011,1.0,0.9010989010989011,0.9479768786127167,0
evaluation_Contempt_20250314_025955,Contempt,Contempt,0.8461538461538461,1.0,0.8461538461538461,0.9166666666666666,0
evaluation_Disgust_20250314_025956,Disgust,Disgust,0.8505747126436781,1.0,0.8505747126436781,0.9192546583850931,0
evaluation_Fear_20250314_025957,Fear,Fear,0.9375,1.0,0.9375,0.967741935483871,0
evaluation_Happiness_20250314_025959,Happiness,Happiness,0.9863013698630136,1.0,0.9863013698630136,0.993103448275862,0
evaluation_Neutral_20250314_030000,Neutral,Neutral,0.9487179487179487,1.0,0.9487179487179487,0.9736842105263158,0
evaluation_Sad_20250314_030001,Sad,Sadness,0.9252336448598131,1.0,0.9252336448598131,0.9611650485436893,0
evaluation_Surprised_20250314_030002,Surprised,Surprise,0.9135802469135802,1.0,0.9135802469135802,0.9548387096774194,0
