{
    "overall": {
        "accuracy": 0.4600889819419,
        "macro avg": {
            "precision": 0.48556058514629996,
            "recall": 0.4218726336495625,
            "f1-score": 0.4087780119859329,
            "support": 3821
        },
        "weighted avg": {
            "precision": 0.6358396547176098,
            "recall": 0.4600889819419,
            "f1-score": 0.48848358985216683,
            "support": 3821
        }
    },
    "per_class": {},
    "Angry": {
        "precision": 0.5390625,
        "recall": 0.15898617511520738,
        "f1-score": 0.24555160142348756,
        "accuracy": 0.15898617511520738,
        "support": 434,
        "tp": 69,
        "fp": 59,
        "fn": 365,
        "tn": 3328
    },
    "Contempt": {
        "precision": 0.0,
        "recall": 0.0,
        "f1-score": 0.0,
        "accuracy": 0.0,
        "support": 0,
        "tp": 0,
        "fp": 350,
        "fn": 0,
        "tn": 3471
    },
    "Disgust": {
        "precision": 0.27200791295746785,
        "recall": 0.6740196078431373,
        "f1-score": 0.3875968992248062,
        "accuracy": 0.6740196078431373,
        "support": 408,
        "tp": 275,
        "fp": 736,
        "fn": 133,
        "tn": 2677
    },
    "Fear": {
        "precision": 0.5803571428571429,
        "recall": 0.4234527687296417,
        "f1-score": 0.4896421845574388,
        "accuracy": 0.4234527687296417,
        "support": 307,
        "tp": 130,
        "fp": 94,
        "fn": 177,
        "tn": 3420
    },
    "Happiness": {
        "precision": 0.9497098646034816,
        "recall": 0.41434599156118146,
        "f1-score": 0.5769682726204465,
        "accuracy": 0.41434599156118146,
        "support": 1185,
        "tp": 491,
        "fp": 26,
        "fn": 694,
        "tn": 2610
    },
    "Neutral": {
        "precision": 0.49822695035460995,
        "recall": 0.41323529411764703,
        "f1-score": 0.4517684887459807,
        "accuracy": 0.41323529411764703,
        "support": 680,
        "tp": 281,
        "fp": 283,
        "fn": 399,
        "tn": 2858
    },
    "Sadness": {
        "precision": 0.660377358490566,
        "recall": 0.5857740585774058,
        "f1-score": 0.6208425720620842,
        "accuracy": 0.5857740585774058,
        "support": 478,
        "tp": 280,
        "fp": 144,
        "fn": 198,
        "tn": 3199
    },
    "Surprise": {
        "precision": 0.38474295190713104,
        "recall": 0.7051671732522796,
        "f1-score": 0.49785407725321895,
        "accuracy": 0.7051671732522796,
        "support": 329,
        "tp": 232,
        "fp": 371,
        "fn": 97,
        "tn": 3121
    }
}