model_folder,overall_accuracy,top2_overall_accuracy,accuracy_Angry,top2_accuracy_Angry,nll_Angry,accuracy_Contempt,top2_accuracy_Contempt,nll_Contempt,accuracy_Disgust,top2_accuracy_Disgust,nll_Disgust,accuracy_Fear,top2_accuracy_Fear,nll_Fear,accuracy_Happiness,top2_accuracy_Happiness,nll_Happiness,accuracy_Neutral,top2_accuracy_Neutral,nll_Neutral,accuracy_Sadness,top2_accuracy_Sadness,nll_Sadness,accuracy_Surprise,top2_accuracy_Surprise,nll_Surprise
100M_100W,54.671551949751375,79.29861292855273,27.880184331797235,76.49769585253456,1.940664299672538,,,,62.990196078431374,74.75490196078431,1.3465859878921822,47.88273615635179,70.35830618892508,1.6373971595356076,61.51898734177215,85.90717299578058,1.014650819437194,49.26470588235294,71.76470588235294,1.374838684463312,59.41422594142259,81.17154811715481,1.134900775012101,65.65349544072949,86.01823708206688,0.8895343166325201
