{
    "Angry": {
        "precision": 0.5817307692307693,
        "recall": 0.27880184331797236,
        "f1-score": 0.37694704049844235,
        "support": 434.0
    },
    "Contempt": {
        "precision": 0.0,
        "recall": 0.0,
        "f1-score": 0.0,
        "support": 0.0
    },
    "Disgust": {
        "precision": 0.32125,
        "recall": 0.6299019607843137,
        "f1-score": 0.42549668874172186,
        "support": 408.0
    },
    "Fear": {
        "precision": 0.5157894736842106,
        "recall": 0.4788273615635179,
        "f1-score": 0.4966216216216216,
        "support": 307.0
    },
    "Happiness": {
        "precision": 0.9192938209331651,
        "recall": 0.6151898734177215,
        "f1-score": 0.737108190091001,
        "support": 1185.0
    },
    "Neutral": {
        "precision": 0.5555555555555556,
        "recall": 0.49264705882352944,
        "f1-score": 0.5222135619641465,
        "support": 680.0
    },
    "Sadness": {
        "precision": 0.6810551558752997,
        "recall": 0.5941422594142259,
        "f1-score": 0.6346368715083799,
        "support": 478.0
    },
    "Surprise": {
        "precision": 0.46153846153846156,
        "recall": 0.6565349544072948,
        "f1-score": 0.5420326223337516,
        "support": 329.0
    },
    "accuracy": 0.5467155194975137,
    "macro avg": {
        "precision": 0.5045266546021827,
        "recall": 0.468255663966072,
        "f1-score": 0.46688207459488307,
        "support": 3821.0
    },
    "weighted avg": {
        "precision": 0.6507249401217828,
        "recall": 0.5467155194975137,
        "f1-score": 0.5757456391371499,
        "support": 3821.0
    },
    "overall_accuracy": 54.671551949751375,
    "per_emotion_accuracy": {
        "Angry": 27.880184331797235,
        "Contempt": NaN,
        "Disgust": 62.990196078431374,
        "Fear": 47.88273615635179,
        "Happiness": 61.51898734177215,
        "Neutral": 49.26470588235294,
        "Sadness": 59.41422594142259,
        "Surprise": 65.65349544072949
    }
}