model_folder,overall_accuracy,top2_overall_accuracy,accuracy_Angry,top2_accuracy_Angry,nll_Angry,accuracy_Contempt,top2_accuracy_Contempt,nll_Contempt,accuracy_Disgust,top2_accuracy_Disgust,nll_Disgust,accuracy_Fear,top2_accuracy_Fear,nll_Fear,accuracy_Happiness,top2_accuracy_Happiness,nll_Happiness,accuracy_Neutral,top2_accuracy_Neutral,nll_Neutral,accuracy_Sadness,top2_accuracy_Sadness,nll_Sadness,accuracy_Surprise,top2_accuracy_Surprise,nll_Surprise
Epoch 20,96.40102827763496,99.48586118251929,95.74468085106383,100.0,0.1824194070538065,91.95402298850574,97.70114942528735,0.43121720702176985,95.74468085106383,98.93617021276596,0.1401014213864114,95.76271186440678,100.0,0.15860228893204353,100.0,100.0,0.0001464509070785445,96.42857142857143,100.0,0.055296492765050734,96.49122807017544,99.12280701754386,0.21109837144272856,98.86363636363636,100.0,0.05905118353132654
