{
    "Angry": {
        "precision": 0.967741935483871,
        "recall": 0.9574468085106383,
        "f1-score": 0.9625668449197861,
        "support": 94.0
    },
    "Disgust": {
        "precision": 0.9574468085106383,
        "recall": 0.9574468085106383,
        "f1-score": 0.9574468085106383,
        "support": 94.0
    },
    "Fear": {
        "precision": 0.9826086956521739,
        "recall": 0.9576271186440678,
        "f1-score": 0.9699570815450643,
        "support": 118.0
    },
    "Happiness": {
        "precision": 0.9801980198019802,
        "recall": 1.0,
        "f1-score": 0.99,
        "support": 99.0
    },
    "Neutral": {
        "precision": 0.9878048780487805,
        "recall": 0.9642857142857143,
        "f1-score": 0.9759036144578314,
        "support": 84.0
    },
    "Sadness": {
        "precision": 0.9821428571428571,
        "recall": 0.9649122807017544,
        "f1-score": 0.9734513274336283,
        "support": 114.0
    },
    "Surprise": {
        "precision": 0.9456521739130435,
        "recall": 0.9886363636363636,
        "f1-score": 0.9666666666666667,
        "support": 88.0
    },
    "micro avg": {
        "precision": 0.9724238026124818,
        "recall": 0.9696092619392185,
        "f1-score": 0.9710144927536232,
        "support": 691.0
    },
    "macro avg": {
        "precision": 0.9719421955076205,
        "recall": 0.9700507277555966,
        "f1-score": 0.9708560490762307,
        "support": 691.0
    },
    "weighted avg": {
        "precision": 0.9726663657851918,
        "recall": 0.9696092619392185,
        "f1-score": 0.9710017954462165,
        "support": 691.0
    },
    "overall_accuracy": 96.96092619392185,
    "per_emotion_accuracy": {
        "Angry": 95.74468085106383,
        "Disgust": 95.74468085106383,
        "Fear": 95.76271186440678,
        "Happiness": 100.0,
        "Neutral": 96.42857142857143,
        "Sadness": 96.49122807017544,
        "Surprise": 98.86363636363636
    }
}