{
    "overall": {
        "accuracy": 0.9696092619392185,
        "macro avg": {
            "precision": 0.9719421955076205,
            "recall": 0.9700507277555966,
            "f1-score": 0.9708560490762307,
            "support": 691
        },
        "weighted avg": {
            "precision": 0.9726663657851918,
            "recall": 0.9696092619392185,
            "f1-score": 0.9710017954462165,
            "support": 691
        }
    },
    "Angry": {
        "precision": 0.967741935483871,
        "recall": 0.9574468085106383,
        "f1-score": 0.9625668449197862,
        "accuracy": 0.9574468085106383,
        "support": 94,
        "True Positives": 90,
        "False Positives": 3,
        "False Negatives": 4,
        "True Negatives": 594
    },
    "Disgust": {
        "precision": 0.9574468085106383,
        "recall": 0.9574468085106383,
        "f1-score": 0.9574468085106385,
        "accuracy": 0.9574468085106383,
        "support": 94,
        "True Positives": 90,
        "False Positives": 4,
        "False Negatives": 4,
        "True Negatives": 593
    },
    "Fear": {
        "precision": 0.9826086956521739,
        "recall": 0.9576271186440678,
        "f1-score": 0.9699570815450643,
        "accuracy": 0.9576271186440678,
        "support": 118,
        "True Positives": 113,
        "False Positives": 2,
        "False Negatives": 5,
        "True Negatives": 571
    },
    "Happiness": {
        "precision": 0.9801980198019802,
        "recall": 1.0,
        "f1-score": 0.99,
        "accuracy": 1.0,
        "support": 99,
        "True Positives": 99,
        "False Positives": 2,
        "False Negatives": 0,
        "True Negatives": 590
    },
    "Neutral": {
        "precision": 0.9878048780487805,
        "recall": 0.9642857142857143,
        "f1-score": 0.9759036144578312,
        "accuracy": 0.9642857142857143,
        "support": 84,
        "True Positives": 81,
        "False Positives": 1,
        "False Negatives": 3,
        "True Negatives": 606
    },
    "Sadness": {
        "precision": 0.9821428571428571,
        "recall": 0.9649122807017544,
        "f1-score": 0.9734513274336283,
        "accuracy": 0.9649122807017544,
        "support": 114,
        "True Positives": 110,
        "False Positives": 2,
        "False Negatives": 4,
        "True Negatives": 575
    },
    "Surprise": {
        "precision": 0.9456521739130435,
        "recall": 0.9886363636363636,
        "f1-score": 0.9666666666666666,
        "accuracy": 0.9886363636363636,
        "support": 88,
        "True Positives": 87,
        "False Positives": 5,
        "False Negatives": 1,
        "True Negatives": 598
    }
}