{
    "Angry": {
        "precision": 0.9278350515463918,
        "recall": 0.9574468085106383,
        "f1-score": 0.9424083769633508,
        "support": 94.0
    },
    "Contempt": {
        "precision": 0.975609756097561,
        "recall": 0.9195402298850575,
        "f1-score": 0.9467455621301775,
        "support": 87.0
    },
    "Disgust": {
        "precision": 0.9574468085106383,
        "recall": 0.9574468085106383,
        "f1-score": 0.9574468085106383,
        "support": 94.0
    },
    "Fear": {
        "precision": 0.9826086956521739,
        "recall": 0.9576271186440678,
        "f1-score": 0.9699570815450643,
        "support": 118.0
    },
    "Happiness": {
        "precision": 0.9705882352941176,
        "recall": 1.0,
        "f1-score": 0.9850746268656716,
        "support": 99.0
    },
    "Neutral": {
        "precision": 0.9759036144578314,
        "recall": 0.9642857142857143,
        "f1-score": 0.9700598802395209,
        "support": 84.0
    },
    "Sadness": {
        "precision": 0.9734513274336283,
        "recall": 0.9649122807017544,
        "f1-score": 0.9691629955947136,
        "support": 114.0
    },
    "Surprise": {
        "precision": 0.9456521739130435,
        "recall": 0.9886363636363636,
        "f1-score": 0.9666666666666667,
        "support": 88.0
    },
    "accuracy": 0.9640102827763496,
    "macro avg": {
        "precision": 0.9636369578631732,
        "recall": 0.9637369155217792,
        "f1-score": 0.9634402498144754,
        "support": 778.0
    },
    "weighted avg": {
        "precision": 0.9643924823305425,
        "recall": 0.9640102827763496,
        "f1-score": 0.963967677540467,
        "support": 778.0
    },
    "overall_accuracy": 96.40102827763496,
    "per_emotion_accuracy": {
        "Angry": 95.74468085106383,
        "Contempt": 91.95402298850574,
        "Disgust": 95.74468085106383,
        "Fear": 95.76271186440678,
        "Happiness": 100.0,
        "Neutral": 96.42857142857143,
        "Sadness": 96.49122807017544,
        "Surprise": 98.86363636363636
    }
}