{
    "Angry": {
        "precision": 0.6151898734177215,
        "recall": 0.5599078341013825,
        "f1-score": 0.586248492159228,
        "support": 434.0
    },
    "Contempt": {
        "precision": 0.0,
        "recall": 0.0,
        "f1-score": 0.0,
        "support": 0.0
    },
    "Disgust": {
        "precision": 0.3824959481361426,
        "recall": 0.5784313725490197,
        "f1-score": 0.4604878048780488,
        "support": 408.0
    },
    "Fear": {
        "precision": 0.44983818770226536,
        "recall": 0.4527687296416938,
        "f1-score": 0.4512987012987013,
        "support": 307.0
    },
    "Happiness": {
        "precision": 0.8210831721470019,
        "recall": 0.7164556962025317,
        "f1-score": 0.765209553853087,
        "support": 1185.0
    },
    "Neutral": {
        "precision": 0.7759336099585062,
        "recall": 0.275,
        "f1-score": 0.40608034744842564,
        "support": 680.0
    },
    "Sadness": {
        "precision": 0.7311475409836066,
        "recall": 0.4665271966527197,
        "f1-score": 0.5696040868454662,
        "support": 478.0
    },
    "Surprise": {
        "precision": 0.532608695652174,
        "recall": 0.5957446808510638,
        "f1-score": 0.5624103299856528,
        "support": 329.0
    },
    "accuracy": 0.542528133996336,
    "macro avg": {
        "precision": 0.5385371284996773,
        "recall": 0.4556044387498014,
        "f1-score": 0.47516741455857614,
        "support": 3821.0
    },
    "weighted avg": {
        "precision": 0.6769134453685275,
        "recall": 0.542528133996336,
        "f1-score": 0.5812801049317718,
        "support": 3821.0
    },
    "overall_accuracy": 54.2528133996336,
    "per_emotion_accuracy": {
        "Angry": 55.99078341013825,
        "Contempt": NaN,
        "Disgust": 57.84313725490196,
        "Fear": 45.27687296416938,
        "Happiness": 71.64556962025317,
        "Neutral": 27.5,
        "Sadness": 46.65271966527197,
        "Surprise": 59.57446808510638
    }
}