{
    "Angry": {
        "precision": 0.705685618729097,
        "recall": 0.4861751152073733,
        "f1-score": 0.5757162346521146,
        "support": 434.0
    },
    "Contempt": {
        "precision": 0.0,
        "recall": 0.0,
        "f1-score": 0.0,
        "support": 0.0
    },
    "Disgust": {
        "precision": 0.4373831775700935,
        "recall": 0.5735294117647058,
        "f1-score": 0.49628844114528103,
        "support": 408.0
    },
    "Fear": {
        "precision": 0.6616915422885572,
        "recall": 0.43322475570032576,
        "f1-score": 0.5236220472440944,
        "support": 307.0
    },
    "Happiness": {
        "precision": 0.8360941586748039,
        "recall": 0.809282700421941,
        "f1-score": 0.8224699828473413,
        "support": 1185.0
    },
    "Neutral": {
        "precision": 0.7489878542510121,
        "recall": 0.5441176470588235,
        "f1-score": 0.6303236797274276,
        "support": 680.0
    },
    "Sadness": {
        "precision": 0.6973947895791583,
        "recall": 0.7280334728033473,
        "f1-score": 0.7123848515864892,
        "support": 478.0
    },
    "Surprise": {
        "precision": 0.5896103896103896,
        "recall": 0.6899696048632219,
        "f1-score": 0.6358543417366946,
        "support": 329.0
    },
    "accuracy": 0.649568175870191,
    "macro avg": {
        "precision": 0.5846059413378889,
        "recall": 0.5330415884774673,
        "f1-score": 0.5495824473674303,
        "support": 3821.0
    },
    "weighted avg": {
        "precision": 0.7106200065377126,
        "recall": 0.649568175870191,
        "f1-score": 0.6715680627345444,
        "support": 3821.0
    }
}