{
    "Angry": {
        "precision": 0.898989898989899,
        "recall": 0.9468085106382979,
        "f1-score": 0.9222797927461139,
        "support": 94.0
    },
    "Contempt": {
        "precision": 0.9523809523809523,
        "recall": 0.9195402298850575,
        "f1-score": 0.935672514619883,
        "support": 87.0
    },
    "Disgust": {
        "precision": 0.967391304347826,
        "recall": 0.9468085106382979,
        "f1-score": 0.956989247311828,
        "support": 94.0
    },
    "Fear": {
        "precision": 0.9824561403508771,
        "recall": 0.9491525423728814,
        "f1-score": 0.9655172413793104,
        "support": 118.0
    },
    "Happiness": {
        "precision": 0.99,
        "recall": 1.0,
        "f1-score": 0.9949748743718593,
        "support": 99.0
    },
    "Neutral": {
        "precision": 0.9647058823529412,
        "recall": 0.9761904761904762,
        "f1-score": 0.9704142011834319,
        "support": 84.0
    },
    "Sadness": {
        "precision": 0.9732142857142857,
        "recall": 0.956140350877193,
        "f1-score": 0.9646017699115044,
        "support": 114.0
    },
    "Surprise": {
        "precision": 0.9456521739130435,
        "recall": 0.9886363636363636,
        "f1-score": 0.9666666666666667,
        "support": 88.0
    },
    "accuracy": 0.9601542416452442,
    "macro avg": {
        "precision": 0.959348829756228,
        "recall": 0.9604096230298209,
        "f1-score": 0.9596395385238247,
        "support": 778.0
    },
    "weighted avg": {
        "precision": 0.9607145430921799,
        "recall": 0.9601542416452442,
        "f1-score": 0.9601984664767809,
        "support": 778.0
    }
}