{
    "overall": {
        "accuracy": 0.9588688946015425,
        "macro avg": {
            "precision": 0.957920278937613,
            "recall": 0.9585188589686444,
            "f1-score": 0.9578623874164598,
            "support": 778
        },
        "weighted avg": {
            "precision": 0.959381933902338,
            "recall": 0.9588688946015425,
            "f1-score": 0.9587868747595032,
            "support": 778
        }
    },
    "Angry": {
        "precision": 0.9,
        "recall": 0.9574468085106383,
        "f1-score": 0.9278350515463918,
        "accuracy": 0.9574468085106383,
        "support": 94,
        "True Positives": 90,
        "False Positives": 10,
        "False Negatives": 4,
        "True Negatives": 674
    },
    "Contempt": {
        "precision": 0.9506172839506173,
        "recall": 0.8850574712643678,
        "f1-score": 0.9166666666666666,
        "accuracy": 0.8850574712643678,
        "support": 87,
        "True Positives": 77,
        "False Positives": 4,
        "False Negatives": 10,
        "True Negatives": 687
    },
    "Disgust": {
        "precision": 0.956989247311828,
        "recall": 0.9468085106382979,
        "f1-score": 0.9518716577540107,
        "accuracy": 0.9468085106382979,
        "support": 94,
        "True Positives": 89,
        "False Positives": 4,
        "False Negatives": 5,
        "True Negatives": 680
    },
    "Fear": {
        "precision": 0.9743589743589743,
        "recall": 0.9661016949152542,
        "f1-score": 0.9702127659574468,
        "accuracy": 0.9661016949152542,
        "support": 118,
        "True Positives": 114,
        "False Positives": 3,
        "False Negatives": 4,
        "True Negatives": 657
    },
    "Happiness": {
        "precision": 0.99,
        "recall": 1.0,
        "f1-score": 0.9949748743718593,
        "accuracy": 1.0,
        "support": 99,
        "True Positives": 99,
        "False Positives": 1,
        "False Negatives": 0,
        "True Negatives": 678
    },
    "Neutral": {
        "precision": 0.9540229885057471,
        "recall": 0.9880952380952381,
        "f1-score": 0.9707602339181286,
        "accuracy": 0.9880952380952381,
        "support": 84,
        "True Positives": 83,
        "False Positives": 4,
        "False Negatives": 1,
        "True Negatives": 690
    },
    "Sadness": {
        "precision": 0.9818181818181818,
        "recall": 0.9473684210526315,
        "f1-score": 0.9642857142857142,
        "accuracy": 0.9473684210526315,
        "support": 114,
        "True Positives": 108,
        "False Positives": 2,
        "False Negatives": 6,
        "True Negatives": 662
    },
    "Surprise": {
        "precision": 0.9555555555555556,
        "recall": 0.9772727272727273,
        "f1-score": 0.9662921348314608,
        "accuracy": 0.9772727272727273,
        "support": 88,
        "True Positives": 86,
        "False Positives": 4,
        "False Negatives": 2,
        "True Negatives": 686
    }
}