{
    "Angry": {
        "precision": 0.9473684210526315,
        "recall": 0.9574468085106383,
        "f1-score": 0.9523809523809523,
        "support": 94.0
    },
    "Disgust": {
        "precision": 0.956989247311828,
        "recall": 0.9468085106382979,
        "f1-score": 0.9518716577540107,
        "support": 94.0
    },
    "Fear": {
        "precision": 0.9743589743589743,
        "recall": 0.9661016949152542,
        "f1-score": 0.9702127659574468,
        "support": 118.0
    },
    "Happiness": {
        "precision": 1.0,
        "recall": 1.0,
        "f1-score": 1.0,
        "support": 99.0
    },
    "Neutral": {
        "precision": 0.9880952380952381,
        "recall": 0.9880952380952381,
        "f1-score": 0.9880952380952381,
        "support": 84.0
    },
    "Sadness": {
        "precision": 0.9908256880733946,
        "recall": 0.9473684210526315,
        "f1-score": 0.968609865470852,
        "support": 114.0
    },
    "Surprise": {
        "precision": 0.9555555555555556,
        "recall": 0.9772727272727273,
        "f1-score": 0.9662921348314607,
        "support": 88.0
    },
    "micro avg": {
        "precision": 0.9737991266375546,
        "recall": 0.9681620839363242,
        "f1-score": 0.9709724238026125,
        "support": 691.0
    },
    "macro avg": {
        "precision": 0.9733133034925174,
        "recall": 0.9690133429263984,
        "f1-score": 0.9710660877842802,
        "support": 691.0
    },
    "weighted avg": {
        "precision": 0.9739898656003965,
        "recall": 0.9681620839363242,
        "f1-score": 0.9709697312076858,
        "support": 691.0
    },
    "overall_accuracy": 96.81620839363242,
    "per_emotion_accuracy": {
        "Angry": 95.74468085106383,
        "Disgust": 94.68085106382979,
        "Fear": 96.61016949152543,
        "Happiness": 100.0,
        "Neutral": 98.80952380952381,
        "Sadness": 94.73684210526316,
        "Surprise": 97.72727272727273
    }
}