{
    "Angry": {
        "precision": 0.9,
        "recall": 0.9574468085106383,
        "f1-score": 0.9278350515463918,
        "support": 94.0
    },
    "Contempt": {
        "precision": 0.9506172839506173,
        "recall": 0.8850574712643678,
        "f1-score": 0.9166666666666666,
        "support": 87.0
    },
    "Disgust": {
        "precision": 0.956989247311828,
        "recall": 0.9468085106382979,
        "f1-score": 0.9518716577540107,
        "support": 94.0
    },
    "Fear": {
        "precision": 0.9743589743589743,
        "recall": 0.9661016949152542,
        "f1-score": 0.9702127659574468,
        "support": 118.0
    },
    "Happiness": {
        "precision": 0.99,
        "recall": 1.0,
        "f1-score": 0.9949748743718593,
        "support": 99.0
    },
    "Neutral": {
        "precision": 0.9540229885057471,
        "recall": 0.9880952380952381,
        "f1-score": 0.9707602339181286,
        "support": 84.0
    },
    "Sadness": {
        "precision": 0.9818181818181818,
        "recall": 0.9473684210526315,
        "f1-score": 0.9642857142857143,
        "support": 114.0
    },
    "Surprise": {
        "precision": 0.9555555555555556,
        "recall": 0.9772727272727273,
        "f1-score": 0.9662921348314607,
        "support": 88.0
    },
    "accuracy": 0.9588688946015425,
    "macro avg": {
        "precision": 0.957920278937613,
        "recall": 0.9585188589686444,
        "f1-score": 0.9578623874164598,
        "support": 778.0
    },
    "weighted avg": {
        "precision": 0.959381933902338,
        "recall": 0.9588688946015425,
        "f1-score": 0.9587868747595032,
        "support": 778.0
    },
    "overall_accuracy": 95.88688946015424,
    "per_emotion_accuracy": {
        "Angry": 95.74468085106383,
        "Contempt": 88.50574712643679,
        "Disgust": 94.68085106382979,
        "Fear": 96.61016949152543,
        "Happiness": 100.0,
        "Neutral": 98.80952380952381,
        "Sadness": 94.73684210526316,
        "Surprise": 97.72727272727273
    }
}