{
    "overall": {
        "accuracy": 0.9681620839363242,
        "macro avg": {
            "precision": 0.9733133034925174,
            "recall": 0.9690133429263984,
            "f1-score": 0.9710660877842802,
            "support": 691
        },
        "weighted avg": {
            "precision": 0.9739898656003965,
            "recall": 0.9681620839363242,
            "f1-score": 0.9709697312076858,
            "support": 691
        }
    },
    "Angry": {
        "precision": 0.9473684210526315,
        "recall": 0.9574468085106383,
        "f1-score": 0.9523809523809523,
        "accuracy": 0.9574468085106383,
        "support": 94,
        "True Positives": 90,
        "False Positives": 5,
        "False Negatives": 4,
        "True Negatives": 592
    },
    "Disgust": {
        "precision": 0.956989247311828,
        "recall": 0.9468085106382979,
        "f1-score": 0.9518716577540107,
        "accuracy": 0.9468085106382979,
        "support": 94,
        "True Positives": 89,
        "False Positives": 4,
        "False Negatives": 5,
        "True Negatives": 593
    },
    "Fear": {
        "precision": 0.9743589743589743,
        "recall": 0.9661016949152542,
        "f1-score": 0.9702127659574468,
        "accuracy": 0.9661016949152542,
        "support": 118,
        "True Positives": 114,
        "False Positives": 3,
        "False Negatives": 4,
        "True Negatives": 570
    },
    "Happiness": {
        "precision": 1.0,
        "recall": 1.0,
        "f1-score": 1.0,
        "accuracy": 1.0,
        "support": 99,
        "True Positives": 99,
        "False Positives": 0,
        "False Negatives": 0,
        "True Negatives": 592
    },
    "Neutral": {
        "precision": 0.9880952380952381,
        "recall": 0.9880952380952381,
        "f1-score": 0.9880952380952381,
        "accuracy": 0.9880952380952381,
        "support": 84,
        "True Positives": 83,
        "False Positives": 1,
        "False Negatives": 1,
        "True Negatives": 606
    },
    "Sadness": {
        "precision": 0.9908256880733946,
        "recall": 0.9473684210526315,
        "f1-score": 0.9686098654708519,
        "accuracy": 0.9473684210526315,
        "support": 114,
        "True Positives": 108,
        "False Positives": 1,
        "False Negatives": 6,
        "True Negatives": 576
    },
    "Surprise": {
        "precision": 0.9555555555555556,
        "recall": 0.9772727272727273,
        "f1-score": 0.9662921348314608,
        "accuracy": 0.9772727272727273,
        "support": 88,
        "True Positives": 86,
        "False Positives": 4,
        "False Negatives": 2,
        "True Negatives": 599
    }
}