model_folder,overall_accuracy,top2_overall_accuracy,accuracy_Angry,top2_accuracy_Angry,nll_Angry,accuracy_Contempt,top2_accuracy_Contempt,nll_Contempt,accuracy_Disgust,top2_accuracy_Disgust,nll_Disgust,accuracy_Fear,top2_accuracy_Fear,nll_Fear,accuracy_Happiness,top2_accuracy_Happiness,nll_Happiness,accuracy_Neutral,top2_accuracy_Neutral,nll_Neutral,accuracy_Sadness,top2_accuracy_Sadness,nll_Sadness,accuracy_Surprise,top2_accuracy_Surprise,nll_Surprise
enet_b0_100M_100W_fine_epoch30,46.00889819419,70.53127453546192,15.898617511520737,64.97695852534562,2.1749681144575095,,,,67.40196078431373,78.67647058823529,0.9958395440697524,42.34527687296417,76.2214983713355,1.4153943030036233,41.434599156118146,61.60337552742616,1.6344193412752366,41.3235294117647,67.05882352941177,1.4374776370165978,58.57740585774059,79.2887029288703,1.1128598386964605,70.51671732522796,89.05775075987842,0.808580286062031
