{
    "Angry": {
        "precision": 0.676923076923077,
        "recall": 0.4055299539170507,
        "f1-score": 0.5072046109510087,
        "support": 434.0
    },
    "Contempt": {
        "precision": 0.0,
        "recall": 0.0,
        "f1-score": 0.0,
        "support": 0.0
    },
    "Disgust": {
        "precision": 0.3902439024390244,
        "recall": 0.6274509803921569,
        "f1-score": 0.48120300751879697,
        "support": 408.0
    },
    "Fear": {
        "precision": 0.592156862745098,
        "recall": 0.49185667752442996,
        "f1-score": 0.5373665480427047,
        "support": 307.0
    },
    "Happiness": {
        "precision": 0.8842315369261478,
        "recall": 0.7476793248945147,
        "f1-score": 0.8102423411065386,
        "support": 1185.0
    },
    "Neutral": {
        "precision": 0.7350597609561753,
        "recall": 0.5426470588235294,
        "f1-score": 0.6243654822335025,
        "support": 680.0
    },
    "Sadness": {
        "precision": 0.6989898989898989,
        "recall": 0.7238493723849372,
        "f1-score": 0.71120246659815,
        "support": 478.0
    },
    "Surprise": {
        "precision": 0.5798319327731093,
        "recall": 0.6291793313069909,
        "f1-score": 0.6034985422740525,
        "support": 329.0
    },
    "accuracy": 0.6257524208322429,
    "macro avg": {
        "precision": 0.5696796214690664,
        "recall": 0.5210240874054513,
        "f1-score": 0.5343853748405942,
        "support": 3821.0
    },
    "weighted avg": {
        "precision": 0.7085404791284197,
        "recall": 0.6257524208322429,
        "f1-score": 0.6554934990949035,
        "support": 3821.0
    }
}