model_folder,overall_accuracy,top2_overall_accuracy,accuracy_Angry,top2_accuracy_Angry,nll_Angry,accuracy_Contempt,top2_accuracy_Contempt,nll_Contempt,accuracy_Disgust,top2_accuracy_Disgust,nll_Disgust,accuracy_Fear,top2_accuracy_Fear,nll_Fear,accuracy_Happiness,top2_accuracy_Happiness,nll_Happiness,accuracy_Neutral,top2_accuracy_Neutral,nll_Neutral,accuracy_Sadness,top2_accuracy_Sadness,nll_Sadness,accuracy_Surprise,top2_accuracy_Surprise,nll_Surprise
Epoch 25,95.62982005141389,99.3573264781491,92.55319148936171,100.0,0.13718103445445054,88.50574712643679,98.85057471264368,0.6285273507606345,97.87234042553192,98.93617021276596,0.10989151242893344,95.76271186440678,100.0,0.14418545583879422,100.0,100.0,0.00036599421343519716,96.42857142857143,98.80952380952381,0.05322761474279383,96.49122807017544,98.24561403508773,0.18939011997540053,96.5909090909091,100.0,0.08676112229940292
