{
    "Angry": {
        "precision": 0.90625,
        "recall": 0.925531914893617,
        "f1-score": 0.9157894736842105,
        "support": 94.0
    },
    "Contempt": {
        "precision": 0.9166666666666666,
        "recall": 0.8850574712643678,
        "f1-score": 0.9005847953216374,
        "support": 87.0
    },
    "Disgust": {
        "precision": 0.9583333333333334,
        "recall": 0.9787234042553191,
        "f1-score": 0.968421052631579,
        "support": 94.0
    },
    "Fear": {
        "precision": 0.9658119658119658,
        "recall": 0.9576271186440678,
        "f1-score": 0.9617021276595744,
        "support": 118.0
    },
    "Happiness": {
        "precision": 0.99,
        "recall": 1.0,
        "f1-score": 0.9949748743718593,
        "support": 99.0
    },
    "Neutral": {
        "precision": 0.9642857142857143,
        "recall": 0.9642857142857143,
        "f1-score": 0.9642857142857143,
        "support": 84.0
    },
    "Sadness": {
        "precision": 0.9821428571428571,
        "recall": 0.9649122807017544,
        "f1-score": 0.9734513274336283,
        "support": 114.0
    },
    "Surprise": {
        "precision": 0.9550561797752809,
        "recall": 0.9659090909090909,
        "f1-score": 0.96045197740113,
        "support": 88.0
    },
    "accuracy": 0.9562982005141388,
    "macro avg": {
        "precision": 0.9548183396269773,
        "recall": 0.9552558743692414,
        "f1-score": 0.9549576678486666,
        "support": 778.0
    },
    "weighted avg": {
        "precision": 0.9563057517142105,
        "recall": 0.9562982005141388,
        "f1-score": 0.9562252643085392,
        "support": 778.0
    }
}