{
    "overall": {
        "accuracy": 0.6851609526302015,
        "macro avg": {
            "precision": 0.594502370377007,
            "recall": 0.5562363469473364,
            "f1-score": 0.5448788505999782,
            "support": 3821
        },
        "weighted avg": {
            "precision": 0.7362575571540556,
            "recall": 0.6851609526302015,
            "f1-score": 0.6853912690562406,
            "support": 3821
        }
    },
    "per_class": {},
    "Angry": {
        "precision": 0.4518229166666667,
        "recall": 0.7995391705069125,
        "f1-score": 0.5773710482529119,
        "accuracy": 0.7995391705069125,
        "support": 434,
        "tp": 347,
        "fp": 421,
        "fn": 87,
        "tn": 2966
    },
    "Contempt": {
        "precision": 0.0,
        "recall": 0.0,
        "f1-score": 0.0,
        "accuracy": 0.0,
        "support": 0,
        "tp": 0,
        "fp": 48,
        "fn": 0,
        "tn": 3773
    },
    "Disgust": {
        "precision": 0.6651162790697674,
        "recall": 0.35049019607843135,
        "f1-score": 0.45906902086677365,
        "accuracy": 0.35049019607843135,
        "support": 408,
        "tp": 143,
        "fp": 72,
        "fn": 265,
        "tn": 3341
    },
    "Fear": {
        "precision": 0.5,
        "recall": 0.6872964169381107,
        "f1-score": 0.5788751714677641,
        "accuracy": 0.6872964169381107,
        "support": 307,
        "tp": 211,
        "fp": 211,
        "fn": 96,
        "tn": 3303
    },
    "Happiness": {
        "precision": 0.9238625812441968,
        "recall": 0.8396624472573839,
        "f1-score": 0.8797524314765695,
        "accuracy": 0.8396624472573839,
        "support": 1185,
        "tp": 995,
        "fp": 82,
        "fn": 190,
        "tn": 2554
    },
    "Neutral": {
        "precision": 0.7756653992395437,
        "recall": 0.6,
        "f1-score": 0.6766169154228855,
        "accuracy": 0.6,
        "support": 680,
        "tp": 408,
        "fp": 118,
        "fn": 272,
        "tn": 3023
    },
    "Sadness": {
        "precision": 0.647244094488189,
        "recall": 0.8598326359832636,
        "f1-score": 0.738544474393531,
        "accuracy": 0.8598326359832636,
        "support": 478,
        "tp": 411,
        "fp": 224,
        "fn": 67,
        "tn": 3119
    },
    "Surprise": {
        "precision": 0.7923076923076923,
        "recall": 0.3130699088145897,
        "f1-score": 0.44880174291938996,
        "accuracy": 0.3130699088145897,
        "support": 329,
        "tp": 103,
        "fp": 27,
        "fn": 226,
        "tn": 3465
    }
}