{
    "Angry": {
        "precision": 0.5229357798165137,
        "recall": 0.1313364055299539,
        "f1-score": 0.20994475138121546,
        "support": 434.0
    },
    "Contempt": {
        "precision": 0.0,
        "recall": 0.0,
        "f1-score": 0.0,
        "support": 0.0
    },
    "Disgust": {
        "precision": 0.26481835564053535,
        "recall": 0.678921568627451,
        "f1-score": 0.3810178817056396,
        "support": 408.0
    },
    "Fear": {
        "precision": 0.5851528384279476,
        "recall": 0.4364820846905538,
        "f1-score": 0.5,
        "support": 307.0
    },
    "Happiness": {
        "precision": 0.9568627450980393,
        "recall": 0.4118143459915612,
        "f1-score": 0.575811209439528,
        "support": 1185.0
    },
    "Neutral": {
        "precision": 0.5097345132743363,
        "recall": 0.4235294117647059,
        "f1-score": 0.46265060240963857,
        "support": 680.0
    },
    "Sadness": {
        "precision": 0.6620370370370371,
        "recall": 0.5983263598326359,
        "f1-score": 0.6285714285714286,
        "support": 478.0
    },
    "Surprise": {
        "precision": 0.3811074918566775,
        "recall": 0.7112462006079028,
        "f1-score": 0.49628844114528103,
        "support": 329.0
    },
    "accuracy": 0.46165925150484166,
    "macro avg": {
        "precision": 0.4853310951438859,
        "recall": 0.42395704713059557,
        "f1-score": 0.40678553933159145,
        "support": 3821.0
    },
    "weighted avg": {
        "precision": 0.6377863986996496,
        "recall": 0.46165925150484166,
        "f1-score": 0.48697881461755654,
        "support": 3821.0
    },
    "overall_accuracy": 46.16592515048416,
    "per_emotion_accuracy": {
        "Angry": 13.133640552995391,
        "Contempt": NaN,
        "Disgust": 67.8921568627451,
        "Fear": 43.648208469055376,
        "Happiness": 41.18143459915612,
        "Neutral": 42.35294117647059,
        "Sadness": 59.8326359832636,
        "Surprise": 71.12462006079028
    }
}