{
    "Angry": {
        "precision": 0.3252747252747253,
        "recall": 0.34101382488479265,
        "f1-score": 0.3329583802024747,
        "support": 434.0
    },
    "Contempt": {
        "precision": 0.0,
        "recall": 0.0,
        "f1-score": 0.0,
        "support": 0.0
    },
    "Disgust": {
        "precision": 0.17829457364341086,
        "recall": 0.11274509803921569,
        "f1-score": 0.13813813813813813,
        "support": 408.0
    },
    "Fear": {
        "precision": 0.12267080745341614,
        "recall": 0.25732899022801303,
        "f1-score": 0.1661409043112513,
        "support": 307.0
    },
    "Happiness": {
        "precision": 0.6693051890941073,
        "recall": 0.6421940928270042,
        "f1-score": 0.6554694229112834,
        "support": 1185.0
    },
    "Neutral": {
        "precision": 0.32345013477088946,
        "recall": 0.17647058823529413,
        "f1-score": 0.22835394862036157,
        "support": 680.0
    },
    "Sadness": {
        "precision": 0.46153846153846156,
        "recall": 0.26359832635983266,
        "f1-score": 0.3355525965379494,
        "support": 478.0
    },
    "Surprise": {
        "precision": 0.28893905191873587,
        "recall": 0.3890577507598784,
        "f1-score": 0.3316062176165803,
        "support": 329.0
    },
    "accuracy": 0.3684899241036378,
    "macro avg": {
        "precision": 0.2961841179617183,
        "recall": 0.27280108391675384,
        "f1-score": 0.27352745104225484,
        "support": 3821.0
    },
    "weighted avg": {
        "precision": 0.4135887014188202,
        "recall": 0.3684899241036378,
        "f1-score": 0.38036485028644335,
        "support": 3821.0
    }
}