{
    "overall": {
        "accuracy": 0.5745501285347043,
        "macro avg": {
            "precision": 0.7294880395092223,
            "recall": 0.5590019920794749,
            "f1-score": 0.5116953768082024,
            "support": 778
        },
        "weighted avg": {
            "precision": 0.7320777632589244,
            "recall": 0.5745501285347043,
            "f1-score": 0.5298121284569265,
            "support": 778
        }
    },
    "Angry": {
        "precision": 0.38860103626943004,
        "recall": 0.7978723404255319,
        "f1-score": 0.5226480836236934,
        "accuracy": 0.7978723404255319,
        "support": 94,
        "True Positives": 75,
        "False Positives": 118,
        "False Negatives": 19,
        "True Negatives": 566
    },
    "Contempt": {
        "precision": 1.0,
        "recall": 0.011494252873563218,
        "f1-score": 0.022727272727272724,
        "accuracy": 0.011494252873563218,
        "support": 87,
        "True Positives": 1,
        "False Positives": 0,
        "False Negatives": 86,
        "True Negatives": 691
    },
    "Disgust": {
        "precision": 1.0,
        "recall": 0.07446808510638298,
        "f1-score": 0.1386138613861386,
        "accuracy": 0.07446808510638298,
        "support": 94,
        "True Positives": 7,
        "False Positives": 0,
        "False Negatives": 87,
        "True Negatives": 684
    },
    "Fear": {
        "precision": 0.6821705426356589,
        "recall": 0.7457627118644068,
        "f1-score": 0.7125506072874495,
        "accuracy": 0.7457627118644068,
        "support": 118,
        "True Positives": 88,
        "False Positives": 41,
        "False Negatives": 30,
        "True Negatives": 619
    },
    "Happiness": {
        "precision": 0.7021276595744681,
        "recall": 1.0,
        "f1-score": 0.825,
        "accuracy": 1.0,
        "support": 99,
        "True Positives": 99,
        "False Positives": 42,
        "False Negatives": 0,
        "True Negatives": 637
    },
    "Neutral": {
        "precision": 0.2974683544303797,
        "recall": 0.5595238095238095,
        "f1-score": 0.38842975206611563,
        "accuracy": 0.5595238095238095,
        "support": 84,
        "True Positives": 47,
        "False Positives": 111,
        "False Negatives": 37,
        "True Negatives": 583
    },
    "Sadness": {
        "precision": 0.8333333333333334,
        "recall": 0.6578947368421053,
        "f1-score": 0.7352941176470588,
        "accuracy": 0.6578947368421053,
        "support": 114,
        "True Positives": 75,
        "False Positives": 15,
        "False Negatives": 39,
        "True Negatives": 649
    },
    "Surprise": {
        "precision": 0.9322033898305084,
        "recall": 0.625,
        "f1-score": 0.7482993197278912,
        "accuracy": 0.625,
        "support": 88,
        "True Positives": 55,
        "False Positives": 4,
        "False Negatives": 33,
        "True Negatives": 686
    }
}