{
    "Angry": {
        "precision": 0.5172413793103449,
        "recall": 0.7978723404255319,
        "f1-score": 0.6276150627615062,
        "support": 94.0
    },
    "Disgust": {
        "precision": 1.0,
        "recall": 0.07446808510638298,
        "f1-score": 0.13861386138613863,
        "support": 94.0
    },
    "Fear": {
        "precision": 0.704,
        "recall": 0.7457627118644068,
        "f1-score": 0.7242798353909465,
        "support": 118.0
    },
    "Happiness": {
        "precision": 0.7388059701492538,
        "recall": 1.0,
        "f1-score": 0.8497854077253219,
        "support": 99.0
    },
    "Neutral": {
        "precision": 0.34814814814814815,
        "recall": 0.5595238095238095,
        "f1-score": 0.4292237442922374,
        "support": 84.0
    },
    "Sadness": {
        "precision": 0.872093023255814,
        "recall": 0.6578947368421053,
        "f1-score": 0.75,
        "support": 114.0
    },
    "Surprise": {
        "precision": 0.9322033898305084,
        "recall": 0.625,
        "f1-score": 0.7482993197278912,
        "support": 88.0
    },
    "accuracy": 0.6454413892908828,
    "macro avg": {
        "precision": 0.7303559872420099,
        "recall": 0.6372173833946052,
        "f1-score": 0.6096881758977203,
        "support": 691.0
    },
    "weighted avg": {
        "precision": 0.7373826745305941,
        "recall": 0.6454413892908828,
        "f1-score": 0.6208747170295507,
        "support": 691.0
    },
    "overall_accuracy": 64.54413892908828,
    "per_emotion_accuracy": {
        "Angry": 79.7872340425532,
        "Disgust": 7.446808510638298,
        "Fear": 74.57627118644068,
        "Happiness": 100.0,
        "Neutral": 55.95238095238095,
        "Sadness": 65.78947368421052,
        "Surprise": 62.5
    }
}