{
    "Angry": {
        "precision": 0.9565217391304348,
        "recall": 0.9361702127659575,
        "f1-score": 0.946236559139785,
        "support": 94.0
    },
    "Disgust": {
        "precision": 0.9484536082474226,
        "recall": 0.9787234042553191,
        "f1-score": 0.9633507853403142,
        "support": 94.0
    },
    "Fear": {
        "precision": 0.9827586206896551,
        "recall": 0.9661016949152542,
        "f1-score": 0.9743589743589743,
        "support": 118.0
    },
    "Happiness": {
        "precision": 0.9705882352941176,
        "recall": 1.0,
        "f1-score": 0.9850746268656716,
        "support": 99.0
    },
    "Neutral": {
        "precision": 0.9876543209876543,
        "recall": 0.9523809523809523,
        "f1-score": 0.9696969696969697,
        "support": 84.0
    },
    "Sadness": {
        "precision": 0.9818181818181818,
        "recall": 0.9473684210526315,
        "f1-score": 0.9642857142857143,
        "support": 114.0
    },
    "Surprise": {
        "precision": 0.9555555555555556,
        "recall": 0.9772727272727273,
        "f1-score": 0.9662921348314607,
        "support": 88.0
    },
    "micro avg": {
        "precision": 0.9694767441860465,
        "recall": 0.9652677279305355,
        "f1-score": 0.9673676577229877,
        "support": 691.0
    },
    "macro avg": {
        "precision": 0.9690500373890031,
        "recall": 0.9654310589489775,
        "f1-score": 0.9670422520741272,
        "support": 691.0
    },
    "weighted avg": {
        "precision": 0.9697547898236468,
        "recall": 0.9652677279305355,
        "f1-score": 0.967315169556404,
        "support": 691.0
    },
    "overall_accuracy": 96.52677279305354,
    "per_emotion_accuracy": {
        "Angry": 93.61702127659575,
        "Disgust": 97.87234042553192,
        "Fear": 96.61016949152543,
        "Happiness": 100.0,
        "Neutral": 95.23809523809524,
        "Sadness": 94.73684210526316,
        "Surprise": 97.72727272727273
    }
}