{
    "Angry": {
        "precision": 0.9072164948453608,
        "recall": 0.9361702127659575,
        "f1-score": 0.9214659685863874,
        "support": 94.0
    },
    "Contempt": {
        "precision": 0.9634146341463414,
        "recall": 0.9080459770114943,
        "f1-score": 0.9349112426035503,
        "support": 87.0
    },
    "Disgust": {
        "precision": 0.9484536082474226,
        "recall": 0.9787234042553191,
        "f1-score": 0.9633507853403142,
        "support": 94.0
    },
    "Fear": {
        "precision": 0.9827586206896551,
        "recall": 0.9661016949152542,
        "f1-score": 0.9743589743589743,
        "support": 118.0
    },
    "Happiness": {
        "precision": 0.9611650485436893,
        "recall": 1.0,
        "f1-score": 0.9801980198019802,
        "support": 99.0
    },
    "Neutral": {
        "precision": 0.975609756097561,
        "recall": 0.9523809523809523,
        "f1-score": 0.963855421686747,
        "support": 84.0
    },
    "Sadness": {
        "precision": 0.972972972972973,
        "recall": 0.9473684210526315,
        "f1-score": 0.96,
        "support": 114.0
    },
    "Surprise": {
        "precision": 0.9555555555555556,
        "recall": 0.9772727272727273,
        "f1-score": 0.9662921348314607,
        "support": 88.0
    },
    "accuracy": 0.9588688946015425,
    "macro avg": {
        "precision": 0.9583933363873198,
        "recall": 0.9582579237067921,
        "f1-score": 0.9580540684011767,
        "support": 778.0
    },
    "weighted avg": {
        "precision": 0.9592929912964792,
        "recall": 0.9588688946015425,
        "f1-score": 0.9588195105362843,
        "support": 778.0
    },
    "overall_accuracy": 95.88688946015424,
    "per_emotion_accuracy": {
        "Angry": 93.61702127659575,
        "Contempt": 90.80459770114942,
        "Disgust": 97.87234042553192,
        "Fear": 96.61016949152543,
        "Happiness": 100.0,
        "Neutral": 95.23809523809524,
        "Sadness": 94.73684210526316,
        "Surprise": 97.72727272727273
    }
}