{
    "overall": {
        "accuracy": 0.9588688946015425,
        "macro avg": {
            "precision": 0.9583933363873198,
            "recall": 0.9582579237067921,
            "f1-score": 0.9580540684011767,
            "support": 778
        },
        "weighted avg": {
            "precision": 0.9592929912964792,
            "recall": 0.9588688946015425,
            "f1-score": 0.9588195105362843,
            "support": 778
        }
    },
    "Angry": {
        "precision": 0.9072164948453608,
        "recall": 0.9361702127659575,
        "f1-score": 0.9214659685863875,
        "accuracy": 0.9361702127659575,
        "support": 94,
        "True Positives": 88,
        "False Positives": 9,
        "False Negatives": 6,
        "True Negatives": 675
    },
    "Contempt": {
        "precision": 0.9634146341463414,
        "recall": 0.9080459770114943,
        "f1-score": 0.9349112426035503,
        "accuracy": 0.9080459770114943,
        "support": 87,
        "True Positives": 79,
        "False Positives": 3,
        "False Negatives": 8,
        "True Negatives": 688
    },
    "Disgust": {
        "precision": 0.9484536082474226,
        "recall": 0.9787234042553191,
        "f1-score": 0.963350785340314,
        "accuracy": 0.9787234042553191,
        "support": 94,
        "True Positives": 92,
        "False Positives": 5,
        "False Negatives": 2,
        "True Negatives": 679
    },
    "Fear": {
        "precision": 0.9827586206896551,
        "recall": 0.9661016949152542,
        "f1-score": 0.9743589743589743,
        "accuracy": 0.9661016949152542,
        "support": 118,
        "True Positives": 114,
        "False Positives": 2,
        "False Negatives": 4,
        "True Negatives": 658
    },
    "Happiness": {
        "precision": 0.9611650485436893,
        "recall": 1.0,
        "f1-score": 0.9801980198019802,
        "accuracy": 1.0,
        "support": 99,
        "True Positives": 99,
        "False Positives": 4,
        "False Negatives": 0,
        "True Negatives": 675
    },
    "Neutral": {
        "precision": 0.975609756097561,
        "recall": 0.9523809523809523,
        "f1-score": 0.963855421686747,
        "accuracy": 0.9523809523809523,
        "support": 84,
        "True Positives": 80,
        "False Positives": 2,
        "False Negatives": 4,
        "True Negatives": 692
    },
    "Sadness": {
        "precision": 0.972972972972973,
        "recall": 0.9473684210526315,
        "f1-score": 0.9599999999999999,
        "accuracy": 0.9473684210526315,
        "support": 114,
        "True Positives": 108,
        "False Positives": 3,
        "False Negatives": 6,
        "True Negatives": 661
    },
    "Surprise": {
        "precision": 0.9555555555555556,
        "recall": 0.9772727272727273,
        "f1-score": 0.9662921348314608,
        "accuracy": 0.9772727272727273,
        "support": 88,
        "True Positives": 86,
        "False Positives": 4,
        "False Negatives": 2,
        "True Negatives": 686
    }
}