{
    "overall": {
        "accuracy": 0.9652677279305355,
        "macro avg": {
            "precision": 0.9690500373890031,
            "recall": 0.9654310589489775,
            "f1-score": 0.9670422520741271,
            "support": 691
        },
        "weighted avg": {
            "precision": 0.9697547898236468,
            "recall": 0.9652677279305355,
            "f1-score": 0.967315169556404,
            "support": 691
        }
    },
    "Angry": {
        "precision": 0.9565217391304348,
        "recall": 0.9361702127659575,
        "f1-score": 0.9462365591397849,
        "accuracy": 0.9361702127659575,
        "support": 94,
        "True Positives": 88,
        "False Positives": 4,
        "False Negatives": 6,
        "True Negatives": 593
    },
    "Disgust": {
        "precision": 0.9484536082474226,
        "recall": 0.9787234042553191,
        "f1-score": 0.963350785340314,
        "accuracy": 0.9787234042553191,
        "support": 94,
        "True Positives": 92,
        "False Positives": 5,
        "False Negatives": 2,
        "True Negatives": 592
    },
    "Fear": {
        "precision": 0.9827586206896551,
        "recall": 0.9661016949152542,
        "f1-score": 0.9743589743589743,
        "accuracy": 0.9661016949152542,
        "support": 118,
        "True Positives": 114,
        "False Positives": 2,
        "False Negatives": 4,
        "True Negatives": 571
    },
    "Happiness": {
        "precision": 0.9705882352941176,
        "recall": 1.0,
        "f1-score": 0.9850746268656716,
        "accuracy": 1.0,
        "support": 99,
        "True Positives": 99,
        "False Positives": 3,
        "False Negatives": 0,
        "True Negatives": 589
    },
    "Neutral": {
        "precision": 0.9876543209876543,
        "recall": 0.9523809523809523,
        "f1-score": 0.9696969696969696,
        "accuracy": 0.9523809523809523,
        "support": 84,
        "True Positives": 80,
        "False Positives": 1,
        "False Negatives": 4,
        "True Negatives": 606
    },
    "Sadness": {
        "precision": 0.9818181818181818,
        "recall": 0.9473684210526315,
        "f1-score": 0.9642857142857142,
        "accuracy": 0.9473684210526315,
        "support": 114,
        "True Positives": 108,
        "False Positives": 2,
        "False Negatives": 6,
        "True Negatives": 575
    },
    "Surprise": {
        "precision": 0.9555555555555556,
        "recall": 0.9772727272727273,
        "f1-score": 0.9662921348314608,
        "accuracy": 0.9772727272727273,
        "support": 88,
        "True Positives": 86,
        "False Positives": 4,
        "False Negatives": 2,
        "True Negatives": 599
    }
}