folder,parsed_emotion,reported_emotion,accuracy,precision,recall,f1score,false_positives
evaluation_Angry_20250314_020656,Angry,Angry,0.7802197802197802,1.0,0.7802197802197802,0.8765432098765432,0
evaluation_Contempt_20250314_020658,Contempt,Contempt,0.01282051282051282,1.0,0.01282051282051282,0.02531645569620253,0
evaluation_Disgust_20250314_020659,Disgust,Disgust,0.05747126436781609,1.0,0.05747126436781609,0.10869565217391304,0
evaluation_Fear_20250314_020701,Fear,Fear,0.7321428571428571,1.0,0.7321428571428571,0.845360824742268,0
evaluation_Happiness_20250314_020702,Happiness,Happiness,1.0,1.0,1.0,1.0,0
evaluation_Neutral_20250314_020703,Neutral,Neutral,0.5769230769230769,1.0,0.5769230769230769,0.7317073170731707,0
evaluation_Sad_20250314_020705,Sad,Sadness,0.7102803738317757,1.0,0.7102803738317757,0.8306010928961749,0
evaluation_Surprised_20250314_020706,Surprised,Surprise,0.6419753086419753,1.0,0.6419753086419753,0.7819548872180451,0
