{
    "Angry": {
        "precision": 0.4962962962962963,
        "recall": 0.7127659574468085,
        "f1-score": 0.5851528384279476,
        "support": 94.0
    },
    "Contempt": {
        "precision": 0.23076923076923078,
        "recall": 0.13793103448275862,
        "f1-score": 0.17266187050359713,
        "support": 87.0
    },
    "Disgust": {
        "precision": 0.6981132075471698,
        "recall": 0.39361702127659576,
        "f1-score": 0.5034013605442177,
        "support": 94.0
    },
    "Fear": {
        "precision": 0.7706422018348624,
        "recall": 0.711864406779661,
        "f1-score": 0.7400881057268722,
        "support": 118.0
    },
    "Happiness": {
        "precision": 0.853448275862069,
        "recall": 1.0,
        "f1-score": 0.9209302325581395,
        "support": 99.0
    },
    "Neutral": {
        "precision": 0.32231404958677684,
        "recall": 0.4642857142857143,
        "f1-score": 0.3804878048780488,
        "support": 84.0
    },
    "Sadness": {
        "precision": 0.8055555555555556,
        "recall": 0.7631578947368421,
        "f1-score": 0.7837837837837838,
        "support": 114.0
    },
    "Surprise": {
        "precision": 0.8571428571428571,
        "recall": 0.8181818181818182,
        "f1-score": 0.8372093023255814,
        "support": 88.0
    },
    "accuracy": 0.6388174807197944,
    "macro avg": {
        "precision": 0.6292852093243522,
        "recall": 0.6252254808987748,
        "f1-score": 0.6154644123435236,
        "support": 778.0
    },
    "weighted avg": {
        "precision": 0.6453918515324698,
        "recall": 0.6388174807197944,
        "f1-score": 0.6308932037300538,
        "support": 778.0
    },
    "overall_accuracy": 63.88174807197944,
    "per_emotion_accuracy": {
        "Angry": 71.27659574468085,
        "Contempt": 13.793103448275861,
        "Disgust": 39.361702127659576,
        "Fear": 71.1864406779661,
        "Happiness": 100.0,
        "Neutral": 46.42857142857143,
        "Sadness": 76.3157894736842,
        "Surprise": 81.81818181818181
    }
}