{
    "Angry": {
        "precision": 0.6633663366336634,
        "recall": 0.7127659574468085,
        "f1-score": 0.6871794871794872,
        "support": 94.0
    },
    "Disgust": {
        "precision": 0.7254901960784313,
        "recall": 0.39361702127659576,
        "f1-score": 0.5103448275862069,
        "support": 94.0
    },
    "Fear": {
        "precision": 0.7777777777777778,
        "recall": 0.711864406779661,
        "f1-score": 0.7433628318584071,
        "support": 118.0
    },
    "Happiness": {
        "precision": 0.8918918918918919,
        "recall": 1.0,
        "f1-score": 0.9428571428571428,
        "support": 99.0
    },
    "Neutral": {
        "precision": 0.4148936170212766,
        "recall": 0.4642857142857143,
        "f1-score": 0.43820224719101125,
        "support": 84.0
    },
    "Sadness": {
        "precision": 0.8529411764705882,
        "recall": 0.7631578947368421,
        "f1-score": 0.8055555555555556,
        "support": 114.0
    },
    "Surprise": {
        "precision": 0.8571428571428571,
        "recall": 0.8181818181818182,
        "f1-score": 0.8372093023255814,
        "support": 88.0
    },
    "micro avg": {
        "precision": 0.7450076804915514,
        "recall": 0.7018813314037626,
        "f1-score": 0.7228017883755589,
        "support": 691.0
    },
    "macro avg": {
        "precision": 0.7405005504309266,
        "recall": 0.6948389732439201,
        "f1-score": 0.7092444849361988,
        "support": 691.0
    },
    "weighted avg": {
        "precision": 0.7498444551751342,
        "recall": 0.7018813314037626,
        "f1-score": 0.7177188098294557,
        "support": 691.0
    },
    "overall_accuracy": 70.18813314037627,
    "per_emotion_accuracy": {
        "Angry": 71.27659574468085,
        "Disgust": 39.361702127659576,
        "Fear": 71.1864406779661,
        "Happiness": 100.0,
        "Neutral": 46.42857142857143,
        "Sadness": 76.3157894736842,
        "Surprise": 81.81818181818181
    }
}