{
    "overall": {
        "accuracy": 0.7018813314037626,
        "macro avg": {
            "precision": 0.7405005504309266,
            "recall": 0.6948389732439201,
            "f1-score": 0.7092444849361988,
            "support": 691
        },
        "weighted avg": {
            "precision": 0.7498444551751342,
            "recall": 0.7018813314037626,
            "f1-score": 0.7177188098294557,
            "support": 691
        }
    },
    "Angry": {
        "precision": 0.6633663366336634,
        "recall": 0.7127659574468085,
        "f1-score": 0.6871794871794872,
        "accuracy": 0.7127659574468085,
        "support": 94,
        "True Positives": 67,
        "False Positives": 34,
        "False Negatives": 27,
        "True Negatives": 563
    },
    "Disgust": {
        "precision": 0.7254901960784313,
        "recall": 0.39361702127659576,
        "f1-score": 0.5103448275862068,
        "accuracy": 0.39361702127659576,
        "support": 94,
        "True Positives": 37,
        "False Positives": 14,
        "False Negatives": 57,
        "True Negatives": 583
    },
    "Fear": {
        "precision": 0.7777777777777778,
        "recall": 0.711864406779661,
        "f1-score": 0.7433628318584071,
        "accuracy": 0.711864406779661,
        "support": 118,
        "True Positives": 84,
        "False Positives": 24,
        "False Negatives": 34,
        "True Negatives": 549
    },
    "Happiness": {
        "precision": 0.8918918918918919,
        "recall": 1.0,
        "f1-score": 0.9428571428571428,
        "accuracy": 1.0,
        "support": 99,
        "True Positives": 99,
        "False Positives": 12,
        "False Negatives": 0,
        "True Negatives": 580
    },
    "Neutral": {
        "precision": 0.4148936170212766,
        "recall": 0.4642857142857143,
        "f1-score": 0.43820224719101125,
        "accuracy": 0.4642857142857143,
        "support": 84,
        "True Positives": 39,
        "False Positives": 55,
        "False Negatives": 45,
        "True Negatives": 552
    },
    "Sadness": {
        "precision": 0.8529411764705882,
        "recall": 0.7631578947368421,
        "f1-score": 0.8055555555555555,
        "accuracy": 0.7631578947368421,
        "support": 114,
        "True Positives": 87,
        "False Positives": 15,
        "False Negatives": 27,
        "True Negatives": 562
    },
    "Surprise": {
        "precision": 0.8571428571428571,
        "recall": 0.8181818181818182,
        "f1-score": 0.8372093023255814,
        "accuracy": 0.8181818181818182,
        "support": 88,
        "True Positives": 72,
        "False Positives": 12,
        "False Negatives": 16,
        "True Negatives": 591
    }
}