model_folder,overall_accuracy,top2_overall_accuracy,accuracy_Angry,top2_accuracy_Angry,nll_Angry,accuracy_Contempt,top2_accuracy_Contempt,nll_Contempt,accuracy_Disgust,top2_accuracy_Disgust,nll_Disgust,accuracy_Fear,top2_accuracy_Fear,nll_Fear,accuracy_Happiness,top2_accuracy_Happiness,nll_Happiness,accuracy_Neutral,top2_accuracy_Neutral,nll_Neutral,accuracy_Sadness,top2_accuracy_Sadness,nll_Sadness,accuracy_Surprise,top2_accuracy_Surprise,nll_Surprise
Epoch 40,96.01542416452442,99.48586118251929,94.68085106382979,98.93617021276596,0.17169338200315715,91.95402298850574,98.85057471264368,0.4902255651990715,94.68085106382979,98.93617021276596,0.17453818185542408,94.91525423728814,100.0,0.18140180546731732,100.0,100.0,0.00010010762787015266,97.61904761904762,100.0,0.02584136417830793,95.6140350877193,99.12280701754386,0.21238545729911065,98.86363636363636,100.0,0.06317141908392153
