{
    "Angry": {
        "precision": 0.9468085106382979,
        "recall": 0.9468085106382979,
        "f1-score": 0.9468085106382979,
        "support": 94.0
    },
    "Disgust": {
        "precision": 0.967391304347826,
        "recall": 0.9468085106382979,
        "f1-score": 0.956989247311828,
        "support": 94.0
    },
    "Fear": {
        "precision": 0.9824561403508771,
        "recall": 0.9491525423728814,
        "f1-score": 0.9655172413793104,
        "support": 118.0
    },
    "Happiness": {
        "precision": 0.99,
        "recall": 1.0,
        "f1-score": 0.9949748743718593,
        "support": 99.0
    },
    "Neutral": {
        "precision": 0.9761904761904762,
        "recall": 0.9761904761904762,
        "f1-score": 0.9761904761904762,
        "support": 84.0
    },
    "Sadness": {
        "precision": 0.9819819819819819,
        "recall": 0.956140350877193,
        "f1-score": 0.9688888888888889,
        "support": 114.0
    },
    "Surprise": {
        "precision": 0.9456521739130435,
        "recall": 0.9886363636363636,
        "f1-score": 0.9666666666666667,
        "support": 88.0
    },
    "micro avg": {
        "precision": 0.9708879184861717,
        "recall": 0.9652677279305355,
        "f1-score": 0.9680696661828737,
        "support": 691.0
    },
    "macro avg": {
        "precision": 0.9700686553460718,
        "recall": 0.966248107764787,
        "f1-score": 0.9680051293496182,
        "support": 691.0
    },
    "weighted avg": {
        "precision": 0.9711113522726381,
        "recall": 0.9652677279305355,
        "f1-score": 0.9680326140273291,
        "support": 691.0
    },
    "overall_accuracy": 96.52677279305354,
    "per_emotion_accuracy": {
        "Angry": 94.68085106382979,
        "Disgust": 94.68085106382979,
        "Fear": 94.91525423728814,
        "Happiness": 100.0,
        "Neutral": 97.61904761904762,
        "Sadness": 95.6140350877193,
        "Surprise": 98.86363636363636
    }
}