model_folder,overall_accuracy,top2_overall_accuracy,accuracy_Angry,top2_accuracy_Angry,nll_Angry,accuracy_Contempt,top2_accuracy_Contempt,nll_Contempt,accuracy_Disgust,top2_accuracy_Disgust,nll_Disgust,accuracy_Fear,top2_accuracy_Fear,nll_Fear,accuracy_Happiness,top2_accuracy_Happiness,nll_Happiness,accuracy_Neutral,top2_accuracy_Neutral,nll_Neutral,accuracy_Sadness,top2_accuracy_Sadness,nll_Sadness,accuracy_Surprise,top2_accuracy_Surprise,nll_Surprise
enet_b0_100M_100W_finetuned_epoch20,36.84899241036378,54.54069615283957,34.10138248847926,53.68663594470046,2.279696855967294,,,,11.27450980392157,18.872549019607842,4.604294746557214,25.732899022801302,47.23127035830619,2.8621649211254585,64.21940928270043,79.15611814345992,1.277537209879258,17.647058823529413,32.94117647058823,3.5663686031127475,26.359832635983263,46.44351464435147,2.8122268253572043,38.90577507598784,74.46808510638297,1.7452973129396188
