model_folder,overall_accuracy,top2_overall_accuracy,accuracy_Angry,top2_accuracy_Angry,nll_Angry,accuracy_Contempt,top2_accuracy_Contempt,nll_Contempt,accuracy_Disgust,top2_accuracy_Disgust,nll_Disgust,accuracy_Fear,top2_accuracy_Fear,nll_Fear,accuracy_Happiness,top2_accuracy_Happiness,nll_Happiness,accuracy_Neutral,top2_accuracy_Neutral,nll_Neutral,accuracy_Sadness,top2_accuracy_Sadness,nll_Sadness,accuracy_Surprise,top2_accuracy_Surprise,nll_Surprise
enet_b0_100M_50W_finetuned_best,89.7172236503856,97.94344473007712,82.97872340425532,96.80851063829788,0.44973036361996954,81.60919540229885,95.40229885057471,0.5500910106414779,85.1063829787234,96.80851063829788,0.3579213249712607,88.13559322033899,98.30508474576271,0.2699152560319092,100.0,100.0,0.009332019969842464,94.04761904761905,100.0,0.16327402498566132,92.98245614035088,98.24561403508773,0.18222295590859758,92.04545454545455,97.72727272727273,0.19854028985752264
