{
    "Angry": {
        "precision": 0.8297872340425532,
        "recall": 0.8297872340425532,
        "f1-score": 0.8297872340425532,
        "support": 94.0
    },
    "Contempt": {
        "precision": 0.9102564102564102,
        "recall": 0.8160919540229885,
        "f1-score": 0.8606060606060606,
        "support": 87.0
    },
    "Disgust": {
        "precision": 0.8333333333333334,
        "recall": 0.851063829787234,
        "f1-score": 0.8421052631578947,
        "support": 94.0
    },
    "Fear": {
        "precision": 0.9203539823008849,
        "recall": 0.8813559322033898,
        "f1-score": 0.9004329004329005,
        "support": 118.0
    },
    "Happiness": {
        "precision": 0.9519230769230769,
        "recall": 1.0,
        "f1-score": 0.9753694581280788,
        "support": 99.0
    },
    "Neutral": {
        "precision": 0.9634146341463414,
        "recall": 0.9404761904761905,
        "f1-score": 0.9518072289156626,
        "support": 84.0
    },
    "Sadness": {
        "precision": 0.8548387096774194,
        "recall": 0.9298245614035088,
        "f1-score": 0.8907563025210085,
        "support": 114.0
    },
    "Surprise": {
        "precision": 0.9310344827586207,
        "recall": 0.9204545454545454,
        "f1-score": 0.9257142857142857,
        "support": 88.0
    },
    "accuracy": 0.897172236503856,
    "macro avg": {
        "precision": 0.8993677329298301,
        "recall": 0.8961317809238012,
        "f1-score": 0.8970723416898055,
        "support": 778.0
    },
    "weighted avg": {
        "precision": 0.898042766332657,
        "recall": 0.897172236503856,
        "f1-score": 0.8969205186047547,
        "support": 778.0
    },
    "overall_accuracy": 89.7172236503856,
    "per_emotion_accuracy": {
        "Angry": 82.97872340425532,
        "Contempt": 81.60919540229885,
        "Disgust": 85.1063829787234,
        "Fear": 88.13559322033899,
        "Happiness": 100.0,
        "Neutral": 94.04761904761905,
        "Sadness": 92.98245614035088,
        "Surprise": 92.04545454545455
    }
}