{
    "overall": {
        "accuracy": 0.897172236503856,
        "macro avg": {
            "precision": 0.8993677329298301,
            "recall": 0.8961317809238012,
            "f1-score": 0.8970723416898055,
            "support": 778
        },
        "weighted avg": {
            "precision": 0.898042766332657,
            "recall": 0.897172236503856,
            "f1-score": 0.8969205186047547,
            "support": 778
        }
    },
    "per_class": {},
    "Angry": {
        "precision": 0.8297872340425532,
        "recall": 0.8297872340425532,
        "f1-score": 0.8297872340425532,
        "accuracy": 0.8297872340425532,
        "support": 94,
        "tp": 78,
        "fp": 16,
        "fn": 16,
        "tn": 668
    },
    "Contempt": {
        "precision": 0.9102564102564102,
        "recall": 0.8160919540229885,
        "f1-score": 0.8606060606060606,
        "accuracy": 0.8160919540229885,
        "support": 87,
        "tp": 71,
        "fp": 7,
        "fn": 16,
        "tn": 684
    },
    "Disgust": {
        "precision": 0.8333333333333334,
        "recall": 0.851063829787234,
        "f1-score": 0.8421052631578947,
        "accuracy": 0.851063829787234,
        "support": 94,
        "tp": 80,
        "fp": 16,
        "fn": 14,
        "tn": 668
    },
    "Fear": {
        "precision": 0.9203539823008849,
        "recall": 0.8813559322033898,
        "f1-score": 0.9004329004329005,
        "accuracy": 0.8813559322033898,
        "support": 118,
        "tp": 104,
        "fp": 9,
        "fn": 14,
        "tn": 651
    },
    "Happiness": {
        "precision": 0.9519230769230769,
        "recall": 1.0,
        "f1-score": 0.9753694581280787,
        "accuracy": 1.0,
        "support": 99,
        "tp": 99,
        "fp": 5,
        "fn": 0,
        "tn": 674
    },
    "Neutral": {
        "precision": 0.9634146341463414,
        "recall": 0.9404761904761905,
        "f1-score": 0.9518072289156626,
        "accuracy": 0.9404761904761905,
        "support": 84,
        "tp": 79,
        "fp": 3,
        "fn": 5,
        "tn": 691
    },
    "Sadness": {
        "precision": 0.8548387096774194,
        "recall": 0.9298245614035088,
        "f1-score": 0.8907563025210085,
        "accuracy": 0.9298245614035088,
        "support": 114,
        "tp": 106,
        "fp": 18,
        "fn": 8,
        "tn": 646
    },
    "Surprise": {
        "precision": 0.9310344827586207,
        "recall": 0.9204545454545454,
        "f1-score": 0.9257142857142858,
        "accuracy": 0.9204545454545454,
        "support": 88,
        "tp": 81,
        "fp": 6,
        "fn": 7,
        "tn": 684
    }
}