model_folder,overall_accuracy,top2_overall_accuracy,accuracy_Angry,top2_accuracy_Angry,nll_Angry,accuracy_Contempt,top2_accuracy_Contempt,nll_Contempt,accuracy_Disgust,top2_accuracy_Disgust,nll_Disgust,accuracy_Fear,top2_accuracy_Fear,nll_Fear,accuracy_Happiness,top2_accuracy_Happiness,nll_Happiness,accuracy_Neutral,top2_accuracy_Neutral,nll_Neutral,accuracy_Sadness,top2_accuracy_Sadness,nll_Sadness,accuracy_Surprise,top2_accuracy_Surprise,nll_Surprise
Epoch 30,95.37275064267352,99.3573264781491,93.61702127659575,100.0,0.13669871351606586,87.35632183908046,98.85057471264368,0.628649678928929,95.74468085106383,98.93617021276596,0.08836329434458162,94.91525423728814,100.0,0.18994915827037206,100.0,100.0,0.000593115763538795,97.61904761904762,98.80952380952381,0.0668569497036938,96.49122807017544,98.24561403508773,0.17391395021156777,96.5909090909091,100.0,0.0868258193451571
