{
    "Angry": {
        "precision": 0.8979591836734694,
        "recall": 0.9361702127659575,
        "f1-score": 0.9166666666666666,
        "support": 94.0
    },
    "Contempt": {
        "precision": 0.9156626506024096,
        "recall": 0.8735632183908046,
        "f1-score": 0.8941176470588236,
        "support": 87.0
    },
    "Disgust": {
        "precision": 0.9375,
        "recall": 0.9574468085106383,
        "f1-score": 0.9473684210526315,
        "support": 94.0
    },
    "Fear": {
        "precision": 0.9739130434782609,
        "recall": 0.9491525423728814,
        "f1-score": 0.9613733905579399,
        "support": 118.0
    },
    "Happiness": {
        "precision": 1.0,
        "recall": 1.0,
        "f1-score": 1.0,
        "support": 99.0
    },
    "Neutral": {
        "precision": 0.9647058823529412,
        "recall": 0.9761904761904762,
        "f1-score": 0.9704142011834319,
        "support": 84.0
    },
    "Sadness": {
        "precision": 0.9734513274336283,
        "recall": 0.9649122807017544,
        "f1-score": 0.9691629955947136,
        "support": 114.0
    },
    "Surprise": {
        "precision": 0.9550561797752809,
        "recall": 0.9659090909090909,
        "f1-score": 0.96045197740113,
        "support": 88.0
    },
    "accuracy": 0.9537275064267352,
    "macro avg": {
        "precision": 0.9522810334144989,
        "recall": 0.9529180787302004,
        "f1-score": 0.9524444124394171,
        "support": 778.0
    },
    "weighted avg": {
        "precision": 0.9539476121638252,
        "recall": 0.9537275064267352,
        "f1-score": 0.9536873290926396,
        "support": 778.0
    }
}