model_folder,overall_accuracy,top2_overall_accuracy,accuracy_Angry,top2_accuracy_Angry,nll_Angry,accuracy_Contempt,top2_accuracy_Contempt,nll_Contempt,accuracy_Disgust,top2_accuracy_Disgust,nll_Disgust,accuracy_Fear,top2_accuracy_Fear,nll_Fear,accuracy_Happiness,top2_accuracy_Happiness,nll_Happiness,accuracy_Neutral,top2_accuracy_Neutral,nll_Neutral,accuracy_Sadness,top2_accuracy_Sadness,nll_Sadness,accuracy_Surprise,top2_accuracy_Surprise,nll_Surprise
Epoch 10,34.49358806595132,53.59853441507459,33.41013824884793,52.995391705069125,2.129582122681347,,,,10.294117647058824,21.07843137254902,3.9924002727288204,37.45928338762215,57.328990228013026,2.0539696002265297,59.57805907172996,75.27426160337552,1.4013658030302663,15.588235294117647,32.05882352941177,3.3736935384468403,23.84937238493724,44.76987447698745,2.6558976137317,27.35562310030395,70.51671732522796,2.093633286012365
