model_folder,overall_accuracy,top2_overall_accuracy,accuracy_Angry,top2_accuracy_Angry,nll_Angry,accuracy_Contempt,top2_accuracy_Contempt,nll_Contempt,accuracy_Disgust,top2_accuracy_Disgust,nll_Disgust,accuracy_Fear,top2_accuracy_Fear,nll_Fear,accuracy_Happiness,top2_accuracy_Happiness,nll_Happiness,accuracy_Neutral,top2_accuracy_Neutral,nll_Neutral,accuracy_Sadness,top2_accuracy_Sadness,nll_Sadness,accuracy_Surprise,top2_accuracy_Surprise,nll_Surprise
Epoch-Final,53.15362470557446,75.66082177440461,27.880184331797235,59.90783410138249,3.7992902684765486,,,,53.6764705882353,66.66666666666667,2.8535481155371,56.67752442996743,76.2214983713355,2.12072478739557,67.51054852320675,88.35443037974683,1.1546300472855213,40.0,64.55882352941177,2.4873949795526507,53.13807531380753,75.31380753138075,2.0454780001187847,58.05471124620061,84.80243161094225,1.6651312805205811
