{
    "Angry": {
        "precision": 0.5789473684210527,
        "recall": 0.27880184331797236,
        "f1-score": 0.37636080870917576,
        "support": 434.0
    },
    "Contempt": {
        "precision": 0.0,
        "recall": 0.0,
        "f1-score": 0.0,
        "support": 0.0
    },
    "Disgust": {
        "precision": 0.3384853168469861,
        "recall": 0.5367647058823529,
        "f1-score": 0.4151658767772512,
        "support": 408.0
    },
    "Fear": {
        "precision": 0.4084507042253521,
        "recall": 0.5667752442996743,
        "f1-score": 0.4747612551159618,
        "support": 307.0
    },
    "Happiness": {
        "precision": 0.8620689655172413,
        "recall": 0.6751054852320675,
        "f1-score": 0.7572172266919073,
        "support": 1185.0
    },
    "Neutral": {
        "precision": 0.5364891518737672,
        "recall": 0.4,
        "f1-score": 0.45829823083403537,
        "support": 680.0
    },
    "Sadness": {
        "precision": 0.6631853785900783,
        "recall": 0.5313807531380753,
        "f1-score": 0.5900116144018583,
        "support": 478.0
    },
    "Surprise": {
        "precision": 0.47869674185463656,
        "recall": 0.5805471124620061,
        "f1-score": 0.5247252747252747,
        "support": 329.0
    },
    "accuracy": 0.5315362470557445,
    "macro avg": {
        "precision": 0.4832904534161393,
        "recall": 0.4461718930415186,
        "f1-score": 0.44956753590693305,
        "support": 3821.0
    },
    "weighted avg": {
        "precision": 0.6217266997680753,
        "recall": 0.5315362470557445,
        "f1-score": 0.5606085714973198,
        "support": 3821.0
    }
}