model_folder,overall_accuracy,top2_overall_accuracy,accuracy_Angry,top2_accuracy_Angry,nll_Angry,accuracy_Contempt,top2_accuracy_Contempt,nll_Contempt,accuracy_Disgust,top2_accuracy_Disgust,nll_Disgust,accuracy_Fear,top2_accuracy_Fear,nll_Fear,accuracy_Happiness,top2_accuracy_Happiness,nll_Happiness,accuracy_Neutral,top2_accuracy_Neutral,nll_Neutral,accuracy_Sadness,top2_accuracy_Sadness,nll_Sadness,accuracy_Surprise,top2_accuracy_Surprise,nll_Surprise
enet_b0_100M_100W_fine_epoch5,75.57840616966581,90.48843187660668,75.53191489361703,94.68085106382979,0.7911015159272133,42.52873563218391,72.41379310344827,1.3576579467318524,57.4468085106383,77.65957446808511,1.0428986211921623,77.96610169491525,91.52542372881356,0.6725565230126603,100.0,100.0,0.040998733332298296,77.38095238095238,98.80952380952381,0.7370937945587295,85.08771929824562,91.2280701754386,0.4625121509467901,82.95454545454545,96.5909090909091,0.45174886749803345
