{
    "overall": {
        "accuracy": 0.7973950795947902,
        "macro avg": {
            "precision": 0.8248441048965962,
            "recall": 0.7948114889041629,
            "f1-score": 0.8078147770629247,
            "support": 691
        },
        "weighted avg": {
            "precision": 0.8252002272574814,
            "recall": 0.7973950795947902,
            "f1-score": 0.8093820864372274,
            "support": 691
        }
    },
    "Angry": {
        "precision": 0.7473684210526316,
        "recall": 0.7553191489361702,
        "f1-score": 0.7513227513227513,
        "accuracy": 0.7553191489361702,
        "support": 94,
        "True Positives": 71,
        "False Positives": 24,
        "False Negatives": 23,
        "True Negatives": 573
    },
    "Disgust": {
        "precision": 0.7605633802816901,
        "recall": 0.574468085106383,
        "f1-score": 0.6545454545454545,
        "accuracy": 0.574468085106383,
        "support": 94,
        "True Positives": 54,
        "False Positives": 17,
        "False Negatives": 40,
        "True Negatives": 580
    },
    "Fear": {
        "precision": 0.7666666666666667,
        "recall": 0.7796610169491526,
        "f1-score": 0.773109243697479,
        "accuracy": 0.7796610169491526,
        "support": 118,
        "True Positives": 92,
        "False Positives": 28,
        "False Negatives": 26,
        "True Negatives": 545
    },
    "Happiness": {
        "precision": 0.9705882352941176,
        "recall": 1.0,
        "f1-score": 0.9850746268656716,
        "accuracy": 1.0,
        "support": 99,
        "True Positives": 99,
        "False Positives": 3,
        "False Negatives": 0,
        "True Negatives": 589
    },
    "Neutral": {
        "precision": 0.7831325301204819,
        "recall": 0.7738095238095238,
        "f1-score": 0.7784431137724551,
        "accuracy": 0.7738095238095238,
        "support": 84,
        "True Positives": 65,
        "False Positives": 18,
        "False Negatives": 19,
        "True Negatives": 589
    },
    "Sadness": {
        "precision": 0.8660714285714286,
        "recall": 0.8508771929824561,
        "f1-score": 0.8584070796460177,
        "accuracy": 0.8508771929824561,
        "support": 114,
        "True Positives": 97,
        "False Positives": 15,
        "False Negatives": 17,
        "True Negatives": 562
    },
    "Surprise": {
        "precision": 0.8795180722891566,
        "recall": 0.8295454545454546,
        "f1-score": 0.8538011695906433,
        "accuracy": 0.8295454545454546,
        "support": 88,
        "True Positives": 73,
        "False Positives": 10,
        "False Negatives": 15,
        "True Negatives": 593
    }
}