{
    "Angry": {
        "precision": 0.6068376068376068,
        "recall": 0.7553191489361702,
        "f1-score": 0.6729857819905213,
        "support": 94.0
    },
    "Contempt": {
        "precision": 0.5967741935483871,
        "recall": 0.42528735632183906,
        "f1-score": 0.4966442953020134,
        "support": 87.0
    },
    "Disgust": {
        "precision": 0.72,
        "recall": 0.574468085106383,
        "f1-score": 0.6390532544378699,
        "support": 94.0
    },
    "Fear": {
        "precision": 0.7540983606557377,
        "recall": 0.7796610169491526,
        "f1-score": 0.7666666666666667,
        "support": 118.0
    },
    "Happiness": {
        "precision": 0.9339622641509434,
        "recall": 1.0,
        "f1-score": 0.9658536585365853,
        "support": 99.0
    },
    "Neutral": {
        "precision": 0.6770833333333334,
        "recall": 0.7738095238095238,
        "f1-score": 0.7222222222222222,
        "support": 84.0
    },
    "Sadness": {
        "precision": 0.8290598290598291,
        "recall": 0.8508771929824561,
        "f1-score": 0.8398268398268398,
        "support": 114.0
    },
    "Surprise": {
        "precision": 0.8795180722891566,
        "recall": 0.8295454545454546,
        "f1-score": 0.8538011695906432,
        "support": 88.0
    },
    "accuracy": 0.7557840616966581,
    "macro avg": {
        "precision": 0.7496667074843743,
        "recall": 0.7486209723313724,
        "f1-score": 0.7446317360716703,
        "support": 778.0
    },
    "weighted avg": {
        "precision": 0.7543359530386008,
        "recall": 0.7557840616966581,
        "f1-score": 0.7508577523242103,
        "support": 778.0
    },
    "overall_accuracy": 75.57840616966581,
    "per_emotion_accuracy": {
        "Angry": 75.53191489361703,
        "Contempt": 42.52873563218391,
        "Disgust": 57.4468085106383,
        "Fear": 77.96610169491525,
        "Happiness": 100.0,
        "Neutral": 77.38095238095238,
        "Sadness": 85.08771929824562,
        "Surprise": 82.95454545454545
    }
}