{
    "Angry": {
        "precision": 0.7473684210526316,
        "recall": 0.7553191489361702,
        "f1-score": 0.7513227513227513,
        "support": 94.0
    },
    "Disgust": {
        "precision": 0.7605633802816901,
        "recall": 0.574468085106383,
        "f1-score": 0.6545454545454545,
        "support": 94.0
    },
    "Fear": {
        "precision": 0.7666666666666667,
        "recall": 0.7796610169491526,
        "f1-score": 0.773109243697479,
        "support": 118.0
    },
    "Happiness": {
        "precision": 0.9705882352941176,
        "recall": 1.0,
        "f1-score": 0.9850746268656716,
        "support": 99.0
    },
    "Neutral": {
        "precision": 0.7831325301204819,
        "recall": 0.7738095238095238,
        "f1-score": 0.7784431137724551,
        "support": 84.0
    },
    "Sadness": {
        "precision": 0.8660714285714286,
        "recall": 0.8508771929824561,
        "f1-score": 0.8584070796460177,
        "support": 114.0
    },
    "Surprise": {
        "precision": 0.8795180722891566,
        "recall": 0.8295454545454546,
        "f1-score": 0.8538011695906432,
        "support": 88.0
    },
    "micro avg": {
        "precision": 0.8273273273273273,
        "recall": 0.7973950795947902,
        "f1-score": 0.8120854826823877,
        "support": 691.0
    },
    "macro avg": {
        "precision": 0.8248441048965962,
        "recall": 0.7948114889041629,
        "f1-score": 0.8078147770629247,
        "support": 691.0
    },
    "weighted avg": {
        "precision": 0.8252002272574814,
        "recall": 0.7973950795947902,
        "f1-score": 0.8093820864372274,
        "support": 691.0
    },
    "overall_accuracy": 79.73950795947901,
    "per_emotion_accuracy": {
        "Angry": 75.53191489361703,
        "Disgust": 57.4468085106383,
        "Fear": 77.96610169491525,
        "Happiness": 100.0,
        "Neutral": 77.38095238095238,
        "Sadness": 85.08771929824562,
        "Surprise": 82.95454545454545
    }
}