model_folder,overall_accuracy,top2_overall_accuracy,accuracy_Angry,top2_accuracy_Angry,nll_Angry,accuracy_Contempt,top2_accuracy_Contempt,nll_Contempt,accuracy_Disgust,top2_accuracy_Disgust,nll_Disgust,accuracy_Fear,top2_accuracy_Fear,nll_Fear,accuracy_Happiness,top2_accuracy_Happiness,nll_Happiness,accuracy_Neutral,top2_accuracy_Neutral,nll_Neutral,accuracy_Sadness,top2_accuracy_Sadness,nll_Sadness,accuracy_Surprise,top2_accuracy_Surprise,nll_Surprise
enet_b0_100W_0M_finetuned_best,81.36246786632391,92.9305912596401,73.40425531914893,100.0,0.6079983614370267,93.10344827586206,100.0,0.2773895070529489,69.14893617021276,81.91489361702128,0.891618878132307,75.42372881355932,93.22033898305085,0.6642906099510522,97.97979797979798,100.0,0.07539962989566093,54.76190476190476,79.76190476190476,1.2719355439034448,89.47368421052632,91.2280701754386,0.4878283135188199,95.45454545454545,96.5909090909091,0.2973210064142635
