{
    "Angry": {
        "precision": 0.6764705882352942,
        "recall": 0.7340425531914894,
        "f1-score": 0.7040816326530612,
        "support": 94.0
    },
    "Contempt": {
        "precision": 0.5126582278481012,
        "recall": 0.9310344827586207,
        "f1-score": 0.6612244897959184,
        "support": 87.0
    },
    "Disgust": {
        "precision": 0.8904109589041096,
        "recall": 0.6914893617021277,
        "f1-score": 0.7784431137724551,
        "support": 94.0
    },
    "Fear": {
        "precision": 0.978021978021978,
        "recall": 0.7542372881355932,
        "f1-score": 0.8516746411483254,
        "support": 118.0
    },
    "Happiness": {
        "precision": 0.9603960396039604,
        "recall": 0.9797979797979798,
        "f1-score": 0.97,
        "support": 99.0
    },
    "Neutral": {
        "precision": 0.9583333333333334,
        "recall": 0.5476190476190477,
        "f1-score": 0.696969696969697,
        "support": 84.0
    },
    "Sadness": {
        "precision": 0.9026548672566371,
        "recall": 0.8947368421052632,
        "f1-score": 0.8986784140969163,
        "support": 114.0
    },
    "Surprise": {
        "precision": 0.9130434782608695,
        "recall": 0.9545454545454546,
        "f1-score": 0.9333333333333333,
        "support": 88.0
    },
    "accuracy": 0.8136246786632391,
    "macro avg": {
        "precision": 0.8489986839330355,
        "recall": 0.810937876231947,
        "f1-score": 0.8118006652212133,
        "support": 778.0
    },
    "weighted avg": {
        "precision": 0.8562010456754336,
        "recall": 0.8136246786632391,
        "f1-score": 0.8181742821562753,
        "support": 778.0
    },
    "overall_accuracy": 81.36246786632391,
    "per_emotion_accuracy": {
        "Angry": 73.40425531914893,
        "Contempt": 93.10344827586206,
        "Disgust": 69.14893617021276,
        "Fear": 75.42372881355932,
        "Happiness": 97.97979797979798,
        "Neutral": 54.76190476190476,
        "Sadness": 89.47368421052632,
        "Surprise": 95.45454545454545
    }
}