{
    "Angry": {
        "precision": 0.696969696969697,
        "recall": 0.7340425531914894,
        "f1-score": 0.7150259067357513,
        "support": 94.0
    },
    "Disgust": {
        "precision": 0.8904109589041096,
        "recall": 0.6914893617021277,
        "f1-score": 0.7784431137724551,
        "support": 94.0
    },
    "Fear": {
        "precision": 0.978021978021978,
        "recall": 0.7542372881355932,
        "f1-score": 0.8516746411483254,
        "support": 118.0
    },
    "Happiness": {
        "precision": 0.97,
        "recall": 0.9797979797979798,
        "f1-score": 0.9748743718592965,
        "support": 99.0
    },
    "Neutral": {
        "precision": 0.9583333333333334,
        "recall": 0.5476190476190477,
        "f1-score": 0.696969696969697,
        "support": 84.0
    },
    "Sadness": {
        "precision": 0.918918918918919,
        "recall": 0.8947368421052632,
        "f1-score": 0.9066666666666666,
        "support": 114.0
    },
    "Surprise": {
        "precision": 0.9130434782608695,
        "recall": 0.9545454545454546,
        "f1-score": 0.9333333333333333,
        "support": 88.0
    },
    "micro avg": {
        "precision": 0.8990228013029316,
        "recall": 0.7988422575976846,
        "f1-score": 0.8459770114942529,
        "support": 691.0
    },
    "macro avg": {
        "precision": 0.9036711949155579,
        "recall": 0.7937812181567079,
        "f1-score": 0.8367125329265035,
        "support": 691.0
    },
    "weighted avg": {
        "precision": 0.9063023992799486,
        "recall": 0.7988422575976846,
        "f1-score": 0.8414400090826802,
        "support": 691.0
    },
    "overall_accuracy": 79.88422575976846,
    "per_emotion_accuracy": {
        "Angry": 73.40425531914893,
        "Disgust": 69.14893617021276,
        "Fear": 75.42372881355932,
        "Happiness": 97.97979797979798,
        "Neutral": 54.76190476190476,
        "Sadness": 89.47368421052632,
        "Surprise": 95.45454545454545
    }
}