{
    "overall": {
        "accuracy": 0.8136246786632391,
        "macro avg": {
            "precision": 0.8489986839330355,
            "recall": 0.810937876231947,
            "f1-score": 0.8118006652212133,
            "support": 778
        },
        "weighted avg": {
            "precision": 0.8562010456754336,
            "recall": 0.8136246786632391,
            "f1-score": 0.8181742821562753,
            "support": 778
        }
    },
    "per_class": {},
    "Angry": {
        "precision": 0.6764705882352942,
        "recall": 0.7340425531914894,
        "f1-score": 0.7040816326530612,
        "accuracy": 0.7340425531914894,
        "support": 94,
        "tp": 69,
        "fp": 33,
        "fn": 25,
        "tn": 651
    },
    "Contempt": {
        "precision": 0.5126582278481012,
        "recall": 0.9310344827586207,
        "f1-score": 0.6612244897959183,
        "accuracy": 0.9310344827586207,
        "support": 87,
        "tp": 81,
        "fp": 77,
        "fn": 6,
        "tn": 614
    },
    "Disgust": {
        "precision": 0.8904109589041096,
        "recall": 0.6914893617021277,
        "f1-score": 0.7784431137724552,
        "accuracy": 0.6914893617021277,
        "support": 94,
        "tp": 65,
        "fp": 8,
        "fn": 29,
        "tn": 676
    },
    "Fear": {
        "precision": 0.978021978021978,
        "recall": 0.7542372881355932,
        "f1-score": 0.8516746411483254,
        "accuracy": 0.7542372881355932,
        "support": 118,
        "tp": 89,
        "fp": 2,
        "fn": 29,
        "tn": 658
    },
    "Happiness": {
        "precision": 0.9603960396039604,
        "recall": 0.9797979797979798,
        "f1-score": 0.9700000000000001,
        "accuracy": 0.9797979797979798,
        "support": 99,
        "tp": 97,
        "fp": 4,
        "fn": 2,
        "tn": 675
    },
    "Neutral": {
        "precision": 0.9583333333333334,
        "recall": 0.5476190476190477,
        "f1-score": 0.696969696969697,
        "accuracy": 0.5476190476190477,
        "support": 84,
        "tp": 46,
        "fp": 2,
        "fn": 38,
        "tn": 692
    },
    "Sadness": {
        "precision": 0.9026548672566371,
        "recall": 0.8947368421052632,
        "f1-score": 0.8986784140969163,
        "accuracy": 0.8947368421052632,
        "support": 114,
        "tp": 102,
        "fp": 11,
        "fn": 12,
        "tn": 653
    },
    "Surprise": {
        "precision": 0.9130434782608695,
        "recall": 0.9545454545454546,
        "f1-score": 0.9333333333333332,
        "accuracy": 0.9545454545454546,
        "support": 88,
        "tp": 84,
        "fp": 8,
        "fn": 4,
        "tn": 682
    }
}