model_folder,overall_accuracy,top2_overall_accuracy,accuracy_Angry,top2_accuracy_Angry,nll_Angry,accuracy_Contempt,top2_accuracy_Contempt,nll_Contempt,accuracy_Disgust,top2_accuracy_Disgust,nll_Disgust,accuracy_Fear,top2_accuracy_Fear,nll_Fear,accuracy_Happiness,top2_accuracy_Happiness,nll_Happiness,accuracy_Neutral,top2_accuracy_Neutral,nll_Neutral,accuracy_Sadness,top2_accuracy_Sadness,nll_Sadness,accuracy_Surprise,top2_accuracy_Surprise,nll_Surprise
enet_b0_100M_25W_fine_best_val,62.853470437018,80.0771208226221,68.08510638297872,86.17021276595744,0.8922293513141414,11.494252873563218,42.52873563218391,2.2893472841416282,34.04255319148936,57.4468085106383,1.821276134296142,66.10169491525424,83.05084745762711,0.9916366176143036,100.0,100.0,0.055961916195975354,63.095238095238095,82.14285714285714,0.9878536046793064,68.42105263157895,88.59649122807018,0.6827291251066255,85.22727272727273,95.45454545454545,0.5652948643334887
