{
    "Angry": {
        "precision": 0.6530612244897959,
        "recall": 0.6808510638297872,
        "f1-score": 0.6666666666666666,
        "support": 94.0
    },
    "Disgust": {
        "precision": 0.7804878048780488,
        "recall": 0.3404255319148936,
        "f1-score": 0.4740740740740741,
        "support": 94.0
    },
    "Fear": {
        "precision": 0.7959183673469388,
        "recall": 0.6610169491525424,
        "f1-score": 0.7222222222222222,
        "support": 118.0
    },
    "Happiness": {
        "precision": 0.8918918918918919,
        "recall": 1.0,
        "f1-score": 0.9428571428571428,
        "support": 99.0
    },
    "Neutral": {
        "precision": 0.38405797101449274,
        "recall": 0.6309523809523809,
        "f1-score": 0.4774774774774775,
        "support": 84.0
    },
    "Sadness": {
        "precision": 0.8571428571428571,
        "recall": 0.6842105263157895,
        "f1-score": 0.7609756097560976,
        "support": 114.0
    },
    "Surprise": {
        "precision": 0.8241758241758241,
        "recall": 0.8522727272727273,
        "f1-score": 0.8379888268156425,
        "support": 88.0
    },
    "micro avg": {
        "precision": 0.7170658682634731,
        "recall": 0.6931982633863966,
        "f1-score": 0.7049300956585725,
        "support": 691.0
    },
    "macro avg": {
        "precision": 0.7409622772771213,
        "recall": 0.6928184542054457,
        "f1-score": 0.6974660028384748,
        "support": 691.0
    },
    "weighted avg": {
        "precision": 0.7517683085554112,
        "recall": 0.6931982633863966,
        "f1-score": 0.7039031163166263,
        "support": 691.0
    },
    "overall_accuracy": 69.31982633863966,
    "per_emotion_accuracy": {
        "Angry": 68.08510638297872,
        "Disgust": 34.04255319148936,
        "Fear": 66.10169491525424,
        "Happiness": 100.0,
        "Neutral": 63.095238095238095,
        "Sadness": 68.42105263157895,
        "Surprise": 85.22727272727273
    }
}