{
    "Angry": {
        "precision": 0.48854961832061067,
        "recall": 0.6808510638297872,
        "f1-score": 0.5688888888888889,
        "support": 94.0
    },
    "Contempt": {
        "precision": 0.30303030303030304,
        "recall": 0.11494252873563218,
        "f1-score": 0.16666666666666666,
        "support": 87.0
    },
    "Disgust": {
        "precision": 0.7619047619047619,
        "recall": 0.3404255319148936,
        "f1-score": 0.47058823529411764,
        "support": 94.0
    },
    "Fear": {
        "precision": 0.7878787878787878,
        "recall": 0.6610169491525424,
        "f1-score": 0.7188940092165899,
        "support": 118.0
    },
    "Happiness": {
        "precision": 0.853448275862069,
        "recall": 1.0,
        "f1-score": 0.9209302325581395,
        "support": 99.0
    },
    "Neutral": {
        "precision": 0.30994152046783624,
        "recall": 0.6309523809523809,
        "f1-score": 0.41568627450980394,
        "support": 84.0
    },
    "Sadness": {
        "precision": 0.8210526315789474,
        "recall": 0.6842105263157895,
        "f1-score": 0.7464114832535885,
        "support": 114.0
    },
    "Surprise": {
        "precision": 0.8241758241758241,
        "recall": 0.8522727272727273,
        "f1-score": 0.8379888268156425,
        "support": 88.0
    },
    "accuracy": 0.62853470437018,
    "macro avg": {
        "precision": 0.6437477154023925,
        "recall": 0.6205839635217192,
        "f1-score": 0.6057568271504297,
        "support": 778.0
    },
    "weighted avg": {
        "precision": 0.6600642475985011,
        "recall": 0.62853470437018,
        "f1-score": 0.6194910137448909,
        "support": 778.0
    },
    "overall_accuracy": 62.853470437018,
    "per_emotion_accuracy": {
        "Angry": 68.08510638297872,
        "Contempt": 11.494252873563218,
        "Disgust": 34.04255319148936,
        "Fear": 66.10169491525424,
        "Happiness": 100.0,
        "Neutral": 63.095238095238095,
        "Sadness": 68.42105263157895,
        "Surprise": 85.22727272727273
    }
}