{
    "overall": {
        "accuracy": 0.6931982633863966,
        "macro avg": {
            "precision": 0.7409622772771213,
            "recall": 0.6928184542054457,
            "f1-score": 0.6974660028384747,
            "support": 691
        },
        "weighted avg": {
            "precision": 0.7517683085554112,
            "recall": 0.6931982633863966,
            "f1-score": 0.7039031163166263,
            "support": 691
        }
    },
    "Angry": {
        "precision": 0.6530612244897959,
        "recall": 0.6808510638297872,
        "f1-score": 0.6666666666666666,
        "accuracy": 0.6808510638297872,
        "support": 94,
        "True Positives": 64,
        "False Positives": 34,
        "False Negatives": 30,
        "True Negatives": 563
    },
    "Disgust": {
        "precision": 0.7804878048780488,
        "recall": 0.3404255319148936,
        "f1-score": 0.47407407407407404,
        "accuracy": 0.3404255319148936,
        "support": 94,
        "True Positives": 32,
        "False Positives": 9,
        "False Negatives": 62,
        "True Negatives": 588
    },
    "Fear": {
        "precision": 0.7959183673469388,
        "recall": 0.6610169491525424,
        "f1-score": 0.7222222222222222,
        "accuracy": 0.6610169491525424,
        "support": 118,
        "True Positives": 78,
        "False Positives": 20,
        "False Negatives": 40,
        "True Negatives": 553
    },
    "Happiness": {
        "precision": 0.8918918918918919,
        "recall": 1.0,
        "f1-score": 0.9428571428571428,
        "accuracy": 1.0,
        "support": 99,
        "True Positives": 99,
        "False Positives": 12,
        "False Negatives": 0,
        "True Negatives": 580
    },
    "Neutral": {
        "precision": 0.38405797101449274,
        "recall": 0.6309523809523809,
        "f1-score": 0.4774774774774775,
        "accuracy": 0.6309523809523809,
        "support": 84,
        "True Positives": 53,
        "False Positives": 85,
        "False Negatives": 31,
        "True Negatives": 522
    },
    "Sadness": {
        "precision": 0.8571428571428571,
        "recall": 0.6842105263157895,
        "f1-score": 0.7609756097560976,
        "accuracy": 0.6842105263157895,
        "support": 114,
        "True Positives": 78,
        "False Positives": 13,
        "False Negatives": 36,
        "True Negatives": 564
    },
    "Surprise": {
        "precision": 0.8241758241758241,
        "recall": 0.8522727272727273,
        "f1-score": 0.8379888268156425,
        "accuracy": 0.8522727272727273,
        "support": 88,
        "True Positives": 75,
        "False Positives": 16,
        "False Negatives": 13,
        "True Negatives": 587
    }
}