model_folder,overall_accuracy,top2_overall_accuracy,accuracy_Angry,top2_accuracy_Angry,nll_Angry,accuracy_Contempt,top2_accuracy_Contempt,nll_Contempt,accuracy_Disgust,top2_accuracy_Disgust,nll_Disgust,accuracy_Fear,top2_accuracy_Fear,nll_Fear,accuracy_Happiness,top2_accuracy_Happiness,nll_Happiness,accuracy_Neutral,top2_accuracy_Neutral,nll_Neutral,accuracy_Sadness,top2_accuracy_Sadness,nll_Sadness,accuracy_Surprise,top2_accuracy_Surprise,nll_Surprise
Epoch 15,35.3048940068045,54.09578644333944,35.25345622119816,53.68663594470046,2.216967356187038,,,,11.27450980392157,19.11764705882353,4.6707725478153606,35.83061889250814,55.04885993485342,2.2959405024597954,58.39662447257384,74.51476793248945,1.5770629090380397,19.264705882352942,37.05882352941177,3.3811545752648646,26.778242677824267,47.07112970711297,2.723031402805189,27.051671732522795,68.9969604863222,2.269569255932132
