{
    "Angry": {
        "precision": 0.31097560975609756,
        "recall": 0.35253456221198154,
        "f1-score": 0.3304535637149028,
        "support": 434.0
    },
    "Contempt": {
        "precision": 0.0,
        "recall": 0.0,
        "f1-score": 0.0,
        "support": 0.0
    },
    "Disgust": {
        "precision": 0.19008264462809918,
        "recall": 0.11274509803921569,
        "f1-score": 0.14153846153846153,
        "support": 408.0
    },
    "Fear": {
        "precision": 0.12222222222222222,
        "recall": 0.3583061889250814,
        "f1-score": 0.18227009113504558,
        "support": 307.0
    },
    "Happiness": {
        "precision": 0.7134020618556701,
        "recall": 0.5839662447257384,
        "f1-score": 0.6422273781902552,
        "support": 1185.0
    },
    "Neutral": {
        "precision": 0.2937219730941704,
        "recall": 0.19264705882352942,
        "f1-score": 0.23268206039076378,
        "support": 680.0
    },
    "Sadness": {
        "precision": 0.47232472324723246,
        "recall": 0.26778242677824265,
        "f1-score": 0.3417890520694259,
        "support": 478.0
    },
    "Surprise": {
        "precision": 0.30584192439862545,
        "recall": 0.270516717325228,
        "f1-score": 0.2870967741935484,
        "support": 329.0
    },
    "accuracy": 0.353048940068045,
    "macro avg": {
        "precision": 0.3010713949002647,
        "recall": 0.26731228710362714,
        "f1-score": 0.2697571726540504,
        "support": 3821.0
    },
    "weighted avg": {
        "precision": 0.4243771137678521,
        "recall": 0.353048940068045,
        "f1-score": 0.37535061679101117,
        "support": 3821.0
    }
}