{
    "overall": {
        "accuracy": 0.7785817655571635,
        "macro avg": {
            "precision": 0.8087310026755673,
            "recall": 0.7856895424430382,
            "f1-score": 0.7801787597986244,
            "support": 691
        },
        "weighted avg": {
            "precision": 0.8175805077963351,
            "recall": 0.7785817655571635,
            "f1-score": 0.7817224383184176,
            "support": 691
        }
    },
    "per_class": {},
    "Angry": {
        "precision": 0.9344262295081968,
        "recall": 0.6063829787234043,
        "f1-score": 0.7354838709677419,
        "accuracy": 0.6063829787234043,
        "support": 94,
        "tp": 57,
        "fp": 4,
        "fn": 37,
        "tn": 593
    },
    "Disgust": {
        "precision": 0.7625,
        "recall": 0.648936170212766,
        "f1-score": 0.7011494252873564,
        "accuracy": 0.648936170212766,
        "support": 94,
        "tp": 61,
        "fp": 19,
        "fn": 33,
        "tn": 578
    },
    "Fear": {
        "precision": 0.8333333333333334,
        "recall": 0.5932203389830508,
        "f1-score": 0.6930693069306931,
        "accuracy": 0.5932203389830508,
        "support": 118,
        "tp": 70,
        "fp": 14,
        "fn": 48,
        "tn": 559
    },
    "Happiness": {
        "precision": 0.99,
        "recall": 1.0,
        "f1-score": 0.9949748743718593,
        "accuracy": 1.0,
        "support": 99,
        "tp": 99,
        "fp": 1,
        "fn": 0,
        "tn": 591
    },
    "Neutral": {
        "precision": 0.6379310344827587,
        "recall": 0.8809523809523809,
        "f1-score": 0.7400000000000001,
        "accuracy": 0.8809523809523809,
        "support": 84,
        "tp": 74,
        "fp": 42,
        "fn": 10,
        "tn": 565
    },
    "Sadness": {
        "precision": 0.8942307692307693,
        "recall": 0.8157894736842105,
        "f1-score": 0.8532110091743119,
        "accuracy": 0.8157894736842105,
        "support": 114,
        "tp": 93,
        "fp": 11,
        "fn": 21,
        "tn": 566
    },
    "Surprise": {
        "precision": 0.6086956521739131,
        "recall": 0.9545454545454546,
        "f1-score": 0.7433628318584071,
        "accuracy": 0.9545454545454546,
        "support": 88,
        "tp": 84,
        "fp": 54,
        "fn": 4,
        "tn": 549
    }
}