model_folder,overall_accuracy,top2_overall_accuracy,accuracy_Angry,top2_accuracy_Angry,nll_Angry,accuracy_Contempt,top2_accuracy_Contempt,nll_Contempt,accuracy_Disgust,top2_accuracy_Disgust,nll_Disgust,accuracy_Fear,top2_accuracy_Fear,nll_Fear,accuracy_Happiness,top2_accuracy_Happiness,nll_Happiness,accuracy_Neutral,top2_accuracy_Neutral,nll_Neutral,accuracy_Sadness,top2_accuracy_Sadness,nll_Sadness,accuracy_Surprise,top2_accuracy_Surprise,nll_Surprise
enet_b0_100M_50W_fine_best_val,64.0931693274012,84.50667364564251,36.175115207373274,80.18433179723502,1.4804369994731028,,,,60.294117647058826,72.05882352941177,1.267567776043114,46.25407166123779,64.16938110749186,1.6409752922381369,76.87763713080169,92.82700421940929,0.6223930017541522,64.70588235294117,88.23529411764706,1.0077458770726533,72.59414225941423,88.28451882845188,0.7828855412002949,62.61398176291793,81.45896656534954,1.066014054992822
