{
    "Angry": {
        "precision": 0.6977777777777778,
        "recall": 0.3617511520737327,
        "f1-score": 0.4764795144157815,
        "support": 434.0
    },
    "Disgust": {
        "precision": 0.3738601823708207,
        "recall": 0.6029411764705882,
        "f1-score": 0.46153846153846156,
        "support": 408.0
    },
    "Fear": {
        "precision": 0.6794258373205742,
        "recall": 0.46254071661237783,
        "f1-score": 0.5503875968992248,
        "support": 307.0
    },
    "Happiness": {
        "precision": 0.8506069094304388,
        "recall": 0.7687763713080169,
        "f1-score": 0.8076241134751773,
        "support": 1185.0
    },
    "Neutral": {
        "precision": 0.7017543859649122,
        "recall": 0.6470588235294118,
        "f1-score": 0.6732976281560826,
        "support": 680.0
    },
    "Sadness": {
        "precision": 0.701010101010101,
        "recall": 0.7259414225941423,
        "f1-score": 0.7132579650565262,
        "support": 478.0
    },
    "Surprise": {
        "precision": 0.64576802507837,
        "recall": 0.6261398176291794,
        "f1-score": 0.6358024691358025,
        "support": 329.0
    },
    "micro avg": {
        "precision": 0.6795227524972253,
        "recall": 0.640931693274012,
        "f1-score": 0.6596632996632996,
        "support": 3821.0
    },
    "macro avg": {
        "precision": 0.6643147455647135,
        "recall": 0.5993070686024928,
        "f1-score": 0.6169125355252938,
        "support": 3821.0
    },
    "weighted avg": {
        "precision": 0.7057463807079531,
        "recall": 0.640931693274012,
        "f1-score": 0.6618848665451775,
        "support": 3821.0
    },
    "overall_accuracy": 64.0931693274012,
    "per_emotion_accuracy": {
        "Angry": 36.175115207373274,
        "Disgust": 60.294117647058826,
        "Fear": 46.25407166123779,
        "Happiness": 76.87763713080169,
        "Neutral": 64.70588235294117,
        "Sadness": 72.59414225941423,
        "Surprise": 62.61398176291793
    }
}