model_folder,overall_accuracy,top2_overall_accuracy,accuracy_Angry,top2_accuracy_Angry,nll_Angry,accuracy_Contempt,top2_accuracy_Contempt,nll_Contempt,accuracy_Disgust,top2_accuracy_Disgust,nll_Disgust,accuracy_Fear,top2_accuracy_Fear,nll_Fear,accuracy_Happiness,top2_accuracy_Happiness,nll_Happiness,accuracy_Neutral,top2_accuracy_Neutral,nll_Neutral,accuracy_Sadness,top2_accuracy_Sadness,nll_Sadness,accuracy_Surprise,top2_accuracy_Surprise,nll_Surprise
enet_b0_100W_25M_fine_best_val,61.311053984575835,78.66323907455013,78.72340425531915,90.42553191489361,0.7050567693374259,13.793103448275861,50.57471264367816,2.1234723559056206,28.72340425531915,53.191489361702125,1.911389089883008,60.16949152542373,83.05084745762711,1.074913413595345,100.0,100.0,0.02100839328906856,36.904761904761905,59.523809523809526,1.6339588337356137,75.43859649122807,89.47368421052632,0.5814315210200699,87.5,95.45454545454545,0.5153580314310436
