{
    "Angry": {
        "precision": 0.4805194805194805,
        "recall": 0.7872340425531915,
        "f1-score": 0.5967741935483871,
        "support": 94.0
    },
    "Contempt": {
        "precision": 0.20689655172413793,
        "recall": 0.13793103448275862,
        "f1-score": 0.16551724137931034,
        "support": 87.0
    },
    "Disgust": {
        "precision": 0.75,
        "recall": 0.2872340425531915,
        "f1-score": 0.4153846153846154,
        "support": 94.0
    },
    "Fear": {
        "precision": 0.7888888888888889,
        "recall": 0.6016949152542372,
        "f1-score": 0.6826923076923077,
        "support": 118.0
    },
    "Happiness": {
        "precision": 0.8461538461538461,
        "recall": 1.0,
        "f1-score": 0.9166666666666666,
        "support": 99.0
    },
    "Neutral": {
        "precision": 0.26495726495726496,
        "recall": 0.36904761904761907,
        "f1-score": 0.30845771144278605,
        "support": 84.0
    },
    "Sadness": {
        "precision": 0.7962962962962963,
        "recall": 0.7543859649122807,
        "f1-score": 0.7747747747747747,
        "support": 114.0
    },
    "Surprise": {
        "precision": 0.7857142857142857,
        "recall": 0.875,
        "f1-score": 0.8279569892473119,
        "support": 88.0
    },
    "accuracy": 0.6131105398457584,
    "macro avg": {
        "precision": 0.614928326781775,
        "recall": 0.6015659523504098,
        "f1-score": 0.58602806251702,
        "support": 778.0
    },
    "weighted avg": {
        "precision": 0.6332956246837995,
        "recall": 0.6131105398457584,
        "f1-score": 0.601472503196242,
        "support": 778.0
    },
    "overall_accuracy": 61.311053984575835,
    "per_emotion_accuracy": {
        "Angry": 78.72340425531915,
        "Contempt": 13.793103448275861,
        "Disgust": 28.72340425531915,
        "Fear": 60.16949152542373,
        "Happiness": 100.0,
        "Neutral": 36.904761904761905,
        "Sadness": 75.43859649122807,
        "Surprise": 87.5
    }
}