{
    "Angry": {
        "precision": 0.6271186440677966,
        "recall": 0.7872340425531915,
        "f1-score": 0.6981132075471698,
        "support": 94.0
    },
    "Disgust": {
        "precision": 0.7714285714285715,
        "recall": 0.2872340425531915,
        "f1-score": 0.4186046511627907,
        "support": 94.0
    },
    "Fear": {
        "precision": 0.797752808988764,
        "recall": 0.6016949152542372,
        "f1-score": 0.6859903381642513,
        "support": 118.0
    },
    "Happiness": {
        "precision": 0.8839285714285714,
        "recall": 1.0,
        "f1-score": 0.9383886255924171,
        "support": 99.0
    },
    "Neutral": {
        "precision": 0.34444444444444444,
        "recall": 0.36904761904761907,
        "f1-score": 0.3563218390804598,
        "support": 84.0
    },
    "Sadness": {
        "precision": 0.8349514563106796,
        "recall": 0.7543859649122807,
        "f1-score": 0.7926267281105991,
        "support": 114.0
    },
    "Surprise": {
        "precision": 0.7857142857142857,
        "recall": 0.875,
        "f1-score": 0.8279569892473119,
        "support": 88.0
    },
    "micro avg": {
        "precision": 0.7209302325581395,
        "recall": 0.6729377713458755,
        "f1-score": 0.6961077844311377,
        "support": 691.0
    },
    "macro avg": {
        "precision": 0.7207626831975876,
        "recall": 0.6677995120457886,
        "f1-score": 0.6740003398435713,
        "support": 691.0
    },
    "weighted avg": {
        "precision": 0.7328044208167427,
        "recall": 0.6729377713458755,
        "f1-score": 0.6830238916018777,
        "support": 691.0
    },
    "overall_accuracy": 67.29377713458756,
    "per_emotion_accuracy": {
        "Angry": 78.72340425531915,
        "Disgust": 28.72340425531915,
        "Fear": 60.16949152542373,
        "Happiness": 100.0,
        "Neutral": 36.904761904761905,
        "Sadness": 75.43859649122807,
        "Surprise": 87.5
    }
}