{
    "overall": {
        "accuracy": 0.6131105398457584,
        "macro avg": {
            "precision": 0.614928326781775,
            "recall": 0.6015659523504098,
            "f1-score": 0.58602806251702,
            "support": 778
        },
        "weighted avg": {
            "precision": 0.6332956246837995,
            "recall": 0.6131105398457584,
            "f1-score": 0.601472503196242,
            "support": 778
        }
    },
    "Angry": {
        "precision": 0.4805194805194805,
        "recall": 0.7872340425531915,
        "f1-score": 0.5967741935483871,
        "accuracy": 0.7872340425531915,
        "support": 94,
        "True Positives": 74,
        "False Positives": 80,
        "False Negatives": 20,
        "True Negatives": 604
    },
    "Contempt": {
        "precision": 0.20689655172413793,
        "recall": 0.13793103448275862,
        "f1-score": 0.16551724137931034,
        "accuracy": 0.13793103448275862,
        "support": 87,
        "True Positives": 12,
        "False Positives": 46,
        "False Negatives": 75,
        "True Negatives": 645
    },
    "Disgust": {
        "precision": 0.75,
        "recall": 0.2872340425531915,
        "f1-score": 0.41538461538461546,
        "accuracy": 0.2872340425531915,
        "support": 94,
        "True Positives": 27,
        "False Positives": 9,
        "False Negatives": 67,
        "True Negatives": 675
    },
    "Fear": {
        "precision": 0.7888888888888889,
        "recall": 0.6016949152542372,
        "f1-score": 0.6826923076923076,
        "accuracy": 0.6016949152542372,
        "support": 118,
        "True Positives": 71,
        "False Positives": 19,
        "False Negatives": 47,
        "True Negatives": 641
    },
    "Happiness": {
        "precision": 0.8461538461538461,
        "recall": 1.0,
        "f1-score": 0.9166666666666666,
        "accuracy": 1.0,
        "support": 99,
        "True Positives": 99,
        "False Positives": 18,
        "False Negatives": 0,
        "True Negatives": 661
    },
    "Neutral": {
        "precision": 0.26495726495726496,
        "recall": 0.36904761904761907,
        "f1-score": 0.3084577114427861,
        "accuracy": 0.36904761904761907,
        "support": 84,
        "True Positives": 31,
        "False Positives": 86,
        "False Negatives": 53,
        "True Negatives": 608
    },
    "Sadness": {
        "precision": 0.7962962962962963,
        "recall": 0.7543859649122807,
        "f1-score": 0.7747747747747747,
        "accuracy": 0.7543859649122807,
        "support": 114,
        "True Positives": 86,
        "False Positives": 22,
        "False Negatives": 28,
        "True Negatives": 642
    },
    "Surprise": {
        "precision": 0.7857142857142857,
        "recall": 0.875,
        "f1-score": 0.8279569892473119,
        "accuracy": 0.875,
        "support": 88,
        "True Positives": 77,
        "False Positives": 21,
        "False Negatives": 11,
        "True Negatives": 669
    }
}