{
    "Angry": {
        "precision": 0.6712328767123288,
        "recall": 0.45161290322580644,
        "f1-score": 0.5399449035812672,
        "support": 434.0
    },
    "Contempt": {
        "precision": 0.0,
        "recall": 0.0,
        "f1-score": 0.0,
        "support": 0.0
    },
    "Disgust": {
        "precision": 0.4107744107744108,
        "recall": 0.5980392156862745,
        "f1-score": 0.4870259481037924,
        "support": 408.0
    },
    "Fear": {
        "precision": 0.6277056277056277,
        "recall": 0.4723127035830619,
        "f1-score": 0.5390334572490706,
        "support": 307.0
    },
    "Happiness": {
        "precision": 0.8687258687258688,
        "recall": 0.759493670886076,
        "f1-score": 0.8104457451598379,
        "support": 1185.0
    },
    "Neutral": {
        "precision": 0.7334710743801653,
        "recall": 0.5220588235294118,
        "f1-score": 0.6099656357388317,
        "support": 680.0
    },
    "Sadness": {
        "precision": 0.6976284584980237,
        "recall": 0.7384937238493724,
        "f1-score": 0.717479674796748,
        "support": 478.0
    },
    "Surprise": {
        "precision": 0.5558375634517766,
        "recall": 0.6656534954407295,
        "f1-score": 0.6058091286307054,
        "support": 329.0
    },
    "accuracy": 0.6312483643025386,
    "macro avg": {
        "precision": 0.5706719850310251,
        "recall": 0.5259580670250915,
        "f1-score": 0.5387130616575316,
        "support": 3821.0
    },
    "weighted avg": {
        "precision": 0.7056147873203598,
        "recall": 0.6312483643025386,
        "f1-score": 0.6584525711973942,
        "support": 3821.0
    }
}