{
    "Angry": {
        "precision": 0.5481481481481482,
        "recall": 0.17050691244239632,
        "f1-score": 0.2601054481546573,
        "support": 434.0
    },
    "Disgust": {
        "precision": 0.2622641509433962,
        "recall": 0.6813725490196079,
        "f1-score": 0.3787465940054496,
        "support": 408.0
    },
    "Fear": {
        "precision": 0.5866666666666667,
        "recall": 0.42996742671009774,
        "f1-score": 0.49624060150375937,
        "support": 307.0
    },
    "Happiness": {
        "precision": 0.9499036608863198,
        "recall": 0.4160337552742616,
        "f1-score": 0.5786384976525821,
        "support": 1185.0
    },
    "Neutral": {
        "precision": 0.5415821501014199,
        "recall": 0.3926470588235294,
        "f1-score": 0.45524296675191817,
        "support": 680.0
    },
    "Sadness": {
        "precision": 0.6536697247706422,
        "recall": 0.5962343096234309,
        "f1-score": 0.6236323851203501,
        "support": 478.0
    },
    "Surprise": {
        "precision": 0.3876500857632933,
        "recall": 0.6869300911854104,
        "f1-score": 0.4956140350877193,
        "support": 329.0
    },
    "micro avg": {
        "precision": 0.5085482468849609,
        "recall": 0.4593038471604292,
        "f1-score": 0.48267326732673266,
        "support": 3821.0
    },
    "macro avg": {
        "precision": 0.5614120838971265,
        "recall": 0.48195601472553345,
        "f1-score": 0.46974578975377657,
        "support": 3821.0
    },
    "weighted avg": {
        "precision": 0.6435251095063108,
        "recall": 0.4593038471604292,
        "f1-score": 0.4910142303732008,
        "support": 3821.0
    },
    "overall_accuracy": 45.93038471604292,
    "per_emotion_accuracy": {
        "Angry": 17.05069124423963,
        "Disgust": 68.13725490196079,
        "Fear": 42.99674267100977,
        "Happiness": 41.60337552742616,
        "Neutral": 39.26470588235294,
        "Sadness": 59.62343096234309,
        "Surprise": 68.69300911854103
    }
}