{
    "overall": {
        "accuracy": 0.4593038471604292,
        "macro avg": {
            "precision": 0.5614120838971265,
            "recall": 0.48195601472553345,
            "f1-score": 0.46974578975377657,
            "support": 3821
        },
        "weighted avg": {
            "precision": 0.6435251095063108,
            "recall": 0.4593038471604292,
            "f1-score": 0.4910142303732008,
            "support": 3821
        }
    },
    "per_class": {},
    "Angry": {
        "precision": 0.5481481481481482,
        "recall": 0.17050691244239632,
        "f1-score": 0.2601054481546573,
        "accuracy": 0.17050691244239632,
        "support": 434,
        "tp": 74,
        "fp": 61,
        "fn": 360,
        "tn": 3326
    },
    "Disgust": {
        "precision": 0.2622641509433962,
        "recall": 0.6813725490196079,
        "f1-score": 0.3787465940054496,
        "accuracy": 0.6813725490196079,
        "support": 408,
        "tp": 278,
        "fp": 782,
        "fn": 130,
        "tn": 2631
    },
    "Fear": {
        "precision": 0.5866666666666667,
        "recall": 0.42996742671009774,
        "f1-score": 0.4962406015037594,
        "accuracy": 0.42996742671009774,
        "support": 307,
        "tp": 132,
        "fp": 93,
        "fn": 175,
        "tn": 3421
    },
    "Happiness": {
        "precision": 0.9499036608863198,
        "recall": 0.4160337552742616,
        "f1-score": 0.5786384976525821,
        "accuracy": 0.4160337552742616,
        "support": 1185,
        "tp": 493,
        "fp": 26,
        "fn": 692,
        "tn": 2610
    },
    "Neutral": {
        "precision": 0.5415821501014199,
        "recall": 0.3926470588235294,
        "f1-score": 0.4552429667519181,
        "accuracy": 0.3926470588235294,
        "support": 680,
        "tp": 267,
        "fp": 226,
        "fn": 413,
        "tn": 2915
    },
    "Sadness": {
        "precision": 0.6536697247706422,
        "recall": 0.5962343096234309,
        "f1-score": 0.6236323851203501,
        "accuracy": 0.5962343096234309,
        "support": 478,
        "tp": 285,
        "fp": 151,
        "fn": 193,
        "tn": 3192
    },
    "Surprise": {
        "precision": 0.3876500857632933,
        "recall": 0.6869300911854104,
        "f1-score": 0.4956140350877192,
        "accuracy": 0.6869300911854104,
        "support": 329,
        "tp": 226,
        "fp": 357,
        "fn": 103,
        "tn": 3135
    }
}