{
    "Angry": {
        "precision": 0.580952380952381,
        "recall": 0.14055299539170507,
        "f1-score": 0.22634508348794063,
        "support": 434.0
    },
    "Contempt": {
        "precision": 0.0,
        "recall": 0.0,
        "f1-score": 0.0,
        "support": 0.0
    },
    "Disgust": {
        "precision": 0.27655310621242485,
        "recall": 0.6764705882352942,
        "f1-score": 0.39260312944523473,
        "support": 408.0
    },
    "Fear": {
        "precision": 0.5954545454545455,
        "recall": 0.42671009771986973,
        "f1-score": 0.4971537001897533,
        "support": 307.0
    },
    "Happiness": {
        "precision": 0.9482142857142857,
        "recall": 0.4481012658227848,
        "f1-score": 0.6085959885386819,
        "support": 1185.0
    },
    "Neutral": {
        "precision": 0.5566037735849056,
        "recall": 0.4338235294117647,
        "f1-score": 0.48760330578512395,
        "support": 680.0
    },
    "Sadness": {
        "precision": 0.6495726495726496,
        "recall": 0.6359832635983264,
        "f1-score": 0.642706131078224,
        "support": 478.0
    },
    "Surprise": {
        "precision": 0.3877551020408163,
        "recall": 0.6930091185410334,
        "f1-score": 0.49727371864776443,
        "support": 329.0
    },
    "accuracy": 0.47788537032190526,
    "macro avg": {
        "precision": 0.4993882304415011,
        "recall": 0.43183135734009725,
        "f1-score": 0.4190351321465904,
        "support": 3821.0
    },
    "weighted avg": {
        "precision": 0.6511288133469948,
        "recall": 0.47788537032190526,
        "f1-score": 0.5063112032055495,
        "support": 3821.0
    }
}