{
    "Angry": {
        "precision": 0.6840579710144927,
        "recall": 0.543778801843318,
        "f1-score": 0.6059050064184852,
        "support": 434.0
    },
    "Contempt": {
        "precision": 0.0,
        "recall": 0.0,
        "f1-score": 0.0,
        "support": 0.0
    },
    "Disgust": {
        "precision": 0.44036697247706424,
        "recall": 0.5882352941176471,
        "f1-score": 0.5036726128016789,
        "support": 408.0
    },
    "Fear": {
        "precision": 0.6171875,
        "recall": 0.5146579804560261,
        "f1-score": 0.5612788632326821,
        "support": 307.0
    },
    "Happiness": {
        "precision": 0.866913123844732,
        "recall": 0.7915611814345992,
        "f1-score": 0.827525363917071,
        "support": 1185.0
    },
    "Neutral": {
        "precision": 0.7314974182444062,
        "recall": 0.625,
        "f1-score": 0.6740681998413958,
        "support": 680.0
    },
    "Sadness": {
        "precision": 0.7591743119266054,
        "recall": 0.6924686192468619,
        "f1-score": 0.7242888402625821,
        "support": 478.0
    },
    "Surprise": {
        "precision": 0.6127167630057804,
        "recall": 0.6443768996960486,
        "f1-score": 0.6281481481481481,
        "support": 329.0
    },
    "accuracy": 0.6647474483119602,
    "macro avg": {
        "precision": 0.5889892575641351,
        "recall": 0.5500098470993127,
        "f1-score": 0.5656108793277554,
        "support": 3821.0
    },
    "weighted avg": {
        "precision": 0.7210695836123933,
        "recall": 0.6647474483119602,
        "f1-score": 0.688989413331922,
        "support": 3821.0
    }
}