model_folder,overall_accuracy,top2_overall_accuracy,accuracy_Angry,top2_accuracy_Angry,nll_Angry,accuracy_Contempt,top2_accuracy_Contempt,nll_Contempt,accuracy_Disgust,top2_accuracy_Disgust,nll_Disgust,accuracy_Fear,top2_accuracy_Fear,nll_Fear,accuracy_Happiness,top2_accuracy_Happiness,nll_Happiness,accuracy_Neutral,top2_accuracy_Neutral,nll_Neutral,accuracy_Sadness,top2_accuracy_Sadness,nll_Sadness,accuracy_Surprise,top2_accuracy_Surprise,nll_Surprise
enet_b0_100M_100W_finetuned,37.163046322952106,55.037948181104426,32.02764976958525,51.84331797235023,2.5113073262964254,,,,13.235294117647058,22.54901960784314,4.567227534672437,27.68729641693811,47.88273615635179,2.8416924349603327,65.14767932489451,79.32489451476793,1.3814694370928018,23.38235294117647,38.8235294117647,3.420916786627211,22.384937238493723,42.67782426778243,3.1652134666540834,31.61094224924012,70.2127659574468,2.1399049886465527
