model_folder,overall_accuracy,top2_overall_accuracy,accuracy_Angry,top2_accuracy_Angry,nll_Angry,accuracy_Contempt,top2_accuracy_Contempt,nll_Contempt,accuracy_Disgust,top2_accuracy_Disgust,nll_Disgust,accuracy_Fear,top2_accuracy_Fear,nll_Fear,accuracy_Happiness,top2_accuracy_Happiness,nll_Happiness,accuracy_Neutral,top2_accuracy_Neutral,nll_Neutral,accuracy_Sadness,top2_accuracy_Sadness,nll_Sadness,accuracy_Surprise,top2_accuracy_Surprise,nll_Surprise
enet_b0_100M_100W_finetuned_best_val,36.24705574456949,54.64538079036901,27.1889400921659,46.31336405529954,2.7216584724094646,,,,12.254901960784315,21.568627450980394,4.626479992391907,30.618892508143322,51.79153094462541,2.6996352629932683,63.20675105485232,78.64978902953587,1.398199640206375,19.705882352941178,35.0,3.559188268812077,26.359832635983263,47.69874476987448,2.8717450371170883,34.650455927051674,73.55623100303951,1.9193617835263
