{
    "Angry": {
        "precision": 0.3232876712328767,
        "recall": 0.271889400921659,
        "f1-score": 0.295369211514393,
        "support": 434.0
    },
    "Disgust": {
        "precision": 0.16611295681063123,
        "recall": 0.12254901960784313,
        "f1-score": 0.14104372355430184,
        "support": 408.0
    },
    "Fear": {
        "precision": 0.130374479889043,
        "recall": 0.30618892508143325,
        "f1-score": 0.1828793774319066,
        "support": 307.0
    },
    "Happiness": {
        "precision": 0.7039473684210527,
        "recall": 0.6320675105485232,
        "f1-score": 0.666073810582481,
        "support": 1185.0
    },
    "Neutral": {
        "precision": 0.3123543123543124,
        "recall": 0.19705882352941176,
        "f1-score": 0.24165915238954014,
        "support": 680.0
    },
    "Sadness": {
        "precision": 0.46153846153846156,
        "recall": 0.26359832635983266,
        "f1-score": 0.3355525965379494,
        "support": 478.0
    },
    "Surprise": {
        "precision": 0.2814814814814815,
        "recall": 0.3465045592705167,
        "f1-score": 0.3106267029972752,
        "support": 329.0
    },
    "micro avg": {
        "precision": 0.3892636312535132,
        "recall": 0.36247055744569484,
        "f1-score": 0.37538961918959207,
        "support": 3821.0
    },
    "macro avg": {
        "precision": 0.3398709616754085,
        "recall": 0.30569379504560285,
        "f1-score": 0.31045779642969246,
        "support": 3821.0
    },
    "weighted avg": {
        "precision": 0.42080797095587913,
        "recall": 0.36247055744569484,
        "f1-score": 0.3816006441966417,
        "support": 3821.0
    },
    "overall_accuracy": 36.24705574456949,
    "per_emotion_accuracy": {
        "Angry": 27.1889400921659,
        "Disgust": 12.254901960784315,
        "Fear": 30.618892508143322,
        "Happiness": 63.20675105485232,
        "Neutral": 19.705882352941178,
        "Sadness": 26.359832635983263,
        "Surprise": 34.650455927051674
    }
}