{
    "Angry": {
        "precision": 0.7142857142857143,
        "recall": 0.38018433179723504,
        "f1-score": 0.49624060150375937,
        "support": 434.0
    },
    "Disgust": {
        "precision": 0.3788546255506608,
        "recall": 0.6323529411764706,
        "f1-score": 0.4738292011019284,
        "support": 408.0
    },
    "Fear": {
        "precision": 0.594488188976378,
        "recall": 0.49185667752442996,
        "f1-score": 0.5383244206773619,
        "support": 307.0
    },
    "Happiness": {
        "precision": 0.8853955375253549,
        "recall": 0.7367088607594937,
        "f1-score": 0.8042376784891755,
        "support": 1185.0
    },
    "Neutral": {
        "precision": 0.73558648111332,
        "recall": 0.5441176470588235,
        "f1-score": 0.6255283178360102,
        "support": 680.0
    },
    "Sadness": {
        "precision": 0.685370741482966,
        "recall": 0.7154811715481172,
        "f1-score": 0.7001023541453428,
        "support": 478.0
    },
    "Surprise": {
        "precision": 0.56,
        "recall": 0.6382978723404256,
        "f1-score": 0.5965909090909091,
        "support": 329.0
    },
    "micro avg": {
        "precision": 0.6712949844148484,
        "recall": 0.6199947657681235,
        "f1-score": 0.6446258503401361,
        "support": 3821.0
    },
    "macro avg": {
        "precision": 0.6505687555620563,
        "recall": 0.5912856431721422,
        "f1-score": 0.6049790689777839,
        "support": 3821.0
    },
    "weighted avg": {
        "precision": 0.7087988209353255,
        "recall": 0.6199947657681235,
        "f1-score": 0.6498991289611911,
        "support": 3821.0
    },
    "overall_accuracy": 61.999476576812356,
    "per_emotion_accuracy": {
        "Angry": 38.0184331797235,
        "Disgust": 63.23529411764706,
        "Fear": 49.185667752442995,
        "Happiness": 73.67088607594937,
        "Neutral": 54.411764705882355,
        "Sadness": 71.54811715481172,
        "Surprise": 63.829787234042556
    }
}