model_folder,overall_accuracy,top2_overall_accuracy,accuracy_Angry,top2_accuracy_Angry,nll_Angry,accuracy_Contempt,top2_accuracy_Contempt,nll_Contempt,accuracy_Disgust,top2_accuracy_Disgust,nll_Disgust,accuracy_Fear,top2_accuracy_Fear,nll_Fear,accuracy_Happiness,top2_accuracy_Happiness,nll_Happiness,accuracy_Neutral,top2_accuracy_Neutral,nll_Neutral,accuracy_Sadness,top2_accuracy_Sadness,nll_Sadness,accuracy_Surprise,top2_accuracy_Surprise,nll_Surprise
100W_25M,56.18947919392829,80.05757655064119,34.33179723502304,79.49308755760369,1.5994359871140822,,,,64.70588235294117,75.24509803921569,1.1705657664912423,46.579804560260584,70.68403908794788,1.465657936512259,60.08438818565401,80.92827004219409,1.0160051864549073,50.294117647058826,76.76470588235294,1.3232839482836425,69.24686192468619,86.40167364016736,0.8221900340335098,62.61398176291793,89.96960486322189,0.8498081842417571
