model_folder,overall_accuracy,top2_overall_accuracy,accuracy_Angry,top2_accuracy_Angry,nll_Angry,accuracy_Contempt,top2_accuracy_Contempt,nll_Contempt,accuracy_Disgust,top2_accuracy_Disgust,nll_Disgust,accuracy_Fear,top2_accuracy_Fear,nll_Fear,accuracy_Happiness,top2_accuracy_Happiness,nll_Happiness,accuracy_Neutral,top2_accuracy_Neutral,nll_Neutral,accuracy_Sadness,top2_accuracy_Sadness,nll_Sadness,accuracy_Surprise,top2_accuracy_Surprise,nll_Surprise
enet_b0_100W_50M_fine_best_val,62.59640102827763,80.0771208226221,78.72340425531915,91.48936170212765,0.7100910223584543,12.64367816091954,49.42528735632184,2.1368134528741067,30.851063829787233,57.4468085106383,1.8087413788555151,67.79661016949153,86.44067796610169,0.9699950615354513,100.0,100.0,0.05453125550882003,38.095238095238095,63.095238095238095,1.4599198778825146,75.43859649122807,89.47368421052632,0.5814470992037585,86.36363636363636,95.45454545454545,0.5282382536256178
