{
    "overall": {
        "accuracy": 0.6259640102827764,
        "macro avg": {
            "precision": 0.6257733672027056,
            "recall": 0.612390284207025,
            "f1-score": 0.598279267354975,
            "support": 778
        },
        "weighted avg": {
            "precision": 0.6436857482844118,
            "recall": 0.6259640102827764,
            "f1-score": 0.614689132011052,
            "support": 778
        }
    },
    "Angry": {
        "precision": 0.4774193548387097,
        "recall": 0.7872340425531915,
        "f1-score": 0.5943775100401607,
        "accuracy": 0.7872340425531915,
        "support": 94,
        "True Positives": 74,
        "False Positives": 81,
        "False Negatives": 20,
        "True Negatives": 603
    },
    "Contempt": {
        "precision": 0.19298245614035087,
        "recall": 0.12643678160919541,
        "f1-score": 0.15277777777777776,
        "accuracy": 0.12643678160919541,
        "support": 87,
        "True Positives": 11,
        "False Positives": 46,
        "False Negatives": 76,
        "True Negatives": 645
    },
    "Disgust": {
        "precision": 0.7837837837837838,
        "recall": 0.30851063829787234,
        "f1-score": 0.44274809160305345,
        "accuracy": 0.30851063829787234,
        "support": 94,
        "True Positives": 29,
        "False Positives": 8,
        "False Negatives": 65,
        "True Negatives": 676
    },
    "Fear": {
        "precision": 0.7843137254901961,
        "recall": 0.6779661016949152,
        "f1-score": 0.7272727272727273,
        "accuracy": 0.6779661016949152,
        "support": 118,
        "True Positives": 80,
        "False Positives": 22,
        "False Negatives": 38,
        "True Negatives": 638
    },
    "Happiness": {
        "precision": 0.853448275862069,
        "recall": 1.0,
        "f1-score": 0.9209302325581395,
        "accuracy": 1.0,
        "support": 99,
        "True Positives": 99,
        "False Positives": 17,
        "False Negatives": 0,
        "True Negatives": 662
    },
    "Neutral": {
        "precision": 0.2857142857142857,
        "recall": 0.38095238095238093,
        "f1-score": 0.32653061224489793,
        "accuracy": 0.38095238095238093,
        "support": 84,
        "True Positives": 32,
        "False Positives": 80,
        "False Negatives": 52,
        "True Negatives": 614
    },
    "Sadness": {
        "precision": 0.8113207547169812,
        "recall": 0.7543859649122807,
        "f1-score": 0.7818181818181817,
        "accuracy": 0.7543859649122807,
        "support": 114,
        "True Positives": 86,
        "False Positives": 20,
        "False Negatives": 28,
        "True Negatives": 644
    },
    "Surprise": {
        "precision": 0.8172043010752689,
        "recall": 0.8636363636363636,
        "f1-score": 0.8397790055248618,
        "accuracy": 0.8636363636363636,
        "support": 88,
        "True Positives": 76,
        "False Positives": 17,
        "False Negatives": 12,
        "True Negatives": 673
    }
}