{
    "Angry": {
        "precision": 0.6379310344827587,
        "recall": 0.7872340425531915,
        "f1-score": 0.7047619047619048,
        "support": 94.0
    },
    "Disgust": {
        "precision": 0.8055555555555556,
        "recall": 0.30851063829787234,
        "f1-score": 0.4461538461538462,
        "support": 94.0
    },
    "Fear": {
        "precision": 0.7920792079207921,
        "recall": 0.6779661016949152,
        "f1-score": 0.730593607305936,
        "support": 118.0
    },
    "Happiness": {
        "precision": 0.8918918918918919,
        "recall": 1.0,
        "f1-score": 0.9428571428571428,
        "support": 99.0
    },
    "Neutral": {
        "precision": 0.367816091954023,
        "recall": 0.38095238095238093,
        "f1-score": 0.3742690058479532,
        "support": 84.0
    },
    "Sadness": {
        "precision": 0.8514851485148515,
        "recall": 0.7543859649122807,
        "f1-score": 0.8,
        "support": 114.0
    },
    "Surprise": {
        "precision": 0.8172043010752689,
        "recall": 0.8636363636363636,
        "f1-score": 0.8397790055248618,
        "support": 88.0
    },
    "micro avg": {
        "precision": 0.737984496124031,
        "recall": 0.6888567293777135,
        "f1-score": 0.7125748502994012,
        "support": 691.0
    },
    "macro avg": {
        "precision": 0.7377090330564489,
        "recall": 0.681812213149572,
        "f1-score": 0.6912020732073778,
        "support": 691.0
    },
    "weighted avg": {
        "precision": 0.748668915260502,
        "recall": 0.6888567293777135,
        "f1-score": 0.7008366604463879,
        "support": 691.0
    },
    "overall_accuracy": 68.88567293777135,
    "per_emotion_accuracy": {
        "Angry": 78.72340425531915,
        "Disgust": 30.851063829787233,
        "Fear": 67.79661016949153,
        "Happiness": 100.0,
        "Neutral": 38.095238095238095,
        "Sadness": 75.43859649122807,
        "Surprise": 86.36363636363636
    }
}