{
    "Angry": {
        "precision": 0.4774193548387097,
        "recall": 0.7872340425531915,
        "f1-score": 0.5943775100401606,
        "support": 94.0
    },
    "Contempt": {
        "precision": 0.19298245614035087,
        "recall": 0.12643678160919541,
        "f1-score": 0.1527777777777778,
        "support": 87.0
    },
    "Disgust": {
        "precision": 0.7837837837837838,
        "recall": 0.30851063829787234,
        "f1-score": 0.44274809160305345,
        "support": 94.0
    },
    "Fear": {
        "precision": 0.7843137254901961,
        "recall": 0.6779661016949152,
        "f1-score": 0.7272727272727273,
        "support": 118.0
    },
    "Happiness": {
        "precision": 0.853448275862069,
        "recall": 1.0,
        "f1-score": 0.9209302325581395,
        "support": 99.0
    },
    "Neutral": {
        "precision": 0.2857142857142857,
        "recall": 0.38095238095238093,
        "f1-score": 0.32653061224489793,
        "support": 84.0
    },
    "Sadness": {
        "precision": 0.8113207547169812,
        "recall": 0.7543859649122807,
        "f1-score": 0.7818181818181819,
        "support": 114.0
    },
    "Surprise": {
        "precision": 0.8172043010752689,
        "recall": 0.8636363636363636,
        "f1-score": 0.8397790055248618,
        "support": 88.0
    },
    "accuracy": 0.6259640102827764,
    "macro avg": {
        "precision": 0.6257733672027056,
        "recall": 0.612390284207025,
        "f1-score": 0.598279267354975,
        "support": 778.0
    },
    "weighted avg": {
        "precision": 0.6436857482844118,
        "recall": 0.6259640102827764,
        "f1-score": 0.614689132011052,
        "support": 778.0
    },
    "overall_accuracy": 62.59640102827763,
    "per_emotion_accuracy": {
        "Angry": 78.72340425531915,
        "Contempt": 12.64367816091954,
        "Disgust": 30.851063829787233,
        "Fear": 67.79661016949153,
        "Happiness": 100.0,
        "Neutral": 38.095238095238095,
        "Sadness": 75.43859649122807,
        "Surprise": 86.36363636363636
    }
}