model_folder,overall_accuracy,top2_overall_accuracy,accuracy_Angry,top2_accuracy_Angry,nll_Angry,accuracy_Contempt,top2_accuracy_Contempt,nll_Contempt,accuracy_Disgust,top2_accuracy_Disgust,nll_Disgust,accuracy_Fear,top2_accuracy_Fear,nll_Fear,accuracy_Happiness,top2_accuracy_Happiness,nll_Happiness,accuracy_Neutral,top2_accuracy_Neutral,nll_Neutral,accuracy_Sadness,top2_accuracy_Sadness,nll_Sadness,accuracy_Surprise,top2_accuracy_Surprise,nll_Surprise
25 Epoch,52.5255168803978,74.98037163046322,27.1889400921659,58.755760368663594,3.788553115052297,,,,53.18627450980392,66.66666666666667,2.6899927102255843,59.28338762214984,77.1986970684039,1.8489834004915442,68.69198312236287,89.28270042194093,1.0538443675821332,36.1764705882353,60.44117647058823,2.674416214957364,51.67364016736402,73.43096234309624,2.113740968969078,55.62310030395137,85.41033434650456,1.7209822000920674
