{
    "Angry": {
        "precision": 0.5728155339805825,
        "recall": 0.271889400921659,
        "f1-score": 0.36875,
        "support": 434.0
    },
    "Contempt": {
        "precision": 0.0,
        "recall": 0.0,
        "f1-score": 0.0,
        "support": 0.0
    },
    "Disgust": {
        "precision": 0.33487654320987653,
        "recall": 0.5318627450980392,
        "f1-score": 0.4109848484848485,
        "support": 408.0
    },
    "Fear": {
        "precision": 0.3783783783783784,
        "recall": 0.5928338762214984,
        "f1-score": 0.4619289340101523,
        "support": 307.0
    },
    "Happiness": {
        "precision": 0.8514644351464435,
        "recall": 0.6869198312236287,
        "f1-score": 0.7603923400280242,
        "support": 1185.0
    },
    "Neutral": {
        "precision": 0.5565610859728507,
        "recall": 0.36176470588235293,
        "f1-score": 0.4385026737967914,
        "support": 680.0
    },
    "Sadness": {
        "precision": 0.6767123287671233,
        "recall": 0.5167364016736402,
        "f1-score": 0.5860023724792408,
        "support": 478.0
    },
    "Surprise": {
        "precision": 0.456359102244389,
        "recall": 0.5562310030395137,
        "f1-score": 0.5013698630136987,
        "support": 329.0
    },
    "accuracy": 0.525255168803978,
    "macro avg": {
        "precision": 0.4783959259624555,
        "recall": 0.4397797455075415,
        "f1-score": 0.4409913789765945,
        "support": 3821.0
    },
    "weighted avg": {
        "precision": 0.6182808860085128,
        "recall": 0.525255168803978,
        "f1-score": 0.5532159280331186,
        "support": 3821.0
    }
}