model_folder,overall_accuracy,top2_overall_accuracy,accuracy_Angry,top2_accuracy_Angry,nll_Angry,accuracy_Contempt,top2_accuracy_Contempt,nll_Contempt,accuracy_Disgust,top2_accuracy_Disgust,nll_Disgust,accuracy_Fear,top2_accuracy_Fear,nll_Fear,accuracy_Happiness,top2_accuracy_Happiness,nll_Happiness,accuracy_Neutral,top2_accuracy_Neutral,nll_Neutral,accuracy_Sadness,top2_accuracy_Sadness,nll_Sadness,accuracy_Surprise,top2_accuracy_Surprise,nll_Surprise
enet_b0_100M_100W_fine_best_val,15.598010991886941,30.960481549332634,0.0,1.152073732718894,2.2178824541206184,,,,4.6568627450980395,15.931372549019608,2.0746867037286947,4.5602605863192185,19.86970684039088,2.069293728092206,14.345991561181435,33.08016877637131,2.046838699715047,30.735294117647058,48.38235294117647,2.033166115073597,38.07531380753138,66.94560669456067,1.9960421104311443,0.60790273556231,3.3434650455927053,2.1234400554993234
