{
    "Angry": {
        "precision": 0.0,
        "recall": 0.0,
        "f1-score": 0.0,
        "support": 434.0
    },
    "Disgust": {
        "precision": 0.0695970695970696,
        "recall": 0.04656862745098039,
        "f1-score": 0.055800293685756244,
        "support": 408.0
    },
    "Fear": {
        "precision": 0.112,
        "recall": 0.04560260586319218,
        "f1-score": 0.06481481481481481,
        "support": 307.0
    },
    "Happiness": {
        "precision": 0.2533532041728763,
        "recall": 0.14345991561181434,
        "f1-score": 0.18318965517241378,
        "support": 1185.0
    },
    "Neutral": {
        "precision": 0.26590330788804073,
        "recall": 0.3073529411764706,
        "f1-score": 0.28512960436562074,
        "support": 680.0
    },
    "Sadness": {
        "precision": 0.13431734317343175,
        "recall": 0.3807531380753138,
        "f1-score": 0.19858156028368795,
        "support": 478.0
    },
    "Surprise": {
        "precision": 0.18181818181818182,
        "recall": 0.0060790273556231,
        "f1-score": 0.011764705882352941,
        "support": 329.0
    },
    "micro avg": {
        "precision": 0.15987124463519314,
        "recall": 0.1559801099188694,
        "f1-score": 0.15790170883560736,
        "support": 3821.0
    },
    "macro avg": {
        "precision": 0.14528415809280001,
        "recall": 0.13283089364762776,
        "f1-score": 0.1141829477435209,
        "support": 3821.0
    },
    "weighted avg": {
        "precision": 0.17478128043952182,
        "recall": 0.1559801099188694,
        "f1-score": 0.14457605715016125,
        "support": 3821.0
    },
    "overall_accuracy": 15.598010991886941,
    "per_emotion_accuracy": {
        "Angry": 0.0,
        "Disgust": 4.6568627450980395,
        "Fear": 4.5602605863192185,
        "Happiness": 14.345991561181435,
        "Neutral": 30.735294117647058,
        "Sadness": 38.07531380753138,
        "Surprise": 0.60790273556231
    }
}