{
    "overall": {
        "accuracy": 0.1559801099188694,
        "macro avg": {
            "precision": 0.14528415809280001,
            "recall": 0.13283089364762776,
            "f1-score": 0.1141829477435209,
            "support": 3821
        },
        "weighted avg": {
            "precision": 0.17478128043952182,
            "recall": 0.1559801099188694,
            "f1-score": 0.14457605715016125,
            "support": 3821
        }
    },
    "per_class": {},
    "Angry": {
        "precision": 0.0,
        "recall": 0.0,
        "f1-score": 0.0,
        "accuracy": 0.0,
        "support": 434,
        "tp": 0,
        "fp": 507,
        "fn": 434,
        "tn": 2880
    },
    "Disgust": {
        "precision": 0.0695970695970696,
        "recall": 0.04656862745098039,
        "f1-score": 0.055800293685756244,
        "accuracy": 0.04656862745098039,
        "support": 408,
        "tp": 19,
        "fp": 254,
        "fn": 389,
        "tn": 3159
    },
    "Fear": {
        "precision": 0.112,
        "recall": 0.04560260586319218,
        "f1-score": 0.06481481481481481,
        "accuracy": 0.04560260586319218,
        "support": 307,
        "tp": 14,
        "fp": 111,
        "fn": 293,
        "tn": 3403
    },
    "Happiness": {
        "precision": 0.2533532041728763,
        "recall": 0.14345991561181434,
        "f1-score": 0.18318965517241376,
        "accuracy": 0.14345991561181434,
        "support": 1185,
        "tp": 170,
        "fp": 501,
        "fn": 1015,
        "tn": 2135
    },
    "Neutral": {
        "precision": 0.26590330788804073,
        "recall": 0.3073529411764706,
        "f1-score": 0.28512960436562074,
        "accuracy": 0.3073529411764706,
        "support": 680,
        "tp": 209,
        "fp": 577,
        "fn": 471,
        "tn": 2564
    },
    "Sadness": {
        "precision": 0.13431734317343175,
        "recall": 0.3807531380753138,
        "f1-score": 0.19858156028368795,
        "accuracy": 0.3807531380753138,
        "support": 478,
        "tp": 182,
        "fp": 1173,
        "fn": 296,
        "tn": 2170
    },
    "Surprise": {
        "precision": 0.18181818181818182,
        "recall": 0.0060790273556231,
        "f1-score": 0.011764705882352941,
        "accuracy": 0.0060790273556231,
        "support": 329,
        "tp": 2,
        "fp": 9,
        "fn": 327,
        "tn": 3483
    }
}