{
    "Angry": {
        "precision": 0.13225058004640372,
        "recall": 0.2626728110599078,
        "f1-score": 0.17592592592592593,
        "support": 434.0
    },
    "Disgust": {
        "precision": 0.16766467065868262,
        "recall": 0.06862745098039216,
        "f1-score": 0.09739130434782609,
        "support": 408.0
    },
    "Fear": {
        "precision": 0.044956140350877194,
        "recall": 0.13355048859934854,
        "f1-score": 0.06726825266611977,
        "support": 307.0
    },
    "Happiness": {
        "precision": 0.4864864864864865,
        "recall": 0.04556962025316456,
        "f1-score": 0.08333333333333333,
        "support": 1185.0
    },
    "Neutral": {
        "precision": 0.006535947712418301,
        "recall": 0.0014705882352941176,
        "f1-score": 0.0024009603841536613,
        "support": 680.0
    },
    "Sadness": {
        "precision": 0.18010752688172044,
        "recall": 0.1401673640167364,
        "f1-score": 0.15764705882352942,
        "support": 478.0
    },
    "Surprise": {
        "precision": 0.12131919905771496,
        "recall": 0.3130699088145897,
        "f1-score": 0.17487266553480477,
        "support": 329.0
    },
    "micro avg": {
        "precision": 0.1190893169877408,
        "recall": 0.1067783302800314,
        "f1-score": 0.11259831654477714,
        "support": 3821.0
    },
    "macro avg": {
        "precision": 0.16276007874204337,
        "recall": 0.13787546170849047,
        "f1-score": 0.10840564300224186,
        "support": 3821.0
    },
    "weighted avg": {
        "precision": 0.2215498083556615,
        "recall": 0.1067783302800314,
        "f1-score": 0.09683588373045955,
        "support": 3821.0
    },
    "overall_accuracy": 10.67783302800314,
    "per_emotion_accuracy": {
        "Angry": 26.267281105990783,
        "Disgust": 6.862745098039215,
        "Fear": 13.355048859934854,
        "Happiness": 4.556962025316456,
        "Neutral": 0.14705882352941177,
        "Sadness": 14.01673640167364,
        "Surprise": 31.306990881458965
    }
}