{
    "overall": {
        "accuracy": 0.1067783302800314,
        "macro avg": {
            "precision": 0.14241506889928796,
            "recall": 0.12064102899492916,
            "f1-score": 0.09485493762696162,
            "support": 3821
        },
        "weighted avg": {
            "precision": 0.2215498083556615,
            "recall": 0.1067783302800314,
            "f1-score": 0.09683588373045957,
            "support": 3821
        }
    },
    "per_class": {},
    "Angry": {
        "precision": 0.13225058004640372,
        "recall": 0.2626728110599078,
        "f1-score": 0.17592592592592593,
        "accuracy": 0.2626728110599078,
        "support": 434,
        "tp": 114,
        "fp": 748,
        "fn": 320,
        "tn": 2639
    },
    "Contempt": {
        "precision": 0.0,
        "recall": 0.0,
        "f1-score": 0.0,
        "accuracy": 0.0,
        "support": 0,
        "tp": 0,
        "fp": 395,
        "fn": 0,
        "tn": 3426
    },
    "Disgust": {
        "precision": 0.16766467065868262,
        "recall": 0.06862745098039216,
        "f1-score": 0.0973913043478261,
        "accuracy": 0.06862745098039216,
        "support": 408,
        "tp": 28,
        "fp": 139,
        "fn": 380,
        "tn": 3274
    },
    "Fear": {
        "precision": 0.044956140350877194,
        "recall": 0.13355048859934854,
        "f1-score": 0.06726825266611977,
        "accuracy": 0.13355048859934854,
        "support": 307,
        "tp": 41,
        "fp": 871,
        "fn": 266,
        "tn": 2643
    },
    "Happiness": {
        "precision": 0.4864864864864865,
        "recall": 0.04556962025316456,
        "f1-score": 0.08333333333333333,
        "accuracy": 0.04556962025316456,
        "support": 1185,
        "tp": 54,
        "fp": 57,
        "fn": 1131,
        "tn": 2579
    },
    "Neutral": {
        "precision": 0.006535947712418301,
        "recall": 0.0014705882352941176,
        "f1-score": 0.0024009603841536617,
        "accuracy": 0.0014705882352941176,
        "support": 680,
        "tp": 1,
        "fp": 152,
        "fn": 679,
        "tn": 2989
    },
    "Sadness": {
        "precision": 0.18010752688172044,
        "recall": 0.1401673640167364,
        "f1-score": 0.15764705882352942,
        "accuracy": 0.1401673640167364,
        "support": 478,
        "tp": 67,
        "fp": 305,
        "fn": 411,
        "tn": 3038
    },
    "Surprise": {
        "precision": 0.12131919905771496,
        "recall": 0.3130699088145897,
        "f1-score": 0.17487266553480477,
        "accuracy": 0.3130699088145897,
        "support": 329,
        "tp": 103,
        "fp": 746,
        "fn": 226,
        "tn": 2746
    }
}