model_folder,overall_accuracy,top2_overall_accuracy,accuracy_Angry,top2_accuracy_Angry,nll_Angry,accuracy_Contempt,top2_accuracy_Contempt,nll_Contempt,accuracy_Disgust,top2_accuracy_Disgust,nll_Disgust,accuracy_Fear,top2_accuracy_Fear,nll_Fear,accuracy_Happiness,top2_accuracy_Happiness,nll_Happiness,accuracy_Neutral,top2_accuracy_Neutral,nll_Neutral,accuracy_Sadness,top2_accuracy_Sadness,nll_Sadness,accuracy_Surprise,top2_accuracy_Surprise,nll_Surprise
enet_b0_100M_100W_fine_epoch35,83.29048843187661,94.73007712082263,78.72340425531915,96.80851063829788,0.6858489689357737,71.26436781609195,90.80459770114942,0.842716354405743,71.27659574468085,88.29787234042553,0.7512795549242738,80.50847457627118,93.22033898305085,0.5349733400932055,98.98989898989899,100.0,0.05048172108769045,92.85714285714286,100.0,0.33250482899269884,86.84210526315789,92.10526315789474,0.43277228259779676,85.22727272727273,97.72727272727273,0.3710300379898399
