{
    "Angry": {
        "precision": 0.7115384615384616,
        "recall": 0.7872340425531915,
        "f1-score": 0.7474747474747475,
        "support": 94.0
    },
    "Contempt": {
        "precision": 0.8051948051948052,
        "recall": 0.7126436781609196,
        "f1-score": 0.7560975609756098,
        "support": 87.0
    },
    "Disgust": {
        "precision": 0.7613636363636364,
        "recall": 0.7127659574468085,
        "f1-score": 0.7362637362637363,
        "support": 94.0
    },
    "Fear": {
        "precision": 0.8407079646017699,
        "recall": 0.8050847457627118,
        "f1-score": 0.8225108225108225,
        "support": 118.0
    },
    "Happiness": {
        "precision": 0.9607843137254902,
        "recall": 0.98989898989899,
        "f1-score": 0.9751243781094527,
        "support": 99.0
    },
    "Neutral": {
        "precision": 0.8297872340425532,
        "recall": 0.9285714285714286,
        "f1-score": 0.8764044943820225,
        "support": 84.0
    },
    "Sadness": {
        "precision": 0.8839285714285714,
        "recall": 0.868421052631579,
        "f1-score": 0.8761061946902655,
        "support": 114.0
    },
    "Surprise": {
        "precision": 0.8522727272727273,
        "recall": 0.8522727272727273,
        "f1-score": 0.8522727272727273,
        "support": 88.0
    },
    "accuracy": 0.8329048843187661,
    "macro avg": {
        "precision": 0.8306972142710018,
        "recall": 0.8321115777872945,
        "f1-score": 0.8302818327099231,
        "support": 778.0
    },
    "weighted avg": {
        "precision": 0.8332852402815029,
        "recall": 0.8329048843187661,
        "f1-score": 0.8320560147663092,
        "support": 778.0
    },
    "overall_accuracy": 83.29048843187661,
    "per_emotion_accuracy": {
        "Angry": 78.72340425531915,
        "Contempt": 71.26436781609195,
        "Disgust": 71.27659574468085,
        "Fear": 80.50847457627118,
        "Happiness": 98.98989898989899,
        "Neutral": 92.85714285714286,
        "Sadness": 86.84210526315789,
        "Surprise": 85.22727272727273
    }
}