{
    "Angry": {
        "precision": 0.8222222222222222,
        "recall": 0.7872340425531915,
        "f1-score": 0.8043478260869565,
        "support": 94.0
    },
    "Disgust": {
        "precision": 0.7790697674418605,
        "recall": 0.7127659574468085,
        "f1-score": 0.7444444444444445,
        "support": 94.0
    },
    "Fear": {
        "precision": 0.8407079646017699,
        "recall": 0.8050847457627118,
        "f1-score": 0.8225108225108225,
        "support": 118.0
    },
    "Happiness": {
        "precision": 0.98,
        "recall": 0.98989898989899,
        "f1-score": 0.9849246231155779,
        "support": 99.0
    },
    "Neutral": {
        "precision": 0.8666666666666667,
        "recall": 0.9285714285714286,
        "f1-score": 0.896551724137931,
        "support": 84.0
    },
    "Sadness": {
        "precision": 0.908256880733945,
        "recall": 0.868421052631579,
        "f1-score": 0.8878923766816144,
        "support": 114.0
    },
    "Surprise": {
        "precision": 0.8522727272727273,
        "recall": 0.8522727272727273,
        "f1-score": 0.8522727272727273,
        "support": 88.0
    },
    "micro avg": {
        "precision": 0.8668639053254438,
        "recall": 0.8480463096960926,
        "f1-score": 0.8573518653986832,
        "support": 691.0
    },
    "macro avg": {
        "precision": 0.8641708898484559,
        "recall": 0.8491784205910624,
        "f1-score": 0.8561349348928678,
        "support": 691.0
    },
    "weighted avg": {
        "precision": 0.8655372955934911,
        "recall": 0.8480463096960926,
        "f1-score": 0.8562668074442275,
        "support": 691.0
    },
    "overall_accuracy": 84.80463096960926,
    "per_emotion_accuracy": {
        "Angry": 78.72340425531915,
        "Disgust": 71.27659574468085,
        "Fear": 80.50847457627118,
        "Happiness": 98.98989898989899,
        "Neutral": 92.85714285714286,
        "Sadness": 86.84210526315789,
        "Surprise": 85.22727272727273
    }
}