model_folder,overall_accuracy,top2_overall_accuracy,accuracy_Angry,top2_accuracy_Angry,nll_Angry,accuracy_Contempt,top2_accuracy_Contempt,nll_Contempt,accuracy_Disgust,top2_accuracy_Disgust,nll_Disgust,accuracy_Fear,top2_accuracy_Fear,nll_Fear,accuracy_Happiness,top2_accuracy_Happiness,nll_Happiness,accuracy_Neutral,top2_accuracy_Neutral,nll_Neutral,accuracy_Sadness,top2_accuracy_Sadness,nll_Sadness,accuracy_Surprise,top2_accuracy_Surprise,nll_Surprise
enet_b0_100M_75W_finetuned_best,54.61920963098665,80.37163046322952,28.341013824884794,78.80184331797236,1.8914438883579778,,,,62.990196078431374,75.24509803921569,1.3304758155418848,48.20846905537459,71.9869706840391,1.5641095653329506,55.69620253164557,82.1097046413502,1.1345371224352125,54.26470588235294,78.67647058823529,1.2307376428459333,67.57322175732217,87.23849372384937,0.8530527708437422,62.91793313069909,83.89057750759878,0.9766138514007037
