model_folder,overall_accuracy,top2_overall_accuracy,accuracy_Angry,top2_accuracy_Angry,nll_Angry,accuracy_Contempt,top2_accuracy_Contempt,nll_Contempt,accuracy_Disgust,top2_accuracy_Disgust,nll_Disgust,accuracy_Fear,top2_accuracy_Fear,nll_Fear,accuracy_Happiness,top2_accuracy_Happiness,nll_Happiness,accuracy_Neutral,top2_accuracy_Neutral,nll_Neutral,accuracy_Sadness,top2_accuracy_Sadness,nll_Sadness,accuracy_Surprise,top2_accuracy_Surprise,nll_Surprise
Epoch 20,96.01542416452442,99.48586118251929,97.87234042553192,100.0,0.10324637423336303,87.35632183908046,98.85057471264368,0.5568115808629023,94.68085106382979,98.93617021276596,0.1678217902191351,95.76271186440678,100.0,0.17984395471290043,100.0,100.0,0.0004115096463691182,98.80952380952381,100.0,0.034123407183701514,95.6140350877193,98.24561403508773,0.21648315060872553,97.72727272727273,100.0,0.06823647002574515
