{
    "Angry": {
        "precision": 0.8932038834951457,
        "recall": 0.9787234042553191,
        "f1-score": 0.934010152284264,
        "support": 94.0
    },
    "Contempt": {
        "precision": 0.9156626506024096,
        "recall": 0.8735632183908046,
        "f1-score": 0.8941176470588236,
        "support": 87.0
    },
    "Disgust": {
        "precision": 0.9888888888888889,
        "recall": 0.9468085106382979,
        "f1-score": 0.967391304347826,
        "support": 94.0
    },
    "Fear": {
        "precision": 0.9826086956521739,
        "recall": 0.9576271186440678,
        "f1-score": 0.9699570815450643,
        "support": 118.0
    },
    "Happiness": {
        "precision": 1.0,
        "recall": 1.0,
        "f1-score": 1.0,
        "support": 99.0
    },
    "Neutral": {
        "precision": 0.9431818181818182,
        "recall": 0.9880952380952381,
        "f1-score": 0.9651162790697675,
        "support": 84.0
    },
    "Sadness": {
        "precision": 0.990909090909091,
        "recall": 0.956140350877193,
        "f1-score": 0.9732142857142857,
        "support": 114.0
    },
    "Surprise": {
        "precision": 0.9555555555555556,
        "recall": 0.9772727272727273,
        "f1-score": 0.9662921348314607,
        "support": 88.0
    },
    "accuracy": 0.9601542416452442,
    "macro avg": {
        "precision": 0.9587513229106354,
        "recall": 0.959778821021706,
        "f1-score": 0.9587623606064365,
        "support": 778.0
    },
    "weighted avg": {
        "precision": 0.9611915106340146,
        "recall": 0.9601542416452442,
        "f1-score": 0.9601861333140224,
        "support": 778.0
    }
}