model_folder,overall_accuracy,top2_overall_accuracy,accuracy_Angry,top2_accuracy_Angry,nll_Angry,accuracy_Contempt,top2_accuracy_Contempt,nll_Contempt,accuracy_Disgust,top2_accuracy_Disgust,nll_Disgust,accuracy_Fear,top2_accuracy_Fear,nll_Fear,accuracy_Happiness,top2_accuracy_Happiness,nll_Happiness,accuracy_Neutral,top2_accuracy_Neutral,nll_Neutral,accuracy_Sadness,top2_accuracy_Sadness,nll_Sadness,accuracy_Surprise,top2_accuracy_Surprise,nll_Surprise
enet_b0_100W_75M_fine_best_val,62.210796915167094,78.53470437017995,75.53191489361703,89.36170212765957,0.7535970513807967,19.54022988505747,56.32183908045977,2.002171539369671,34.04255319148936,53.191489361702125,1.8581335532498804,59.32203389830509,77.11864406779661,1.172907143831253,100.0,100.0,0.005168397874435048,39.285714285714285,66.66666666666667,1.458421788222733,73.6842105263158,85.96491228070175,0.6823447856315812,88.63636363636364,95.45454545454545,0.5140980225141075
