{
    "Angry": {
        "precision": 0.6454545454545455,
        "recall": 0.7553191489361702,
        "f1-score": 0.696078431372549,
        "support": 94.0
    },
    "Disgust": {
        "precision": 0.8,
        "recall": 0.3404255319148936,
        "f1-score": 0.47761194029850745,
        "support": 94.0
    },
    "Fear": {
        "precision": 0.813953488372093,
        "recall": 0.5932203389830508,
        "f1-score": 0.6862745098039216,
        "support": 118.0
    },
    "Happiness": {
        "precision": 0.825,
        "recall": 1.0,
        "f1-score": 0.9041095890410958,
        "support": 99.0
    },
    "Neutral": {
        "precision": 0.32673267326732675,
        "recall": 0.39285714285714285,
        "f1-score": 0.3567567567567568,
        "support": 84.0
    },
    "Sadness": {
        "precision": 0.8571428571428571,
        "recall": 0.7368421052631579,
        "f1-score": 0.7924528301886793,
        "support": 114.0
    },
    "Surprise": {
        "precision": 0.7878787878787878,
        "recall": 0.8863636363636364,
        "f1-score": 0.8342245989304813,
        "support": 88.0
    },
    "micro avg": {
        "precision": 0.7140672782874617,
        "recall": 0.6758321273516642,
        "f1-score": 0.6944237918215613,
        "support": 691.0
    },
    "macro avg": {
        "precision": 0.7223089074450871,
        "recall": 0.6721468434740074,
        "f1-score": 0.678215522341713,
        "support": 691.0
    },
    "weighted avg": {
        "precision": 0.7352929124496509,
        "recall": 0.6758321273516642,
        "f1-score": 0.6867338514095078,
        "support": 691.0
    },
    "overall_accuracy": 67.58321273516643,
    "per_emotion_accuracy": {
        "Angry": 75.53191489361703,
        "Disgust": 34.04255319148936,
        "Fear": 59.32203389830509,
        "Happiness": 100.0,
        "Neutral": 39.285714285714285,
        "Sadness": 73.6842105263158,
        "Surprise": 88.63636363636364
    }
}