{
    "Angry": {
        "precision": 0.4965034965034965,
        "recall": 0.7553191489361702,
        "f1-score": 0.5991561181434599,
        "support": 94.0
    },
    "Contempt": {
        "precision": 0.3148148148148148,
        "recall": 0.19540229885057472,
        "f1-score": 0.24113475177304963,
        "support": 87.0
    },
    "Disgust": {
        "precision": 0.7804878048780488,
        "recall": 0.3404255319148936,
        "f1-score": 0.4740740740740741,
        "support": 94.0
    },
    "Fear": {
        "precision": 0.813953488372093,
        "recall": 0.5932203389830508,
        "f1-score": 0.6862745098039216,
        "support": 118.0
    },
    "Happiness": {
        "precision": 0.7857142857142857,
        "recall": 1.0,
        "f1-score": 0.88,
        "support": 99.0
    },
    "Neutral": {
        "precision": 0.2578125,
        "recall": 0.39285714285714285,
        "f1-score": 0.3113207547169811,
        "support": 84.0
    },
    "Sadness": {
        "precision": 0.8316831683168316,
        "recall": 0.7368421052631579,
        "f1-score": 0.7813953488372093,
        "support": 114.0
    },
    "Surprise": {
        "precision": 0.7878787878787878,
        "recall": 0.8863636363636364,
        "f1-score": 0.8342245989304813,
        "support": 88.0
    },
    "accuracy": 0.622107969151671,
    "macro avg": {
        "precision": 0.6336060433097948,
        "recall": 0.6125537753960784,
        "f1-score": 0.6009475195348971,
        "support": 778.0
    },
    "weighted avg": {
        "precision": 0.6517477656218863,
        "recall": 0.622107969151671,
        "f1-score": 0.6151729196646747,
        "support": 778.0
    },
    "overall_accuracy": 62.210796915167094,
    "per_emotion_accuracy": {
        "Angry": 75.53191489361703,
        "Contempt": 19.54022988505747,
        "Disgust": 34.04255319148936,
        "Fear": 59.32203389830509,
        "Happiness": 100.0,
        "Neutral": 39.285714285714285,
        "Sadness": 73.6842105263158,
        "Surprise": 88.63636363636364
    }
}