{
    "overall": {
        "accuracy": 0.6758321273516642,
        "macro avg": {
            "precision": 0.7223089074450871,
            "recall": 0.6721468434740074,
            "f1-score": 0.678215522341713,
            "support": 691
        },
        "weighted avg": {
            "precision": 0.7352929124496509,
            "recall": 0.6758321273516642,
            "f1-score": 0.6867338514095079,
            "support": 691
        }
    },
    "Angry": {
        "precision": 0.6454545454545455,
        "recall": 0.7553191489361702,
        "f1-score": 0.6960784313725491,
        "accuracy": 0.7553191489361702,
        "support": 94,
        "True Positives": 71,
        "False Positives": 39,
        "False Negatives": 23,
        "True Negatives": 558
    },
    "Disgust": {
        "precision": 0.8,
        "recall": 0.3404255319148936,
        "f1-score": 0.47761194029850745,
        "accuracy": 0.3404255319148936,
        "support": 94,
        "True Positives": 32,
        "False Positives": 8,
        "False Negatives": 62,
        "True Negatives": 589
    },
    "Fear": {
        "precision": 0.813953488372093,
        "recall": 0.5932203389830508,
        "f1-score": 0.6862745098039216,
        "accuracy": 0.5932203389830508,
        "support": 118,
        "True Positives": 70,
        "False Positives": 16,
        "False Negatives": 48,
        "True Negatives": 557
    },
    "Happiness": {
        "precision": 0.825,
        "recall": 1.0,
        "f1-score": 0.9041095890410958,
        "accuracy": 1.0,
        "support": 99,
        "True Positives": 99,
        "False Positives": 21,
        "False Negatives": 0,
        "True Negatives": 571
    },
    "Neutral": {
        "precision": 0.32673267326732675,
        "recall": 0.39285714285714285,
        "f1-score": 0.3567567567567567,
        "accuracy": 0.39285714285714285,
        "support": 84,
        "True Positives": 33,
        "False Positives": 68,
        "False Negatives": 51,
        "True Negatives": 539
    },
    "Sadness": {
        "precision": 0.8571428571428571,
        "recall": 0.7368421052631579,
        "f1-score": 0.7924528301886793,
        "accuracy": 0.7368421052631579,
        "support": 114,
        "True Positives": 84,
        "False Positives": 14,
        "False Negatives": 30,
        "True Negatives": 563
    },
    "Surprise": {
        "precision": 0.7878787878787878,
        "recall": 0.8863636363636364,
        "f1-score": 0.8342245989304813,
        "accuracy": 0.8863636363636364,
        "support": 88,
        "True Positives": 78,
        "False Positives": 21,
        "False Negatives": 10,
        "True Negatives": 582
    }
}