{
    "Angry": {
        "precision": 0.6563876651982379,
        "recall": 0.3433179723502304,
        "f1-score": 0.4508320726172466,
        "support": 434.0
    },
    "Contempt": {
        "precision": 0.0,
        "recall": 0.0,
        "f1-score": 0.0,
        "support": 0.0
    },
    "Disgust": {
        "precision": 0.3308270676691729,
        "recall": 0.6470588235294118,
        "f1-score": 0.43781094527363185,
        "support": 408.0
    },
    "Fear": {
        "precision": 0.48639455782312924,
        "recall": 0.46579804560260585,
        "f1-score": 0.47587354409317806,
        "support": 307.0
    },
    "Happiness": {
        "precision": 0.9151670951156813,
        "recall": 0.60084388185654,
        "f1-score": 0.7254202750891493,
        "support": 1185.0
    },
    "Neutral": {
        "precision": 0.6489563567362429,
        "recall": 0.5029411764705882,
        "f1-score": 0.5666942833471417,
        "support": 680.0
    },
    "Sadness": {
        "precision": 0.6186915887850467,
        "recall": 0.6924686192468619,
        "f1-score": 0.6535044422507403,
        "support": 478.0
    },
    "Surprise": {
        "precision": 0.4282744282744283,
        "recall": 0.6261398176291794,
        "f1-score": 0.508641975308642,
        "support": 329.0
    },
    "accuracy": 0.5618947919392829,
    "macro avg": {
        "precision": 0.5105873449502424,
        "recall": 0.4848210420856772,
        "f1-score": 0.47734719224746625,
        "support": 3821.0
    },
    "weighted avg": {
        "precision": 0.6625420089481877,
        "recall": 0.5618947919392829,
        "f1-score": 0.5875620610189028,
        "support": 3821.0
    },
    "overall_accuracy": 56.18947919392829,
    "per_emotion_accuracy": {
        "Angry": 34.33179723502304,
        "Contempt": NaN,
        "Disgust": 64.70588235294117,
        "Fear": 46.579804560260584,
        "Happiness": 60.08438818565401,
        "Neutral": 50.294117647058826,
        "Sadness": 69.24686192468619,
        "Surprise": 62.61398176291793
    }
}