{
    "overall": {
        "accuracy": 0.46061240512954726,
        "macro avg": {
            "precision": 0.5556864239000775,
            "recall": 0.4843062013413591,
            "f1-score": 0.46703369408493833,
            "support": 3821
        },
        "weighted avg": {
            "precision": 0.6387774282403539,
            "recall": 0.46061240512954726,
            "f1-score": 0.48778174216231324,
            "support": 3821
        }
    },
    "per_class": {},
    "Angry": {
        "precision": 0.5338983050847458,
        "recall": 0.14516129032258066,
        "f1-score": 0.22826086956521743,
        "accuracy": 0.14516129032258066,
        "support": 434,
        "tp": 63,
        "fp": 55,
        "fn": 371,
        "tn": 3332
    },
    "Disgust": {
        "precision": 0.26512968299711814,
        "recall": 0.6764705882352942,
        "f1-score": 0.38095238095238093,
        "accuracy": 0.6764705882352942,
        "support": 408,
        "tp": 276,
        "fp": 765,
        "fn": 132,
        "tn": 2648
    },
    "Fear": {
        "precision": 0.5756302521008403,
        "recall": 0.44625407166123776,
        "f1-score": 0.5027522935779816,
        "accuracy": 0.44625407166123776,
        "support": 307,
        "tp": 137,
        "fp": 101,
        "fn": 170,
        "tn": 3413
    },
    "Happiness": {
        "precision": 0.9565217391304348,
        "recall": 0.4084388185654008,
        "f1-score": 0.5724423418095801,
        "accuracy": 0.4084388185654008,
        "support": 1185,
        "tp": 484,
        "fp": 22,
        "fn": 701,
        "tn": 2614
    },
    "Neutral": {
        "precision": 0.5107142857142857,
        "recall": 0.42058823529411765,
        "f1-score": 0.4612903225806451,
        "accuracy": 0.42058823529411765,
        "support": 680,
        "tp": 286,
        "fp": 274,
        "fn": 394,
        "tn": 2867
    },
    "Sadness": {
        "precision": 0.662004662004662,
        "recall": 0.5941422594142259,
        "f1-score": 0.6262403528114663,
        "accuracy": 0.5941422594142259,
        "support": 478,
        "tp": 284,
        "fp": 145,
        "fn": 194,
        "tn": 3198
    },
    "Surprise": {
        "precision": 0.3859060402684564,
        "recall": 0.6990881458966566,
        "f1-score": 0.49729729729729727,
        "accuracy": 0.6990881458966566,
        "support": 329,
        "tp": 230,
        "fp": 366,
        "fn": 99,
        "tn": 3126
    }
}