model_folder,overall_accuracy,top2_overall_accuracy,accuracy_Angry,top2_accuracy_Angry,nll_Angry,accuracy_Contempt,top2_accuracy_Contempt,nll_Contempt,accuracy_Disgust,top2_accuracy_Disgust,nll_Disgust,accuracy_Fear,top2_accuracy_Fear,nll_Fear,accuracy_Happiness,top2_accuracy_Happiness,nll_Happiness,accuracy_Neutral,top2_accuracy_Neutral,nll_Neutral,accuracy_Sadness,top2_accuracy_Sadness,nll_Sadness,accuracy_Surprise,top2_accuracy_Surprise,nll_Surprise
enet_b0_100W_0M_fine_best_val,61.43958868894602,77.76349614395887,85.1063829787234,93.61702127659575,0.5782490746672959,10.344827586206897,41.37931034482759,2.395803833144835,26.595744680851062,58.51063829787234,2.037904946252387,70.33898305084746,88.13559322033899,0.9252908380733709,100.0,100.0,0.02823834796259739,32.142857142857146,46.42857142857143,1.8126493124734788,74.56140350877193,89.47368421052632,0.6400911814079767,79.54545454545455,93.18181818181819,0.6309575778855518
