{
    "overall": {
        "accuracy": 0.6143958868894601,
        "macro avg": {
            "precision": 0.6134258471824675,
            "recall": 0.5982945668671406,
            "f1-score": 0.5809945982119522,
            "support": 778
        },
        "weighted avg": {
            "precision": 0.6304719308263275,
            "recall": 0.6143958868894601,
            "f1-score": 0.5983478591926479,
            "support": 778
        }
    },
    "Angry": {
        "precision": 0.44692737430167595,
        "recall": 0.851063829787234,
        "f1-score": 0.5860805860805861,
        "accuracy": 0.851063829787234,
        "support": 94,
        "True Positives": 80,
        "False Positives": 99,
        "False Negatives": 14,
        "True Negatives": 585
    },
    "Contempt": {
        "precision": 0.15517241379310345,
        "recall": 0.10344827586206896,
        "f1-score": 0.12413793103448276,
        "accuracy": 0.10344827586206896,
        "support": 87,
        "True Positives": 9,
        "False Positives": 49,
        "False Negatives": 78,
        "True Negatives": 642
    },
    "Disgust": {
        "precision": 0.7575757575757576,
        "recall": 0.26595744680851063,
        "f1-score": 0.39370078740157477,
        "accuracy": 0.26595744680851063,
        "support": 94,
        "True Positives": 25,
        "False Positives": 8,
        "False Negatives": 69,
        "True Negatives": 676
    },
    "Fear": {
        "precision": 0.7477477477477478,
        "recall": 0.7033898305084746,
        "f1-score": 0.7248908296943231,
        "accuracy": 0.7033898305084746,
        "support": 118,
        "True Positives": 83,
        "False Positives": 28,
        "False Negatives": 35,
        "True Negatives": 632
    },
    "Happiness": {
        "precision": 0.825,
        "recall": 1.0,
        "f1-score": 0.9041095890410958,
        "accuracy": 1.0,
        "support": 99,
        "True Positives": 99,
        "False Positives": 21,
        "False Negatives": 0,
        "True Negatives": 658
    },
    "Neutral": {
        "precision": 0.29347826086956524,
        "recall": 0.32142857142857145,
        "f1-score": 0.3068181818181819,
        "accuracy": 0.32142857142857145,
        "support": 84,
        "True Positives": 27,
        "False Positives": 65,
        "False Negatives": 57,
        "True Negatives": 629
    },
    "Sadness": {
        "precision": 0.8173076923076923,
        "recall": 0.7456140350877193,
        "f1-score": 0.7798165137614679,
        "accuracy": 0.7456140350877193,
        "support": 114,
        "True Positives": 85,
        "False Positives": 19,
        "False Negatives": 29,
        "True Negatives": 645
    },
    "Surprise": {
        "precision": 0.8641975308641975,
        "recall": 0.7954545454545454,
        "f1-score": 0.8284023668639053,
        "accuracy": 0.7954545454545454,
        "support": 88,
        "True Positives": 70,
        "False Positives": 11,
        "False Negatives": 18,
        "True Negatives": 679
    }
}