{
    "Angry": {
        "precision": 0.6060606060606061,
        "recall": 0.851063829787234,
        "f1-score": 0.7079646017699115,
        "support": 94.0
    },
    "Disgust": {
        "precision": 0.7575757575757576,
        "recall": 0.26595744680851063,
        "f1-score": 0.3937007874015748,
        "support": 94.0
    },
    "Fear": {
        "precision": 0.7477477477477478,
        "recall": 0.7033898305084746,
        "f1-score": 0.7248908296943232,
        "support": 118.0
    },
    "Happiness": {
        "precision": 0.868421052631579,
        "recall": 1.0,
        "f1-score": 0.9295774647887324,
        "support": 99.0
    },
    "Neutral": {
        "precision": 0.36486486486486486,
        "recall": 0.32142857142857145,
        "f1-score": 0.34177215189873417,
        "support": 84.0
    },
    "Sadness": {
        "precision": 0.8762886597938144,
        "recall": 0.7456140350877193,
        "f1-score": 0.8056872037914692,
        "support": 114.0
    },
    "Surprise": {
        "precision": 0.8641975308641975,
        "recall": 0.7954545454545454,
        "f1-score": 0.8284023668639053,
        "support": 88.0
    },
    "micro avg": {
        "precision": 0.7305295950155763,
        "recall": 0.678726483357453,
        "f1-score": 0.7036759189797449,
        "support": 691.0
    },
    "macro avg": {
        "precision": 0.7264508885055098,
        "recall": 0.6689868941535794,
        "f1-score": 0.675999343744093,
        "support": 691.0
    },
    "weighted avg": {
        "precision": 0.7365914257710152,
        "recall": 0.678726483357453,
        "f1-score": 0.6867994844802883,
        "support": 691.0
    },
    "overall_accuracy": 67.8726483357453,
    "per_emotion_accuracy": {
        "Angry": 85.1063829787234,
        "Disgust": 26.595744680851062,
        "Fear": 70.33898305084746,
        "Happiness": 100.0,
        "Neutral": 32.142857142857146,
        "Sadness": 74.56140350877193,
        "Surprise": 79.54545454545455
    }
}