{
    "Angry": {
        "precision": 0.44692737430167595,
        "recall": 0.851063829787234,
        "f1-score": 0.5860805860805861,
        "support": 94.0
    },
    "Contempt": {
        "precision": 0.15517241379310345,
        "recall": 0.10344827586206896,
        "f1-score": 0.12413793103448276,
        "support": 87.0
    },
    "Disgust": {
        "precision": 0.7575757575757576,
        "recall": 0.26595744680851063,
        "f1-score": 0.3937007874015748,
        "support": 94.0
    },
    "Fear": {
        "precision": 0.7477477477477478,
        "recall": 0.7033898305084746,
        "f1-score": 0.7248908296943232,
        "support": 118.0
    },
    "Happiness": {
        "precision": 0.825,
        "recall": 1.0,
        "f1-score": 0.9041095890410958,
        "support": 99.0
    },
    "Neutral": {
        "precision": 0.29347826086956524,
        "recall": 0.32142857142857145,
        "f1-score": 0.3068181818181818,
        "support": 84.0
    },
    "Sadness": {
        "precision": 0.8173076923076923,
        "recall": 0.7456140350877193,
        "f1-score": 0.7798165137614679,
        "support": 114.0
    },
    "Surprise": {
        "precision": 0.8641975308641975,
        "recall": 0.7954545454545454,
        "f1-score": 0.8284023668639053,
        "support": 88.0
    },
    "accuracy": 0.6143958868894601,
    "macro avg": {
        "precision": 0.6134258471824675,
        "recall": 0.5982945668671406,
        "f1-score": 0.5809945982119522,
        "support": 778.0
    },
    "weighted avg": {
        "precision": 0.6304719308263275,
        "recall": 0.6143958868894601,
        "f1-score": 0.5983478591926479,
        "support": 778.0
    },
    "overall_accuracy": 61.43958868894602,
    "per_emotion_accuracy": {
        "Angry": 85.1063829787234,
        "Contempt": 10.344827586206897,
        "Disgust": 26.595744680851062,
        "Fear": 70.33898305084746,
        "Happiness": 100.0,
        "Neutral": 32.142857142857146,
        "Sadness": 74.56140350877193,
        "Surprise": 79.54545454545455
    }
}