model_folder,overall_accuracy,top2_overall_accuracy,accuracy_Angry,top2_accuracy_Angry,nll_Angry,accuracy_Contempt,top2_accuracy_Contempt,nll_Contempt,accuracy_Disgust,top2_accuracy_Disgust,nll_Disgust,accuracy_Fear,top2_accuracy_Fear,nll_Fear,accuracy_Happiness,top2_accuracy_Happiness,nll_Happiness,accuracy_Neutral,top2_accuracy_Neutral,nll_Neutral,accuracy_Sadness,top2_accuracy_Sadness,nll_Sadness,accuracy_Surprise,top2_accuracy_Surprise,nll_Surprise
enet_b0_100M_100W_fine,21.198639099712118,34.12719183459827,1.3824884792626728,2.9953917050691246,2.165623806039309,,,,33.088235294117645,57.84313725490196,2.012967107342739,1.3029315960912051,2.6058631921824102,2.134500432092126,35.18987341772152,47.0042194092827,1.8946077245197215,16.029411764705884,36.029411764705884,2.038365676297861,0.6276150627615062,2.510460251046025,2.158606546942659,41.33738601823708,70.82066869300913,1.9929922982189794
