{
    "Angry": {
        "precision": 0.03614457831325301,
        "recall": 0.013824884792626729,
        "f1-score": 0.02,
        "support": 434.0
    },
    "Contempt": {
        "precision": 0.0,
        "recall": 0.0,
        "f1-score": 0.0,
        "support": 0.0
    },
    "Disgust": {
        "precision": 0.14705882352941177,
        "recall": 0.33088235294117646,
        "f1-score": 0.20361990950226244,
        "support": 408.0
    },
    "Fear": {
        "precision": 0.3333333333333333,
        "recall": 0.013029315960912053,
        "f1-score": 0.025078369905956112,
        "support": 307.0
    },
    "Happiness": {
        "precision": 0.8891257995735607,
        "recall": 0.3518987341772152,
        "f1-score": 0.5042321644498187,
        "support": 1185.0
    },
    "Neutral": {
        "precision": 0.346031746031746,
        "recall": 0.16029411764705884,
        "f1-score": 0.21909547738693466,
        "support": 680.0
    },
    "Sadness": {
        "precision": 0.017857142857142856,
        "recall": 0.006276150627615063,
        "f1-score": 0.009287925696594427,
        "support": 478.0
    },
    "Surprise": {
        "precision": 0.14181438998957246,
        "recall": 0.4133738601823708,
        "f1-score": 0.2111801242236025,
        "support": 329.0
    },
    "accuracy": 0.21198639099712116,
    "macro avg": {
        "precision": 0.2389207267035025,
        "recall": 0.1611974270411219,
        "f1-score": 0.14906174639564612,
        "support": 3821.0
    },
    "weighted avg": {
        "precision": 0.3983586466134063,
        "recall": 0.21198639099712116,
        "f1-score": 0.2407416674919497,
        "support": 3821.0
    },
    "overall_accuracy": 21.198639099712118,
    "per_emotion_accuracy": {
        "Angry": 1.3824884792626728,
        "Contempt": NaN,
        "Disgust": 33.088235294117645,
        "Fear": 1.3029315960912051,
        "Happiness": 35.18987341772152,
        "Neutral": 16.029411764705884,
        "Sadness": 0.6276150627615062,
        "Surprise": 41.33738601823708
    }
}