model_folder,overall_accuracy,top2_overall_accuracy,accuracy_Angry,top2_accuracy_Angry,nll_Angry,accuracy_Contempt,top2_accuracy_Contempt,nll_Contempt,accuracy_Disgust,top2_accuracy_Disgust,nll_Disgust,accuracy_Fear,top2_accuracy_Fear,nll_Fear,accuracy_Happiness,top2_accuracy_Happiness,nll_Happiness,accuracy_Neutral,top2_accuracy_Neutral,nll_Neutral,accuracy_Sadness,top2_accuracy_Sadness,nll_Sadness,accuracy_Surprise,top2_accuracy_Surprise,nll_Surprise
enet_b0_100M_100W_fine_best_val,64.01028277634961,82.0051413881748,76.59574468085107,90.42553191489361,0.7883137524762052,16.091954022988507,50.57471264367816,1.9955857115230342,36.170212765957444,64.8936170212766,1.6249042392530022,71.1864406779661,87.28813559322033,0.901822463340931,100.0,100.0,0.04349166868346259,44.04761904761905,72.61904761904762,1.3193210430798077,76.3157894736842,88.59649122807018,0.5707464714058708,80.68181818181819,95.45454545454545,0.5551573954607275
