{
    "Angry": {
        "precision": 0.6605504587155964,
        "recall": 0.7659574468085106,
        "f1-score": 0.7093596059113301,
        "support": 94.0
    },
    "Disgust": {
        "precision": 0.7906976744186046,
        "recall": 0.3617021276595745,
        "f1-score": 0.49635036496350365,
        "support": 94.0
    },
    "Fear": {
        "precision": 0.7706422018348624,
        "recall": 0.711864406779661,
        "f1-score": 0.7400881057268722,
        "support": 118.0
    },
    "Happiness": {
        "precision": 0.9166666666666666,
        "recall": 1.0,
        "f1-score": 0.9565217391304348,
        "support": 99.0
    },
    "Neutral": {
        "precision": 0.40217391304347827,
        "recall": 0.44047619047619047,
        "f1-score": 0.42045454545454547,
        "support": 84.0
    },
    "Sadness": {
        "precision": 0.8529411764705882,
        "recall": 0.7631578947368421,
        "f1-score": 0.8055555555555556,
        "support": 114.0
    },
    "Surprise": {
        "precision": 0.8452380952380952,
        "recall": 0.8068181818181818,
        "f1-score": 0.8255813953488372,
        "support": 88.0
    },
    "micro avg": {
        "precision": 0.7480680061823802,
        "recall": 0.7004341534008683,
        "f1-score": 0.7234678624813154,
        "support": 691.0
    },
    "macro avg": {
        "precision": 0.7484157409125558,
        "recall": 0.6928537497541373,
        "f1-score": 0.7077016160130113,
        "support": 691.0
    },
    "weighted avg": {
        "precision": 0.7576005202972219,
        "recall": 0.7004341534008683,
        "f1-score": 0.716592567082679,
        "support": 691.0
    },
    "overall_accuracy": 70.04341534008682,
    "per_emotion_accuracy": {
        "Angry": 76.59574468085107,
        "Disgust": 36.170212765957444,
        "Fear": 71.1864406779661,
        "Happiness": 100.0,
        "Neutral": 44.04761904761905,
        "Sadness": 76.3157894736842,
        "Surprise": 80.68181818181819
    }
}