{
    "overall": {
        "accuracy": 0.6401028277634961,
        "macro avg": {
            "precision": 0.640738144877788,
            "recall": 0.6263619735636057,
            "f1-score": 0.6176814409409026,
            "support": 778
        },
        "weighted avg": {
            "precision": 0.6564975518048287,
            "recall": 0.6401028277634961,
            "f1-score": 0.6331043385605408,
            "support": 778
        }
    },
    "Angry": {
        "precision": 0.496551724137931,
        "recall": 0.7659574468085106,
        "f1-score": 0.602510460251046,
        "accuracy": 0.7659574468085106,
        "support": 94,
        "True Positives": 72,
        "False Positives": 73,
        "False Negatives": 22,
        "True Negatives": 611
    },
    "Contempt": {
        "precision": 0.2413793103448276,
        "recall": 0.16091954022988506,
        "f1-score": 0.19310344827586207,
        "accuracy": 0.16091954022988506,
        "support": 87,
        "True Positives": 14,
        "False Positives": 44,
        "False Negatives": 73,
        "True Negatives": 647
    },
    "Disgust": {
        "precision": 0.7727272727272727,
        "recall": 0.3617021276595745,
        "f1-score": 0.4927536231884059,
        "accuracy": 0.3617021276595745,
        "support": 94,
        "True Positives": 34,
        "False Positives": 10,
        "False Negatives": 60,
        "True Negatives": 674
    },
    "Fear": {
        "precision": 0.7567567567567568,
        "recall": 0.711864406779661,
        "f1-score": 0.7336244541484717,
        "accuracy": 0.711864406779661,
        "support": 118,
        "True Positives": 84,
        "False Positives": 27,
        "False Negatives": 34,
        "True Negatives": 633
    },
    "Happiness": {
        "precision": 0.8839285714285714,
        "recall": 1.0,
        "f1-score": 0.9383886255924171,
        "accuracy": 1.0,
        "support": 99,
        "True Positives": 99,
        "False Positives": 13,
        "False Negatives": 0,
        "True Negatives": 666
    },
    "Neutral": {
        "precision": 0.3162393162393162,
        "recall": 0.44047619047619047,
        "f1-score": 0.3681592039800995,
        "accuracy": 0.44047619047619047,
        "support": 84,
        "True Positives": 37,
        "False Positives": 80,
        "False Negatives": 47,
        "True Negatives": 614
    },
    "Sadness": {
        "precision": 0.8130841121495327,
        "recall": 0.7631578947368421,
        "f1-score": 0.7873303167420815,
        "accuracy": 0.7631578947368421,
        "support": 114,
        "True Positives": 87,
        "False Positives": 20,
        "False Negatives": 27,
        "True Negatives": 644
    },
    "Surprise": {
        "precision": 0.8452380952380952,
        "recall": 0.8068181818181818,
        "f1-score": 0.8255813953488372,
        "accuracy": 0.8068181818181818,
        "support": 88,
        "True Positives": 71,
        "False Positives": 13,
        "False Negatives": 17,
        "True Negatives": 677
    }
}