folder,parsed_emotion,reported_emotion,accuracy,precision,recall,f1score,false_positives
evaluation_angry_6_20250314_004534,angry,Angry,0.7995391705069125,1.0,0.7995391705069125,0.8886043533930857,0
evaluation_disgust_3_20250314_004539,disgust,Disgust,0.35049019607843135,1.0,0.35049019607843135,0.5190562613430127,0
evaluation_fear_2_20250314_004542,fear,Fear,0.6872964169381107,1.0,0.6872964169381107,0.8146718146718147,0
evaluation_happy_4_20250314_004545,happy,Happiness,0.8396624472573839,1.0,0.8396624472573839,0.9128440366972477,0
evaluation_neutral_7_20250314_004553,neutral,Neutral,0.6,1.0,0.6,0.75,0
evaluation_sad_5_20250314_004558,sad,Sadness,0.8598326359832636,1.0,0.8598326359832636,0.9246344206974129,0
evaluation_surprised_1_20250314_004602,surprised,Surprise,0.3130699088145897,1.0,0.3130699088145897,0.47685185185185186,0
