model_folder,overall_accuracy,top2_overall_accuracy,accuracy_Angry,top2_accuracy_Angry,nll_Angry,accuracy_Contempt,top2_accuracy_Contempt,nll_Contempt,accuracy_Disgust,top2_accuracy_Disgust,nll_Disgust,accuracy_Fear,top2_accuracy_Fear,nll_Fear,accuracy_Happiness,top2_accuracy_Happiness,nll_Happiness,accuracy_Neutral,top2_accuracy_Neutral,nll_Neutral,accuracy_Sadness,top2_accuracy_Sadness,nll_Sadness,accuracy_Surprise,top2_accuracy_Surprise,nll_Surprise
enet_b0_100M_100W_fine_epoch15,45.93038471604292,70.71447265113845,17.05069124423963,66.58986175115207,2.1003391462708674,,,,68.13725490196079,80.1470588235294,0.9433678544626352,42.99674267100977,75.8957654723127,1.3794022526968186,41.60337552742616,61.77215189873418,1.6116001359716585,39.26470588235294,65.29411764705883,1.4701606559841072,59.62343096234309,81.17154811715481,1.0741753330960564,68.69300911854103,87.8419452887538,0.8711427181908198
