{
    "overall": {
        "accuracy": 0.557183983250458,
        "macro avg": {
            "precision": 0.5077890172792928,
            "recall": 0.47643410171112466,
            "f1-score": 0.4678164148152361,
            "support": 3821
        },
        "weighted avg": {
            "precision": 0.6543911960186198,
            "recall": 0.557183983250458,
            "f1-score": 0.5790201706067185,
            "support": 3821
        }
    },
    "per_class": {},
    "Angry": {
        "precision": 0.569620253164557,
        "recall": 0.2073732718894009,
        "f1-score": 0.30405405405405406,
        "accuracy": 0.2073732718894009,
        "support": 434,
        "tp": 90,
        "fp": 68,
        "fn": 344,
        "tn": 3319
    },
    "Contempt": {
        "precision": 0.0,
        "recall": 0.0,
        "f1-score": 0.0,
        "accuracy": 0.0,
        "support": 0,
        "tp": 0,
        "fp": 210,
        "fn": 0,
        "tn": 3611
    },
    "Disgust": {
        "precision": 0.3157894736842105,
        "recall": 0.6617647058823529,
        "f1-score": 0.42755344418052255,
        "accuracy": 0.6617647058823529,
        "support": 408,
        "tp": 270,
        "fp": 585,
        "fn": 138,
        "tn": 2828
    },
    "Fear": {
        "precision": 0.549645390070922,
        "recall": 0.504885993485342,
        "f1-score": 0.5263157894736842,
        "accuracy": 0.504885993485342,
        "support": 307,
        "tp": 155,
        "fp": 127,
        "fn": 152,
        "tn": 3387
    },
    "Happiness": {
        "precision": 0.9211165048543689,
        "recall": 0.640506329113924,
        "f1-score": 0.7555998008959681,
        "accuracy": 0.640506329113924,
        "support": 1185,
        "tp": 759,
        "fp": 65,
        "fn": 426,
        "tn": 2571
    },
    "Neutral": {
        "precision": 0.5928030303030303,
        "recall": 0.4602941176470588,
        "f1-score": 0.5182119205298014,
        "accuracy": 0.4602941176470588,
        "support": 680,
        "tp": 313,
        "fp": 215,
        "fn": 367,
        "tn": 2926
    },
    "Sadness": {
        "precision": 0.6356589147286822,
        "recall": 0.6861924686192469,
        "f1-score": 0.6599597585513078,
        "accuracy": 0.6861924686192469,
        "support": 478,
        "tp": 328,
        "fp": 188,
        "fn": 150,
        "tn": 3155
    },
    "Surprise": {
        "precision": 0.47767857142857145,
        "recall": 0.6504559270516718,
        "f1-score": 0.5508365508365508,
        "accuracy": 0.6504559270516718,
        "support": 329,
        "tp": 214,
        "fp": 234,
        "fn": 115,
        "tn": 3258
    }
}