model_folder,overall_accuracy,top2_overall_accuracy,accuracy_Angry,top2_accuracy_Angry,nll_Angry,accuracy_Contempt,top2_accuracy_Contempt,nll_Contempt,accuracy_Disgust,top2_accuracy_Disgust,nll_Disgust,accuracy_Fear,top2_accuracy_Fear,nll_Fear,accuracy_Happiness,top2_accuracy_Happiness,nll_Happiness,accuracy_Neutral,top2_accuracy_Neutral,nll_Neutral,accuracy_Sadness,top2_accuracy_Sadness,nll_Sadness,accuracy_Surprise,top2_accuracy_Surprise,nll_Surprise
enet_b0_8_best_afew_state_dict,68.51609526302015,86.02460088981942,79.95391705069125,94.23963133640552,0.5197433127915971,,,,35.049019607843135,56.86274509803921,2.0752182039523532,68.72964169381108,88.92508143322476,0.8725159689753714,83.96624472573839,92.57383966244726,0.4975595708703722,60.0,88.97058823529412,1.0263819839695798,85.98326359832636,95.18828451882845,0.47243848628823953,31.306990881458965,65.65349544072949,1.6393648414309263
