Emotion,Accuracy,TotalImages,ProcessingTime
Angry,79.01234567901234,162,7.857388019561768
Disgust,29.375,160,6.10779881477356
Fear,67.56756756756756,74,3.3012444972991943
Happiness,83.96624472573839,1185,16.59786629676819
Neutral,60.0,680,24.930370569229126
Sadness,85.98326359832636,478,18.02712893486023
Surprise,31.306990881458965,329,12.666229724884033
