model_folder,overall_accuracy,top2_overall_accuracy,accuracy_Angry,top2_accuracy_Angry,nll_Angry,accuracy_Contempt,top2_accuracy_Contempt,nll_Contempt,accuracy_Disgust,top2_accuracy_Disgust,nll_Disgust,accuracy_Fear,top2_accuracy_Fear,nll_Fear,accuracy_Happiness,top2_accuracy_Happiness,nll_Happiness,accuracy_Neutral,top2_accuracy_Neutral,nll_Neutral,accuracy_Sadness,top2_accuracy_Sadness,nll_Sadness,accuracy_Surprise,top2_accuracy_Surprise,nll_Surprise
enet_b0_100M_100W_fine_epoch20,46.061240512954726,70.53127453546192,14.516129032258064,65.2073732718894,2.198720399702337,,,,67.6470588235294,79.90196078431373,0.9661832770672809,44.62540716612378,77.52442996742671,1.3496254356608328,40.84388185654009,60.50632911392405,1.6622212245588817,42.05882352941177,67.5,1.4247300829190541,59.41422594142259,79.9163179916318,1.1081118123866383,69.90881458966565,88.14589665653496,0.8266234832920565
