model_folder,overall_accuracy,top2_overall_accuracy,accuracy_Angry,top2_accuracy_Angry,nll_Angry,accuracy_Contempt,top2_accuracy_Contempt,nll_Contempt,accuracy_Disgust,top2_accuracy_Disgust,nll_Disgust,accuracy_Fear,top2_accuracy_Fear,nll_Fear,accuracy_Happiness,top2_accuracy_Happiness,nll_Happiness,accuracy_Neutral,top2_accuracy_Neutral,nll_Neutral,accuracy_Sadness,top2_accuracy_Sadness,nll_Sadness,accuracy_Surprise,top2_accuracy_Surprise,nll_Surprise
enet_b0_100M_100W_fine,9.473959696414552,18.529180842711334,31.797235023041473,55.29953917050691,2.029419897064086,,,,28.92156862745098,51.71568627450981,2.027833628596044,18.241042345276874,30.618892508143322,2.0894939732473916,1.0126582278481013,3.5443037974683542,2.194379533091678,2.3529411764705883,7.9411764705882355,2.1140282879857457,2.510460251046025,6.694560669456067,2.1380753018367242,3.0395136778115504,10.638297872340425,2.1002867768963056
enet_b0_100M_100W_fine_best_val,11.253598534415074,28.840617639361422,3.225806451612903,14.516129032258064,2.085565438743011,,,,19.362745098039216,46.568627450980394,2.0334989504486907,11.400651465798045,32.24755700325733,2.0520808832653183,11.223628691983123,38.39662447257384,1.9938358407483323,0.14705882352941177,0.5882352941176471,2.2162108458140315,34.93723849372385,57.53138075313807,2.0060895489349524,0.303951367781155,4.86322188449848,2.1137809488911032
enet_b0_100M_100W_fine_epoch5,16.566343889034282,32.1120125621565,33.64055299539171,51.61290322580645,2.0205317947172348,,,,18.38235294117647,40.44117647058823,2.0523386223643434,11.400651465798045,28.01302931596091,2.0753315353238233,16.70886075949367,33.586497890295355,2.041639060611966,20.294117647058822,38.970588235294116,2.057709470917197,7.322175732217573,15.271966527196653,2.1002721866304404,1.8237082066869301,4.86322188449848,2.126657738874024
