epoch,train_loss,train_acc,val_loss,val_acc,learning_rate,time_taken
1,0.6144567507737257,79.01896915117838,1.2575752278687298,57.04347826086956,0.0001,118.99881482124329
2,0.3023661907678775,89.02088522705499,1.3096810308401134,58.14492753623188,0.0001,113.2411720752716
3,0.19149410581024562,93.38953822571374,1.4662704271510028,56.57971014492754,0.0001,119.146231174469
4,0.11843691002502595,96.03372293542824,1.6531213647040768,55.42028985507246,0.0001,112.7002375125885
