epoch,train_loss,train_acc,val_loss,val_acc,learning_rate,time_taken
1,0.5830215603597407,79.58641063515509,1.3149381487611411,55.94202898550725,0.0001,89.84240531921387
2,0.2703529783462668,91.13737075332348,1.435875341270281,54.26086956521739,0.0001,89.14077877998352
3,0.17626190855218707,94.47562776957164,1.5243635067732437,57.21739130434783,0.0001,92.05871224403381
4,0.0938190982395032,97.13441654357459,1.7648472499501877,54.14492753623188,0.0001,91.1961407661438
5,0.04853903859787713,98.70014771048744,1.8902788904784382,53.27536231884058,0.0001,88.90036654472351
