epoch,train_loss,train_acc,val_loss,val_acc,learning_rate,time_taken
1,0.5764717401239412,80.17852082742986,1.3160454800509025,54.26086956521739,0.0001,134.03502535820007
2,0.273847681574458,90.18135449135733,1.373391932024472,55.01449275362319,0.0001,133.44331860542297
3,0.16744480462051817,94.41768206290735,1.516908338173576,54.55072463768116,0.0001,137.2329797744751
4,0.099938084388014,96.76962312269765,1.7233004281831825,52.57971014492754,0.0001,133.06861066818237
