epoch,train_loss,train_acc,val_loss,val_acc,learning_rate,time_taken
1,0.6272515790129817,78.86046511627907,1.274099324475164,54.08695652173913,0.0001,102.60283899307251
2,0.31259511150592983,88.86046511627907,1.3049530675100243,55.30434782608695,0.0001,106.851802110672
3,0.19357388208078782,93.55813953488372,1.4093056031586468,55.18840579710145,0.0001,110.1520164012909
4,0.1183192075719667,96.09302325581395,1.5327007778485615,54.72463768115942,0.0001,102.37512135505676
