epoch,train_loss,train_acc,val_loss,val_acc,learning_rate,time_taken
1,0.5999259174219731,79.40361740263972,1.2595116848530976,55.18840579710145,0.0001,124.44086003303528
2,0.2826931407246894,90.35359296073,1.3239618192548337,56.46376811594203,0.0001,122.3291597366333
3,0.18156559449202156,93.53104122535441,1.4547391314437423,55.88405797101449,0.0001,122.85361766815186
4,0.1126169408824072,96.28482972136223,1.5541143440163654,55.88405797101449,0.0001,124.77732181549072
