epoch,train_loss,train_acc,val_loss,val_acc,learning_rate,time_taken
1,0.6359945044732644,77.9828486204325,1.2525925498768904,55.072463768115945,0.0001,122.4439868927002
2,0.31796557216791854,88.42281879194631,1.2880324760381727,56.927536231884055,0.0001,115.34381628036499
3,0.1813441174497896,93.79194630872483,1.5024283908069997,55.53623188405797,0.0001,113.38051462173462
4,0.11008231526019856,96.62565249813572,1.6647586180507272,53.333333333333336,0.0001,113.75179171562195
