epoch,train_loss,train_acc,val_loss,val_acc,learning_rate,time_taken
1,0.6598281914189719,76.88731458932921,1.2016692546139593,55.594202898550726,0.0001,108.93444108963013
2,0.3315968319117192,87.71308390524685,1.269312849563101,55.594202898550726,0.0001,103.64187574386597
3,0.20041586552557525,92.91565198140358,1.4168492664807084,55.01449275362319,0.0001,107.81671905517578
