epoch,train_loss,train_acc,val_loss,val_acc,learning_rate,time_taken
1,0.6867706483240644,76.96705690171522,1.3403212543846905,48.927536231884055,0.0001,97.68065929412842
2,0.311498713970444,88.59243125510481,1.3916885277499322,53.15942028985507,0.0001,92.56029796600342
3,0.18285616687474898,93.73808875578545,1.5374390502597974,50.3768115942029,0.0001,94.05606889724731
4,0.11610299026304001,96.21562755240947,1.5762752855687903,51.2463768115942,0.0001,93.28018641471863
