epoch,train_loss,train_acc,val_loss,val_acc,learning_rate,time_taken
1,0.6143835221703694,78.24476650563606,1.2490032584425332,56.52173913043478,0.0001,129.99268698692322
2,0.3003636082973265,88.88888888888889,1.3584346520382424,54.72463768115942,0.0001,131.07427883148193
3,0.19368629870207413,93.17230273752013,1.4937447579010674,53.6231884057971,0.0001,127.38901114463806
