{
    "overall": {
        "accuracy": 0.9305912596401028,
        "macro avg": {
            "precision": 0.9300600532018161,
            "recall": 0.929560973707832,
            "f1-score": 0.9291798230636106,
            "support": 778
        },
        "weighted avg": {
            "precision": 0.9313773733000263,
            "recall": 0.9305912596401028,
            "f1-score": 0.9303990974172621,
            "support": 778
        }
    },
    "per_class": {},
    "Angry": {
        "precision": 0.84375,
        "recall": 0.8617021276595744,
        "f1-score": 0.8526315789473684,
        "accuracy": 0.8617021276595744,
        "support": 94,
        "tp": 81,
        "fp": 15,
        "fn": 13,
        "tn": 669
    },
    "Contempt": {
        "precision": 0.935064935064935,
        "recall": 0.8275862068965517,
        "f1-score": 0.8780487804878049,
        "accuracy": 0.8275862068965517,
        "support": 87,
        "tp": 72,
        "fp": 5,
        "fn": 15,
        "tn": 686
    },
    "Disgust": {
        "precision": 0.88,
        "recall": 0.9361702127659575,
        "f1-score": 0.9072164948453608,
        "accuracy": 0.9361702127659575,
        "support": 94,
        "tp": 88,
        "fp": 12,
        "fn": 6,
        "tn": 672
    },
    "Fear": {
        "precision": 0.9649122807017544,
        "recall": 0.9322033898305084,
        "f1-score": 0.9482758620689654,
        "accuracy": 0.9322033898305084,
        "support": 118,
        "tp": 110,
        "fp": 4,
        "fn": 8,
        "tn": 656
    },
    "Happiness": {
        "precision": 0.98989898989899,
        "recall": 0.98989898989899,
        "f1-score": 0.98989898989899,
        "accuracy": 0.98989898989899,
        "support": 99,
        "tp": 98,
        "fp": 1,
        "fn": 1,
        "tn": 678
    },
    "Neutral": {
        "precision": 0.9529411764705882,
        "recall": 0.9642857142857143,
        "f1-score": 0.9585798816568047,
        "accuracy": 0.9642857142857143,
        "support": 84,
        "tp": 81,
        "fp": 4,
        "fn": 3,
        "tn": 690
    },
    "Sadness": {
        "precision": 0.9391304347826087,
        "recall": 0.9473684210526315,
        "f1-score": 0.9432314410480349,
        "accuracy": 0.9473684210526315,
        "support": 114,
        "tp": 108,
        "fp": 7,
        "fn": 6,
        "tn": 657
    },
    "Surprise": {
        "precision": 0.9347826086956522,
        "recall": 0.9772727272727273,
        "f1-score": 0.9555555555555557,
        "accuracy": 0.9772727272727273,
        "support": 88,
        "tp": 86,
        "fp": 6,
        "fn": 2,
        "tn": 684
    }
}