{
    "overall": {
        "accuracy": 0.542528133996336,
        "macro avg": {
            "precision": 0.6154710039996312,
            "recall": 0.5206907871426301,
            "f1-score": 0.5430484737812299,
            "support": 3821
        },
        "weighted avg": {
            "precision": 0.6769134453685275,
            "recall": 0.542528133996336,
            "f1-score": 0.5812801049317718,
            "support": 3821
        }
    },
    "per_class": {},
    "Angry": {
        "precision": 0.6151898734177215,
        "recall": 0.5599078341013825,
        "f1-score": 0.586248492159228,
        "accuracy": 0.5599078341013825,
        "support": 434,
        "tp": 243,
        "fp": 152,
        "fn": 191,
        "tn": 3235
    },
    "Disgust": {
        "precision": 0.3824959481361426,
        "recall": 0.5784313725490197,
        "f1-score": 0.4604878048780488,
        "accuracy": 0.5784313725490197,
        "support": 408,
        "tp": 236,
        "fp": 381,
        "fn": 172,
        "tn": 3032
    },
    "Fear": {
        "precision": 0.44983818770226536,
        "recall": 0.4527687296416938,
        "f1-score": 0.45129870129870125,
        "accuracy": 0.4527687296416938,
        "support": 307,
        "tp": 139,
        "fp": 170,
        "fn": 168,
        "tn": 3344
    },
    "Happiness": {
        "precision": 0.8210831721470019,
        "recall": 0.7164556962025317,
        "f1-score": 0.7652095538530869,
        "accuracy": 0.7164556962025317,
        "support": 1185,
        "tp": 849,
        "fp": 185,
        "fn": 336,
        "tn": 2451
    },
    "Neutral": {
        "precision": 0.7759336099585062,
        "recall": 0.275,
        "f1-score": 0.40608034744842564,
        "accuracy": 0.275,
        "support": 680,
        "tp": 187,
        "fp": 54,
        "fn": 493,
        "tn": 3087
    },
    "Sadness": {
        "precision": 0.7311475409836066,
        "recall": 0.4665271966527197,
        "f1-score": 0.569604086845466,
        "accuracy": 0.4665271966527197,
        "support": 478,
        "tp": 223,
        "fp": 82,
        "fn": 255,
        "tn": 3261
    },
    "Surprise": {
        "precision": 0.532608695652174,
        "recall": 0.5957446808510638,
        "f1-score": 0.5624103299856529,
        "accuracy": 0.5957446808510638,
        "support": 329,
        "tp": 196,
        "fp": 172,
        "fn": 133,
        "tn": 3320
    }
}