model_folder,overall_accuracy,top2_overall_accuracy,accuracy_Angry,top2_accuracy_Angry,nll_Angry,accuracy_Contempt,top2_accuracy_Contempt,nll_Contempt,accuracy_Disgust,top2_accuracy_Disgust,nll_Disgust,accuracy_Fear,top2_accuracy_Fear,nll_Fear,accuracy_Happiness,top2_accuracy_Happiness,nll_Happiness,accuracy_Neutral,top2_accuracy_Neutral,nll_Neutral,accuracy_Sadness,top2_accuracy_Sadness,nll_Sadness,accuracy_Surprise,top2_accuracy_Surprise,nll_Surprise
enet_b0_100W_75M_fine_best_val,65.03533106516619,83.53834074849516,41.474654377880185,79.26267281105991,1.3887066393532717,,,,59.31372549019608,70.83333333333333,1.3266250902522063,41.693811074918564,59.28338762214984,1.8008998933002498,83.62869198312237,94.51476793248945,0.4693435317872836,58.8235294117647,84.8529411764706,1.08229538607685,66.31799163179916,83.68200836820084,0.9372244748383347,68.9969604863222,85.1063829787234,0.967422650124889
