{
    "Angry": {
        "precision": 0.7258064516129032,
        "recall": 0.4147465437788018,
        "f1-score": 0.5278592375366569,
        "support": 434.0
    },
    "Contempt": {
        "precision": 0.0,
        "recall": 0.0,
        "f1-score": 0.0,
        "support": 0.0
    },
    "Disgust": {
        "precision": 0.41367521367521365,
        "recall": 0.5931372549019608,
        "f1-score": 0.4874118831822759,
        "support": 408.0
    },
    "Fear": {
        "precision": 0.7032967032967034,
        "recall": 0.4169381107491857,
        "f1-score": 0.523517382413088,
        "support": 307.0
    },
    "Happiness": {
        "precision": 0.8103025347506132,
        "recall": 0.8362869198312236,
        "f1-score": 0.8230897009966778,
        "support": 1185.0
    },
    "Neutral": {
        "precision": 0.7272727272727273,
        "recall": 0.5882352941176471,
        "f1-score": 0.6504065040650406,
        "support": 680.0
    },
    "Sadness": {
        "precision": 0.7750611246943765,
        "recall": 0.6631799163179917,
        "f1-score": 0.7147688838782412,
        "support": 478.0
    },
    "Surprise": {
        "precision": 0.6358543417366946,
        "recall": 0.6899696048632219,
        "f1-score": 0.6618075801749271,
        "support": 329.0
    },
    "accuracy": 0.6503533106516619,
    "macro avg": {
        "precision": 0.598908637129904,
        "recall": 0.5253117055700041,
        "f1-score": 0.5486076465308635,
        "support": 3821.0
    },
    "weighted avg": {
        "precision": 0.7155511199559776,
        "recall": 0.6503533106516619,
        "f1-score": 0.6714751982849351,
        "support": 3821.0
    },
    "overall_accuracy": 65.03533106516619,
    "per_emotion_accuracy": {
        "Angry": 41.474654377880185,
        "Contempt": NaN,
        "Disgust": 59.31372549019608,
        "Fear": 41.693811074918564,
        "Happiness": 83.62869198312237,
        "Neutral": 58.8235294117647,
        "Sadness": 66.31799163179916,
        "Surprise": 68.9969604863222
    }
}