model_folder,overall_accuracy,top2_overall_accuracy,accuracy_Angry,top2_accuracy_Angry,nll_Angry,accuracy_Contempt,top2_accuracy_Contempt,nll_Contempt,accuracy_Disgust,top2_accuracy_Disgust,nll_Disgust,accuracy_Fear,top2_accuracy_Fear,nll_Fear,accuracy_Happiness,top2_accuracy_Happiness,nll_Happiness,accuracy_Neutral,top2_accuracy_Neutral,nll_Neutral,accuracy_Sadness,top2_accuracy_Sadness,nll_Sadness,accuracy_Surprise,top2_accuracy_Surprise,nll_Surprise
Fraction_75_percent,62.57524208322429,84.1141062549071,40.55299539170507,82.71889400921658,1.3285601469108723,,,,62.745098039215684,74.01960784313725,1.1963913922937697,49.185667752442995,71.00977198697069,1.334495987342701,74.76793248945148,90.54852320675106,0.6783725996873093,54.26470588235294,83.82352941176471,1.1789703814860653,72.38493723849372,87.23849372384937,0.834121217956293,62.91793313069909,83.58662613981762,1.0418214109417696
