model_folder,overall_accuracy,top2_overall_accuracy,accuracy_Angry,top2_accuracy_Angry,nll_Angry,accuracy_Contempt,top2_accuracy_Contempt,nll_Contempt,accuracy_Disgust,top2_accuracy_Disgust,nll_Disgust,accuracy_Fear,top2_accuracy_Fear,nll_Fear,accuracy_Happiness,top2_accuracy_Happiness,nll_Happiness,accuracy_Neutral,top2_accuracy_Neutral,nll_Neutral,accuracy_Sadness,top2_accuracy_Sadness,nll_Sadness,accuracy_Surprise,top2_accuracy_Surprise,nll_Surprise
Best on Validation,92.2879177377892,98.45758354755785,89.36170212765957,98.93617021276596,0.316130907197998,83.9080459770115,95.40229885057471,0.4623269990632503,89.36170212765957,97.87234042553192,0.25893300652108897,93.22033898305085,99.15254237288136,0.16797278072365351,98.98989898989899,100.0,0.029432031348907796,98.80952380952381,100.0,0.08290308486279427,90.35087719298245,98.24561403508773,0.18908664895669325,94.31818181818181,97.72727272727273,0.18042118726556175
