{
    "Angry": {
        "precision": 0.8571428571428571,
        "recall": 0.8936170212765957,
        "f1-score": 0.875,
        "support": 94.0
    },
    "Contempt": {
        "precision": 0.9012345679012346,
        "recall": 0.8390804597701149,
        "f1-score": 0.8690476190476191,
        "support": 87.0
    },
    "Disgust": {
        "precision": 0.865979381443299,
        "recall": 0.8936170212765957,
        "f1-score": 0.8795811518324608,
        "support": 94.0
    },
    "Fear": {
        "precision": 0.9482758620689655,
        "recall": 0.9322033898305084,
        "f1-score": 0.9401709401709402,
        "support": 118.0
    },
    "Happiness": {
        "precision": 0.98,
        "recall": 0.98989898989899,
        "f1-score": 0.9849246231155779,
        "support": 99.0
    },
    "Neutral": {
        "precision": 0.9540229885057471,
        "recall": 0.9880952380952381,
        "f1-score": 0.9707602339181286,
        "support": 84.0
    },
    "Sadness": {
        "precision": 0.9279279279279279,
        "recall": 0.9035087719298246,
        "f1-score": 0.9155555555555556,
        "support": 114.0
    },
    "Surprise": {
        "precision": 0.9431818181818182,
        "recall": 0.9431818181818182,
        "f1-score": 0.9431818181818182,
        "support": 88.0
    },
    "accuracy": 0.922879177377892,
    "macro avg": {
        "precision": 0.9222206753964812,
        "recall": 0.9229003387824608,
        "f1-score": 0.9222777427277625,
        "support": 778.0
    },
    "weighted avg": {
        "precision": 0.9231608796618387,
        "recall": 0.922879177377892,
        "f1-score": 0.9227540780725751,
        "support": 778.0
    }
}