model_folder,overall_accuracy,top2_overall_accuracy,accuracy_Angry,top2_accuracy_Angry,nll_Angry,accuracy_Contempt,top2_accuracy_Contempt,nll_Contempt,accuracy_Disgust,top2_accuracy_Disgust,nll_Disgust,accuracy_Fear,top2_accuracy_Fear,nll_Fear,accuracy_Happiness,top2_accuracy_Happiness,nll_Happiness,accuracy_Neutral,top2_accuracy_Neutral,nll_Neutral,accuracy_Sadness,top2_accuracy_Sadness,nll_Sadness,accuracy_Surprise,top2_accuracy_Surprise,nll_Surprise
Epoch 35,95.88688946015424,99.61439588688945,94.68085106382979,100.0,0.16899682766693438,90.80459770114942,98.85057471264368,0.4122040271867214,93.61702127659575,98.93617021276596,0.16971317572992883,95.76271186440678,100.0,0.15792344885839624,100.0,100.0,0.0001585727334655046,97.61904761904762,100.0,0.054053087287883925,95.6140350877193,99.12280701754386,0.19739984058176996,98.86363636363636,100.0,0.07852269473584429
