model_folder,overall_accuracy,top2_overall_accuracy,accuracy_Angry,top2_accuracy_Angry,nll_Angry,accuracy_Contempt,top2_accuracy_Contempt,nll_Contempt,accuracy_Disgust,top2_accuracy_Disgust,nll_Disgust,accuracy_Fear,top2_accuracy_Fear,nll_Fear,accuracy_Happiness,top2_accuracy_Happiness,nll_Happiness,accuracy_Neutral,top2_accuracy_Neutral,nll_Neutral,accuracy_Sadness,top2_accuracy_Sadness,nll_Sadness,accuracy_Surprise,top2_accuracy_Surprise,nll_Surprise
enet_b0_100W_50M_finetuned_best,92.03084832904884,98.0719794344473,85.1063829787234,97.87234042553192,0.36921437641486843,82.75862068965517,96.55172413793103,0.44221752067631775,91.48936170212765,97.87234042553192,0.3030744349990198,93.22033898305085,99.15254237288136,0.22221862217406463,100.0,100.0,0.013970433909604004,95.23809523809524,100.0,0.13837111130097968,91.2280701754386,94.73684210526316,0.2740144334239091,96.5909090909091,98.86363636363636,0.13208981487977403
