{
    "overall": {
        "accuracy": 0.9319826338639653,
        "macro avg": {
            "precision": 0.9494626728797451,
            "recall": 0.9326759402404926,
            "f1-score": 0.9406380678708358,
            "support": 691
        },
        "weighted avg": {
            "precision": 0.9497898923841177,
            "recall": 0.9319826338639653,
            "f1-score": 0.9404570357780571,
            "support": 691
        }
    },
    "per_class": {},
    "Angry": {
        "precision": 0.9302325581395349,
        "recall": 0.851063829787234,
        "f1-score": 0.888888888888889,
        "accuracy": 0.851063829787234,
        "support": 94,
        "tp": 80,
        "fp": 6,
        "fn": 14,
        "tn": 591
    },
    "Disgust": {
        "precision": 0.9148936170212766,
        "recall": 0.9148936170212766,
        "f1-score": 0.9148936170212766,
        "accuracy": 0.9148936170212766,
        "support": 94,
        "tp": 86,
        "fp": 8,
        "fn": 8,
        "tn": 589
    },
    "Fear": {
        "precision": 0.9482758620689655,
        "recall": 0.9322033898305084,
        "f1-score": 0.94017094017094,
        "accuracy": 0.9322033898305084,
        "support": 118,
        "tp": 110,
        "fp": 6,
        "fn": 8,
        "tn": 567
    },
    "Happiness": {
        "precision": 0.9801980198019802,
        "recall": 1.0,
        "f1-score": 0.99,
        "accuracy": 1.0,
        "support": 99,
        "tp": 99,
        "fp": 2,
        "fn": 0,
        "tn": 590
    },
    "Neutral": {
        "precision": 0.975609756097561,
        "recall": 0.9523809523809523,
        "f1-score": 0.963855421686747,
        "accuracy": 0.9523809523809523,
        "support": 84,
        "tp": 80,
        "fp": 2,
        "fn": 4,
        "tn": 605
    },
    "Sadness": {
        "precision": 0.9629629629629629,
        "recall": 0.9122807017543859,
        "f1-score": 0.9369369369369369,
        "accuracy": 0.9122807017543859,
        "support": 114,
        "tp": 104,
        "fp": 4,
        "fn": 10,
        "tn": 573
    },
    "Surprise": {
        "precision": 0.9340659340659341,
        "recall": 0.9659090909090909,
        "f1-score": 0.9497206703910613,
        "accuracy": 0.9659090909090909,
        "support": 88,
        "tp": 85,
        "fp": 6,
        "fn": 3,
        "tn": 597
    }
}