{
    "Angry": {
        "precision": 0.851063829787234,
        "recall": 0.851063829787234,
        "f1-score": 0.851063829787234,
        "support": 94.0
    },
    "Contempt": {
        "precision": 0.8470588235294118,
        "recall": 0.8275862068965517,
        "f1-score": 0.8372093023255814,
        "support": 87.0
    },
    "Disgust": {
        "precision": 0.8865979381443299,
        "recall": 0.9148936170212766,
        "f1-score": 0.900523560209424,
        "support": 94.0
    },
    "Fear": {
        "precision": 0.9482758620689655,
        "recall": 0.9322033898305084,
        "f1-score": 0.9401709401709402,
        "support": 118.0
    },
    "Happiness": {
        "precision": 0.9801980198019802,
        "recall": 1.0,
        "f1-score": 0.99,
        "support": 99.0
    },
    "Neutral": {
        "precision": 0.9523809523809523,
        "recall": 0.9523809523809523,
        "f1-score": 0.9523809523809523,
        "support": 84.0
    },
    "Sadness": {
        "precision": 0.9454545454545454,
        "recall": 0.9122807017543859,
        "f1-score": 0.9285714285714286,
        "support": 114.0
    },
    "Surprise": {
        "precision": 0.9340659340659341,
        "recall": 0.9659090909090909,
        "f1-score": 0.9497206703910615,
        "support": 88.0
    },
    "accuracy": 0.9203084832904884,
    "macro avg": {
        "precision": 0.9181369881541692,
        "recall": 0.9195397235725,
        "f1-score": 0.9187050854795777,
        "support": 778.0
    },
    "weighted avg": {
        "precision": 0.9202443443403344,
        "recall": 0.9203084832904884,
        "f1-score": 0.9201403043107181,
        "support": 778.0
    },
    "overall_accuracy": 92.03084832904884,
    "per_emotion_accuracy": {
        "Angry": 85.1063829787234,
        "Contempt": 82.75862068965517,
        "Disgust": 91.48936170212765,
        "Fear": 93.22033898305085,
        "Happiness": 100.0,
        "Neutral": 95.23809523809524,
        "Sadness": 91.2280701754386,
        "Surprise": 96.5909090909091
    }
}