model_folder,overall_accuracy,top2_overall_accuracy,accuracy_Angry,top2_accuracy_Angry,nll_Angry,accuracy_Contempt,top2_accuracy_Contempt,nll_Contempt,accuracy_Disgust,top2_accuracy_Disgust,nll_Disgust,accuracy_Fear,top2_accuracy_Fear,nll_Fear,accuracy_Happiness,top2_accuracy_Happiness,nll_Happiness,accuracy_Neutral,top2_accuracy_Neutral,nll_Neutral,accuracy_Sadness,top2_accuracy_Sadness,nll_Sadness,accuracy_Surprise,top2_accuracy_Surprise,nll_Surprise
enet_b0_100M_100W_fine_best_val,62.02564773619471,83.80005234231876,35.25345622119816,79.95391705069125,1.5016061496354365,,,,65.68627450980392,76.47058823529412,1.1265329481559057,48.85993485342019,68.40390879478828,1.3732679632010016,72.82700421940929,89.53586497890295,0.7281228007576802,54.411764705882355,83.52941176470588,1.18163482809768,74.05857740585775,89.5397489539749,0.789382691651234,64.43768996960486,83.89057750759878,0.9973972100866421
