{
    "Angry": {
        "precision": 0.7183098591549296,
        "recall": 0.35253456221198154,
        "f1-score": 0.47295208655332305,
        "support": 434.0
    },
    "Contempt": {
        "precision": 0.0,
        "recall": 0.0,
        "f1-score": 0.0,
        "support": 0.0
    },
    "Disgust": {
        "precision": 0.3743016759776536,
        "recall": 0.6568627450980392,
        "f1-score": 0.47686832740213525,
        "support": 408.0
    },
    "Fear": {
        "precision": 0.6198347107438017,
        "recall": 0.48859934853420195,
        "f1-score": 0.546448087431694,
        "support": 307.0
    },
    "Happiness": {
        "precision": 0.8896907216494845,
        "recall": 0.7282700421940929,
        "f1-score": 0.8009280742459397,
        "support": 1185.0
    },
    "Neutral": {
        "precision": 0.74,
        "recall": 0.5441176470588235,
        "f1-score": 0.6271186440677966,
        "support": 680.0
    },
    "Sadness": {
        "precision": 0.6820809248554913,
        "recall": 0.7405857740585774,
        "f1-score": 0.7101303911735206,
        "support": 478.0
    },
    "Surprise": {
        "precision": 0.5549738219895288,
        "recall": 0.6443768996960486,
        "f1-score": 0.5963431786216596,
        "support": 329.0
    },
    "accuracy": 0.6202564773619471,
    "macro avg": {
        "precision": 0.5723989642963612,
        "recall": 0.5194183773564707,
        "f1-score": 0.5288485986870086,
        "support": 3821.0
    },
    "weighted avg": {
        "precision": 0.7120794016070632,
        "recall": 0.6202564773619471,
        "f1-score": 0.6487209433867449,
        "support": 3821.0
    },
    "overall_accuracy": 62.02564773619471,
    "per_emotion_accuracy": {
        "Angry": 35.25345622119816,
        "Contempt": NaN,
        "Disgust": 65.68627450980392,
        "Fear": 48.85993485342019,
        "Happiness": 72.82700421940929,
        "Neutral": 54.411764705882355,
        "Sadness": 74.05857740585775,
        "Surprise": 64.43768996960486
    }
}