model_folder,overall_accuracy,top2_overall_accuracy,accuracy_Angry,top2_accuracy_Angry,nll_Angry,accuracy_Contempt,top2_accuracy_Contempt,nll_Contempt,accuracy_Disgust,top2_accuracy_Disgust,nll_Disgust,accuracy_Fear,top2_accuracy_Fear,nll_Fear,accuracy_Happiness,top2_accuracy_Happiness,nll_Happiness,accuracy_Neutral,top2_accuracy_Neutral,nll_Neutral,accuracy_Sadness,top2_accuracy_Sadness,nll_Sadness,accuracy_Surprise,top2_accuracy_Surprise,nll_Surprise
Best Validation,96.1439588688946,99.48586118251929,93.61702127659575,98.93617021276596,0.2043873936409919,93.10344827586206,98.85057471264368,0.38235740822182673,94.68085106382979,98.93617021276596,0.15931400438341836,95.76271186440678,100.0,0.15381813109235573,100.0,100.0,6.761292635828772e-05,96.42857142857143,100.0,0.08777662705925693,96.49122807017544,99.12280701754386,0.17443303630015142,98.86363636363636,100.0,0.06609335082592659
