{
    "overall": {
        "accuracy": 0.9652677279305355,
        "macro avg": {
            "precision": 0.9708083323868033,
            "recall": 0.9654914572388792,
            "f1-score": 0.9680240891537167,
            "support": 691
        },
        "weighted avg": {
            "precision": 0.9709506471581404,
            "recall": 0.9652677279305355,
            "f1-score": 0.9679901003984253,
            "support": 691
        }
    },
    "Angry": {
        "precision": 0.967032967032967,
        "recall": 0.9361702127659575,
        "f1-score": 0.9513513513513513,
        "accuracy": 0.9361702127659575,
        "support": 94,
        "True Positives": 88,
        "False Positives": 3,
        "False Negatives": 6,
        "True Negatives": 594
    },
    "Disgust": {
        "precision": 0.956989247311828,
        "recall": 0.9468085106382979,
        "f1-score": 0.9518716577540107,
        "accuracy": 0.9468085106382979,
        "support": 94,
        "True Positives": 89,
        "False Positives": 4,
        "False Negatives": 5,
        "True Negatives": 593
    },
    "Fear": {
        "precision": 0.9741379310344828,
        "recall": 0.9576271186440678,
        "f1-score": 0.9658119658119658,
        "accuracy": 0.9576271186440678,
        "support": 118,
        "True Positives": 113,
        "False Positives": 3,
        "False Negatives": 5,
        "True Negatives": 570
    },
    "Happiness": {
        "precision": 0.9801980198019802,
        "recall": 1.0,
        "f1-score": 0.99,
        "accuracy": 1.0,
        "support": 99,
        "True Positives": 99,
        "False Positives": 2,
        "False Negatives": 0,
        "True Negatives": 590
    },
    "Neutral": {
        "precision": 0.9878048780487805,
        "recall": 0.9642857142857143,
        "f1-score": 0.9759036144578312,
        "accuracy": 0.9642857142857143,
        "support": 84,
        "True Positives": 81,
        "False Positives": 1,
        "False Negatives": 3,
        "True Negatives": 606
    },
    "Sadness": {
        "precision": 0.9734513274336283,
        "recall": 0.9649122807017544,
        "f1-score": 0.9691629955947135,
        "accuracy": 0.9649122807017544,
        "support": 114,
        "True Positives": 110,
        "False Positives": 3,
        "False Negatives": 4,
        "True Negatives": 574
    },
    "Surprise": {
        "precision": 0.9560439560439561,
        "recall": 0.9886363636363636,
        "f1-score": 0.9720670391061453,
        "accuracy": 0.9886363636363636,
        "support": 88,
        "True Positives": 87,
        "False Positives": 4,
        "False Negatives": 1,
        "True Negatives": 599
    }
}