{
    "overall": {
        "accuracy": 0.961439588688946,
        "macro avg": {
            "precision": 0.9609302519120131,
            "recall": 0.961184335428847,
            "f1-score": 0.960975027493326,
            "support": 778
        },
        "weighted avg": {
            "precision": 0.9614809863490621,
            "recall": 0.961439588688946,
            "f1-score": 0.96138165703812,
            "support": 778
        }
    },
    "Angry": {
        "precision": 0.9263157894736842,
        "recall": 0.9361702127659575,
        "f1-score": 0.9312169312169313,
        "accuracy": 0.9361702127659575,
        "support": 94,
        "True Positives": 88,
        "False Positives": 7,
        "False Negatives": 6,
        "True Negatives": 677
    },
    "Contempt": {
        "precision": 0.9529411764705882,
        "recall": 0.9310344827586207,
        "f1-score": 0.941860465116279,
        "accuracy": 0.9310344827586207,
        "support": 87,
        "True Positives": 81,
        "False Positives": 4,
        "False Negatives": 6,
        "True Negatives": 687
    },
    "Disgust": {
        "precision": 0.956989247311828,
        "recall": 0.9468085106382979,
        "f1-score": 0.9518716577540107,
        "accuracy": 0.9468085106382979,
        "support": 94,
        "True Positives": 89,
        "False Positives": 4,
        "False Negatives": 5,
        "True Negatives": 680
    },
    "Fear": {
        "precision": 0.9741379310344828,
        "recall": 0.9576271186440678,
        "f1-score": 0.9658119658119658,
        "accuracy": 0.9576271186440678,
        "support": 118,
        "True Positives": 113,
        "False Positives": 3,
        "False Negatives": 5,
        "True Negatives": 657
    },
    "Happiness": {
        "precision": 0.9801980198019802,
        "recall": 1.0,
        "f1-score": 0.99,
        "accuracy": 1.0,
        "support": 99,
        "True Positives": 99,
        "False Positives": 2,
        "False Negatives": 0,
        "True Negatives": 677
    },
    "Neutral": {
        "precision": 0.9759036144578314,
        "recall": 0.9642857142857143,
        "f1-score": 0.970059880239521,
        "accuracy": 0.9642857142857143,
        "support": 84,
        "True Positives": 81,
        "False Positives": 2,
        "False Negatives": 3,
        "True Negatives": 692
    },
    "Sadness": {
        "precision": 0.9649122807017544,
        "recall": 0.9649122807017544,
        "f1-score": 0.9649122807017544,
        "accuracy": 0.9649122807017544,
        "support": 114,
        "True Positives": 110,
        "False Positives": 4,
        "False Negatives": 4,
        "True Negatives": 660
    },
    "Surprise": {
        "precision": 0.9560439560439561,
        "recall": 0.9886363636363636,
        "f1-score": 0.9720670391061453,
        "accuracy": 0.9886363636363636,
        "support": 88,
        "True Positives": 87,
        "False Positives": 4,
        "False Negatives": 1,
        "True Negatives": 686
    }
}