{
    "Angry": {
        "precision": 0.967032967032967,
        "recall": 0.9361702127659575,
        "f1-score": 0.9513513513513514,
        "support": 94.0
    },
    "Disgust": {
        "precision": 0.956989247311828,
        "recall": 0.9468085106382979,
        "f1-score": 0.9518716577540107,
        "support": 94.0
    },
    "Fear": {
        "precision": 0.9741379310344828,
        "recall": 0.9576271186440678,
        "f1-score": 0.9658119658119658,
        "support": 118.0
    },
    "Happiness": {
        "precision": 0.9801980198019802,
        "recall": 1.0,
        "f1-score": 0.99,
        "support": 99.0
    },
    "Neutral": {
        "precision": 0.9878048780487805,
        "recall": 0.9642857142857143,
        "f1-score": 0.9759036144578314,
        "support": 84.0
    },
    "Sadness": {
        "precision": 0.9734513274336283,
        "recall": 0.9649122807017544,
        "f1-score": 0.9691629955947136,
        "support": 114.0
    },
    "Surprise": {
        "precision": 0.9560439560439561,
        "recall": 0.9886363636363636,
        "f1-score": 0.9720670391061452,
        "support": 88.0
    },
    "micro avg": {
        "precision": 0.9708879184861717,
        "recall": 0.9652677279305355,
        "f1-score": 0.9680696661828737,
        "support": 691.0
    },
    "macro avg": {
        "precision": 0.9708083323868033,
        "recall": 0.9654914572388792,
        "f1-score": 0.9680240891537168,
        "support": 691.0
    },
    "weighted avg": {
        "precision": 0.9709506471581404,
        "recall": 0.9652677279305355,
        "f1-score": 0.9679901003984253,
        "support": 691.0
    },
    "overall_accuracy": 96.52677279305354,
    "per_emotion_accuracy": {
        "Angry": 93.61702127659575,
        "Disgust": 94.68085106382979,
        "Fear": 95.76271186440678,
        "Happiness": 100.0,
        "Neutral": 96.42857142857143,
        "Sadness": 96.49122807017544,
        "Surprise": 98.86363636363636
    }
}