{
    "Angry": {
        "precision": 0.18449197860962566,
        "recall": 0.31797235023041476,
        "f1-score": 0.233502538071066,
        "support": 434.0
    },
    "Contempt": {
        "precision": 0.0,
        "recall": 0.0,
        "f1-score": 0.0,
        "support": 0.0
    },
    "Disgust": {
        "precision": 0.12090163934426229,
        "recall": 0.28921568627450983,
        "f1-score": 0.17052023121387283,
        "support": 408.0
    },
    "Fear": {
        "precision": 0.13176470588235295,
        "recall": 0.18241042345276873,
        "f1-score": 0.15300546448087432,
        "support": 307.0
    },
    "Happiness": {
        "precision": 0.16901408450704225,
        "recall": 0.010126582278481013,
        "f1-score": 0.01910828025477707,
        "support": 1185.0
    },
    "Neutral": {
        "precision": 0.1415929203539823,
        "recall": 0.023529411764705882,
        "f1-score": 0.0403530895334174,
        "support": 680.0
    },
    "Sadness": {
        "precision": 0.018957345971563982,
        "recall": 0.02510460251046025,
        "f1-score": 0.021602160216021602,
        "support": 478.0
    },
    "Surprise": {
        "precision": 0.045871559633027525,
        "recall": 0.030395136778115502,
        "f1-score": 0.03656307129798903,
        "support": 329.0
    },
    "accuracy": 0.09473959696414551,
    "macro avg": {
        "precision": 0.10157427928773212,
        "recall": 0.10984427416118199,
        "f1-score": 0.08433185438350228,
        "support": 3821.0
    },
    "weighted avg": {
        "precision": 0.12838717161741575,
        "recall": 0.09473959696414551,
        "f1-score": 0.07598103362435556,
        "support": 3821.0
    },
    "overall_accuracy": 9.473959696414552,
    "per_emotion_accuracy": {
        "Angry": 31.797235023041473,
        "Contempt": NaN,
        "Disgust": 28.92156862745098,
        "Fear": 18.241042345276874,
        "Happiness": 1.0126582278481013,
        "Neutral": 2.3529411764705883,
        "Sadness": 2.510460251046025,
        "Surprise": 3.0395136778115504
    }
}