model_folder,overall_accuracy,top2_overall_accuracy,accuracy_Angry,top2_accuracy_Angry,nll_Angry,accuracy_Contempt,top2_accuracy_Contempt,nll_Contempt,accuracy_Disgust,top2_accuracy_Disgust,nll_Disgust,accuracy_Fear,top2_accuracy_Fear,nll_Fear,accuracy_Happiness,top2_accuracy_Happiness,nll_Happiness,accuracy_Neutral,top2_accuracy_Neutral,nll_Neutral,accuracy_Sadness,top2_accuracy_Sadness,nll_Sadness,accuracy_Surprise,top2_accuracy_Surprise,nll_Surprise
enet_b0_100W_75M_finetuned_best,87.66066838046272,97.04370179948586,79.7872340425532,98.93617021276596,0.47551046579362866,74.71264367816092,94.25287356321839,0.6292612262112999,86.17021276595744,94.68085106382979,0.42749807559587855,84.7457627118644,97.45762711864407,0.3934591179397904,100.0,100.0,0.008693103450783474,96.42857142857143,100.0,0.16682758704215905,88.59649122807018,93.85964912280701,0.3129234954847751,90.9090909090909,97.72727272727273,0.22439771266958397
