{
    "Angry": {
        "precision": 0.7978723404255319,
        "recall": 0.7978723404255319,
        "f1-score": 0.7978723404255319,
        "support": 94.0
    },
    "Contempt": {
        "precision": 0.8333333333333334,
        "recall": 0.7471264367816092,
        "f1-score": 0.7878787878787878,
        "support": 87.0
    },
    "Disgust": {
        "precision": 0.7864077669902912,
        "recall": 0.8617021276595744,
        "f1-score": 0.8223350253807107,
        "support": 94.0
    },
    "Fear": {
        "precision": 0.9259259259259259,
        "recall": 0.847457627118644,
        "f1-score": 0.8849557522123894,
        "support": 118.0
    },
    "Happiness": {
        "precision": 0.9428571428571428,
        "recall": 1.0,
        "f1-score": 0.9705882352941176,
        "support": 99.0
    },
    "Neutral": {
        "precision": 0.9101123595505618,
        "recall": 0.9642857142857143,
        "f1-score": 0.9364161849710982,
        "support": 84.0
    },
    "Sadness": {
        "precision": 0.9181818181818182,
        "recall": 0.8859649122807017,
        "f1-score": 0.9017857142857143,
        "support": 114.0
    },
    "Surprise": {
        "precision": 0.8791208791208791,
        "recall": 0.9090909090909091,
        "f1-score": 0.8938547486033519,
        "support": 88.0
    },
    "accuracy": 0.8766066838046273,
    "macro avg": {
        "precision": 0.8742264457981855,
        "recall": 0.8766875084553356,
        "f1-score": 0.8744608486314628,
        "support": 778.0
    },
    "weighted avg": {
        "precision": 0.8772612459342103,
        "recall": 0.8766066838046273,
        "f1-score": 0.8759379303723132,
        "support": 778.0
    },
    "overall_accuracy": 87.66066838046272,
    "per_emotion_accuracy": {
        "Angry": 79.7872340425532,
        "Contempt": 74.71264367816092,
        "Disgust": 86.17021276595744,
        "Fear": 84.7457627118644,
        "Happiness": 100.0,
        "Neutral": 96.42857142857143,
        "Sadness": 88.59649122807018,
        "Surprise": 90.9090909090909
    }
}