{
    "overall": {
        "accuracy": 0.8929088277858177,
        "macro avg": {
            "precision": 0.9099080082639749,
            "recall": 0.8951962329801537,
            "f1-score": 0.9015145395908576,
            "support": 691
        },
        "weighted avg": {
            "precision": 0.9112795940675266,
            "recall": 0.8929088277858177,
            "f1-score": 0.9010277121971345,
            "support": 691
        }
    },
    "per_class": {},
    "Angry": {
        "precision": 0.9036144578313253,
        "recall": 0.7978723404255319,
        "f1-score": 0.8474576271186441,
        "accuracy": 0.7978723404255319,
        "support": 94,
        "tp": 75,
        "fp": 8,
        "fn": 19,
        "tn": 589
    },
    "Disgust": {
        "precision": 0.801980198019802,
        "recall": 0.8617021276595744,
        "f1-score": 0.8307692307692307,
        "accuracy": 0.8617021276595744,
        "support": 94,
        "tp": 81,
        "fp": 20,
        "fn": 13,
        "tn": 577
    },
    "Fear": {
        "precision": 0.9259259259259259,
        "recall": 0.847457627118644,
        "f1-score": 0.8849557522123893,
        "accuracy": 0.847457627118644,
        "support": 118,
        "tp": 100,
        "fp": 8,
        "fn": 18,
        "tn": 565
    },
    "Happiness": {
        "precision": 0.9705882352941176,
        "recall": 1.0,
        "f1-score": 0.9850746268656716,
        "accuracy": 1.0,
        "support": 99,
        "tp": 99,
        "fp": 3,
        "fn": 0,
        "tn": 589
    },
    "Neutral": {
        "precision": 0.9529411764705882,
        "recall": 0.9642857142857143,
        "f1-score": 0.9585798816568047,
        "accuracy": 0.9642857142857143,
        "support": 84,
        "tp": 81,
        "fp": 4,
        "fn": 3,
        "tn": 603
    },
    "Sadness": {
        "precision": 0.9351851851851852,
        "recall": 0.8859649122807017,
        "f1-score": 0.9099099099099098,
        "accuracy": 0.8859649122807017,
        "support": 114,
        "tp": 101,
        "fp": 7,
        "fn": 13,
        "tn": 570
    },
    "Surprise": {
        "precision": 0.8791208791208791,
        "recall": 0.9090909090909091,
        "f1-score": 0.8938547486033518,
        "accuracy": 0.9090909090909091,
        "support": 88,
        "tp": 80,
        "fp": 11,
        "fn": 8,
        "tn": 592
    }
}