model_folder,overall_accuracy,top2_overall_accuracy,accuracy_Angry,top2_accuracy_Angry,nll_Angry,accuracy_Contempt,top2_accuracy_Contempt,nll_Contempt,accuracy_Disgust,top2_accuracy_Disgust,nll_Disgust,accuracy_Fear,top2_accuracy_Fear,nll_Fear,accuracy_Happiness,top2_accuracy_Happiness,nll_Happiness,accuracy_Neutral,top2_accuracy_Neutral,nll_Neutral,accuracy_Sadness,top2_accuracy_Sadness,nll_Sadness,accuracy_Surprise,top2_accuracy_Surprise,nll_Surprise
enet_b0_100M_50W_fine_best_val,62.08226221079691,79.69151670951157,70.2127659574468,88.29787234042553,0.8219445297851208,11.494252873563218,45.97701149425287,2.245172754443925,34.04255319148936,62.765957446808514,1.7646692247387576,61.016949152542374,77.96610169491525,1.1189563630811743,100.0,100.0,0.05652735997489684,54.76190476190476,76.19047619047619,1.1518606345745779,71.05263157894737,87.71929824561404,0.6589097090289119,87.5,94.31818181818181,0.5618524512445385
