{
    "overall": {
        "accuracy": 0.6208226221079691,
        "macro avg": {
            "precision": 0.6316893313562633,
            "recall": 0.6126013218948674,
            "f1-score": 0.5972809454949801,
            "support": 778
        },
        "weighted avg": {
            "precision": 0.6494279852567808,
            "recall": 0.6208226221079691,
            "f1-score": 0.6113782428033917,
            "support": 778
        }
    },
    "Angry": {
        "precision": 0.4888888888888889,
        "recall": 0.7021276595744681,
        "f1-score": 0.5764192139737991,
        "accuracy": 0.7021276595744681,
        "support": 94,
        "True Positives": 66,
        "False Positives": 69,
        "False Negatives": 28,
        "True Negatives": 615
    },
    "Contempt": {
        "precision": 0.29411764705882354,
        "recall": 0.11494252873563218,
        "f1-score": 0.16528925619834708,
        "accuracy": 0.11494252873563218,
        "support": 87,
        "True Positives": 10,
        "False Positives": 24,
        "False Negatives": 77,
        "True Negatives": 667
    },
    "Disgust": {
        "precision": 0.7272727272727273,
        "recall": 0.3404255319148936,
        "f1-score": 0.46376811594202894,
        "accuracy": 0.3404255319148936,
        "support": 94,
        "True Positives": 32,
        "False Positives": 12,
        "False Negatives": 62,
        "True Negatives": 672
    },
    "Fear": {
        "precision": 0.8089887640449438,
        "recall": 0.6101694915254238,
        "f1-score": 0.6956521739130436,
        "accuracy": 0.6101694915254238,
        "support": 118,
        "True Positives": 72,
        "False Positives": 17,
        "False Negatives": 46,
        "True Negatives": 643
    },
    "Happiness": {
        "precision": 0.8114754098360656,
        "recall": 1.0,
        "f1-score": 0.8959276018099547,
        "accuracy": 1.0,
        "support": 99,
        "True Positives": 99,
        "False Positives": 23,
        "False Negatives": 0,
        "True Negatives": 656
    },
    "Neutral": {
        "precision": 0.2857142857142857,
        "recall": 0.5476190476190477,
        "f1-score": 0.37551020408163266,
        "accuracy": 0.5476190476190477,
        "support": 84,
        "True Positives": 46,
        "False Positives": 115,
        "False Negatives": 38,
        "True Negatives": 579
    },
    "Sadness": {
        "precision": 0.826530612244898,
        "recall": 0.7105263157894737,
        "f1-score": 0.7641509433962264,
        "accuracy": 0.7105263157894737,
        "support": 114,
        "True Positives": 81,
        "False Positives": 17,
        "False Negatives": 33,
        "True Negatives": 647
    },
    "Surprise": {
        "precision": 0.8105263157894737,
        "recall": 0.875,
        "f1-score": 0.8415300546448087,
        "accuracy": 0.875,
        "support": 88,
        "True Positives": 77,
        "False Positives": 18,
        "False Negatives": 11,
        "True Negatives": 672
    }
}