{
    "Angry": {
        "precision": 0.4888888888888889,
        "recall": 0.7021276595744681,
        "f1-score": 0.5764192139737991,
        "support": 94.0
    },
    "Contempt": {
        "precision": 0.29411764705882354,
        "recall": 0.11494252873563218,
        "f1-score": 0.1652892561983471,
        "support": 87.0
    },
    "Disgust": {
        "precision": 0.7272727272727273,
        "recall": 0.3404255319148936,
        "f1-score": 0.463768115942029,
        "support": 94.0
    },
    "Fear": {
        "precision": 0.8089887640449438,
        "recall": 0.6101694915254238,
        "f1-score": 0.6956521739130435,
        "support": 118.0
    },
    "Happiness": {
        "precision": 0.8114754098360656,
        "recall": 1.0,
        "f1-score": 0.8959276018099548,
        "support": 99.0
    },
    "Neutral": {
        "precision": 0.2857142857142857,
        "recall": 0.5476190476190477,
        "f1-score": 0.37551020408163266,
        "support": 84.0
    },
    "Sadness": {
        "precision": 0.826530612244898,
        "recall": 0.7105263157894737,
        "f1-score": 0.7641509433962265,
        "support": 114.0
    },
    "Surprise": {
        "precision": 0.8105263157894737,
        "recall": 0.875,
        "f1-score": 0.8415300546448088,
        "support": 88.0
    },
    "accuracy": 0.6208226221079691,
    "macro avg": {
        "precision": 0.6316893313562633,
        "recall": 0.6126013218948674,
        "f1-score": 0.5972809454949801,
        "support": 778.0
    },
    "weighted avg": {
        "precision": 0.6494279852567808,
        "recall": 0.6208226221079691,
        "f1-score": 0.6113782428033918,
        "support": 778.0
    },
    "overall_accuracy": 62.08226221079691,
    "per_emotion_accuracy": {
        "Angry": 70.2127659574468,
        "Contempt": 11.494252873563218,
        "Disgust": 34.04255319148936,
        "Fear": 61.016949152542374,
        "Happiness": 100.0,
        "Neutral": 54.76190476190476,
        "Sadness": 71.05263157894737,
        "Surprise": 87.5
    }
}