{
    "Angry": {
        "precision": 0.6470588235294118,
        "recall": 0.7021276595744681,
        "f1-score": 0.673469387755102,
        "support": 94.0
    },
    "Disgust": {
        "precision": 0.7441860465116279,
        "recall": 0.3404255319148936,
        "f1-score": 0.46715328467153283,
        "support": 94.0
    },
    "Fear": {
        "precision": 0.8181818181818182,
        "recall": 0.6101694915254238,
        "f1-score": 0.6990291262135923,
        "support": 118.0
    },
    "Happiness": {
        "precision": 0.8461538461538461,
        "recall": 1.0,
        "f1-score": 0.9166666666666666,
        "support": 99.0
    },
    "Neutral": {
        "precision": 0.359375,
        "recall": 0.5476190476190477,
        "f1-score": 0.4339622641509434,
        "support": 84.0
    },
    "Sadness": {
        "precision": 0.8617021276595744,
        "recall": 0.7105263157894737,
        "f1-score": 0.7788461538461539,
        "support": 114.0
    },
    "Surprise": {
        "precision": 0.8105263157894737,
        "recall": 0.875,
        "f1-score": 0.8415300546448088,
        "support": 88.0
    },
    "micro avg": {
        "precision": 0.7091454272863568,
        "recall": 0.6845151953690304,
        "f1-score": 0.6966126656848306,
        "support": 691.0
    },
    "macro avg": {
        "precision": 0.7267405682608218,
        "recall": 0.6836954352033295,
        "f1-score": 0.687236705421257,
        "support": 691.0
    },
    "weighted avg": {
        "precision": 0.7392757763259165,
        "recall": 0.6845151953690304,
        "f1-score": 0.6942835088816086,
        "support": 691.0
    },
    "overall_accuracy": 68.45151953690304,
    "per_emotion_accuracy": {
        "Angry": 70.2127659574468,
        "Disgust": 34.04255319148936,
        "Fear": 61.016949152542374,
        "Happiness": 100.0,
        "Neutral": 54.76190476190476,
        "Sadness": 71.05263157894737,
        "Surprise": 87.5
    }
}