model_folder,overall_accuracy,top2_overall_accuracy,accuracy_Angry,top2_accuracy_Angry,nll_Angry,accuracy_Contempt,top2_accuracy_Contempt,nll_Contempt,accuracy_Disgust,top2_accuracy_Disgust,nll_Disgust,accuracy_Fear,top2_accuracy_Fear,nll_Fear,accuracy_Happiness,top2_accuracy_Happiness,nll_Happiness,accuracy_Neutral,top2_accuracy_Neutral,nll_Neutral,accuracy_Sadness,top2_accuracy_Sadness,nll_Sadness,accuracy_Surprise,top2_accuracy_Surprise,nll_Surprise
5 Epoch,53.67704789322167,76.68149699031667,26.95852534562212,69.5852534562212,2.854914609897094,,,,59.31372549019608,71.81372549019608,1.8437812182151259,50.4885993485342,66.44951140065146,2.1242823557912467,68.94514767932489,89.45147679324894,0.8892837137065174,37.94117647058823,63.38235294117647,2.091672417044003,55.43933054393305,75.52301255230125,1.6101230772456996,59.878419452887535,84.80243161094225,1.2699552253602564
