{
    "Angry": {
        "precision": 0.5652173913043478,
        "recall": 0.2695852534562212,
        "f1-score": 0.36505460218408736,
        "support": 434.0
    },
    "Contempt": {
        "precision": 0.0,
        "recall": 0.0,
        "f1-score": 0.0,
        "support": 0.0
    },
    "Disgust": {
        "precision": 0.3283582089552239,
        "recall": 0.5931372549019608,
        "f1-score": 0.422707423580786,
        "support": 408.0
    },
    "Fear": {
        "precision": 0.45058139534883723,
        "recall": 0.504885993485342,
        "f1-score": 0.47619047619047616,
        "support": 307.0
    },
    "Happiness": {
        "precision": 0.8528183716075156,
        "recall": 0.6894514767932489,
        "f1-score": 0.7624825011665889,
        "support": 1185.0
    },
    "Neutral": {
        "precision": 0.589041095890411,
        "recall": 0.37941176470588234,
        "f1-score": 0.46153846153846156,
        "support": 680.0
    },
    "Sadness": {
        "precision": 0.6829896907216495,
        "recall": 0.5543933054393305,
        "f1-score": 0.6120092378752887,
        "support": 478.0
    },
    "Surprise": {
        "precision": 0.48641975308641977,
        "recall": 0.5987841945288754,
        "f1-score": 0.5367847411444142,
        "support": 329.0
    },
    "accuracy": 0.5367704789322167,
    "macro avg": {
        "precision": 0.4944282383643006,
        "recall": 0.4487061554138576,
        "f1-score": 0.45459593046001284,
        "support": 3821.0
    },
    "weighted avg": {
        "precision": 0.6320967997756287,
        "recall": 0.5367704789322167,
        "f1-score": 0.5662442595207519,
        "support": 3821.0
    }
}